metric_key,h3_id,metric_value
2022_EP_BPHIGH,8312c9fffffffff,31.8
2022_EP_BPHIGH,8312cafffffffff,33.3
2022_EP_BPHIGH,8312cbfffffffff,28.4
2022_EP_BPHIGH,8312d8fffffffff,36.6
2022_EP_BPHIGH,8312d9fffffffff,34.7
2022_EP_BPHIGH,8312dafffffffff,37.2
2022_EP_BPHIGH,8312dbfffffffff,33.1
2022_EP_BPHIGH,8312ddfffffffff,35.4
2022_EP_BPHIGH,8312defffffffff,37.7
2022_EP_BPHIGH,832600fffffffff,32.3
2022_EP_BPHIGH,832601fffffffff,32.8
2022_EP_BPHIGH,832602fffffffff,36.3
2022_EP_BPHIGH,832603fffffffff,35.0
2022_EP_BPHIGH,832604fffffffff,32.3
2022_EP_BPHIGH,832605fffffffff,31.5
2022_EP_BPHIGH,832606fffffffff,33.6
2022_EP_BPHIGH,832608fffffffff,34.8
2022_EP_BPHIGH,832609fffffffff,36.2
2022_EP_BPHIGH,83260afffffffff,32.4
2022_EP_BPHIGH,83260bfffffffff,36.1
2022_EP_BPHIGH,83260cfffffffff,35.7
2022_EP_BPHIGH,83260dfffffffff,33.1
2022_EP_BPHIGH,83260efffffffff,34.0
2022_EP_BPHIGH,832610fffffffff,36.1
2022_EP_BPHIGH,832611fffffffff,36.3
2022_EP_BPHIGH,832612fffffffff,35.3
2022_EP_BPHIGH,832613fffffffff,35.0
2022_EP_BPHIGH,832614fffffffff,33.8
2022_EP_BPHIGH,832615fffffffff,35.0
2022_EP_BPHIGH,832616fffffffff,30.8
2022_EP_BPHIGH,832618fffffffff,33.5
2022_EP_BPHIGH,832619fffffffff,37.7
2022_EP_BPHIGH,83261afffffffff,34.4
2022_EP_BPHIGH,83261bfffffffff,38.1
2022_EP_BPHIGH,83261cfffffffff,36.1
2022_EP_BPHIGH,83261dfffffffff,34.1
2022_EP_BPHIGH,83261efffffffff,34.9
2022_EP_BPHIGH,832620fffffffff,31.6
2022_EP_BPHIGH,832621fffffffff,27.7
2022_EP_BPHIGH,832622fffffffff,34.4
2022_EP_BPHIGH,832623fffffffff,31.7
2022_EP_BPHIGH,832624fffffffff,32.7
2022_EP_BPHIGH,832625fffffffff,31.9
2022_EP_BPHIGH,832626fffffffff,30.2
2022_EP_BPHIGH,832628fffffffff,33.9
2022_EP_BPHIGH,832629fffffffff,32.9
2022_EP_BPHIGH,83262afffffffff,35.6
2022_EP_BPHIGH,83262bfffffffff,34.1
2022_EP_BPHIGH,83262cfffffffff,26.7
2022_EP_BPHIGH,83262dfffffffff,30.6
2022_EP_BPHIGH,83262efffffffff,31.1
2022_EP_BPHIGH,832630fffffffff,39.0
2022_EP_BPHIGH,832631fffffffff,33.6
2022_EP_BPHIGH,832632fffffffff,36.8
2022_EP_BPHIGH,832633fffffffff,34.2
2022_EP_BPHIGH,832634fffffffff,36.9
2022_EP_BPHIGH,832635fffffffff,35.5
2022_EP_BPHIGH,832636fffffffff,35.9
2022_EP_BPHIGH,832640fffffffff,33.5
2022_EP_BPHIGH,832641fffffffff,38.1
2022_EP_BPHIGH,832642fffffffff,35.2
2022_EP_BPHIGH,832643fffffffff,36.7
2022_EP_BPHIGH,832644fffffffff,34.7
2022_EP_BPHIGH,832645fffffffff,35.2
2022_EP_BPHIGH,832646fffffffff,33.6
2022_EP_BPHIGH,832648fffffffff,41.6
2022_EP_BPHIGH,832649fffffffff,39.6
2022_EP_BPHIGH,83264afffffffff,42.0
2022_EP_BPHIGH,83264bfffffffff,41.1
2022_EP_BPHIGH,83264cfffffffff,37.0
2022_EP_BPHIGH,83264dfffffffff,35.3
2022_EP_BPHIGH,83264efffffffff,41.8
2022_EP_BPHIGH,832650fffffffff,37.5
2022_EP_BPHIGH,832651fffffffff,35.8
2022_EP_BPHIGH,832652fffffffff,36.3
2022_EP_BPHIGH,832653fffffffff,35.5
2022_EP_BPHIGH,832654fffffffff,36.5
2022_EP_BPHIGH,832655fffffffff,32.5
2022_EP_BPHIGH,832656fffffffff,31.2
2022_EP_BPHIGH,832658fffffffff,41.9
2022_EP_BPHIGH,832659fffffffff,42.2
2022_EP_BPHIGH,83265afffffffff,41.0
2022_EP_BPHIGH,83265bfffffffff,41.7
2022_EP_BPHIGH,83265cfffffffff,38.9
2022_EP_BPHIGH,83265dfffffffff,39.0
2022_EP_BPHIGH,83265efffffffff,40.0
2022_EP_BPHIGH,832660fffffffff,36.4
2022_EP_BPHIGH,832661fffffffff,34.9
2022_EP_BPHIGH,832662fffffffff,32.2
2022_EP_BPHIGH,832663fffffffff,34.8
2022_EP_BPHIGH,832664fffffffff,34.4
2022_EP_BPHIGH,832665fffffffff,36.2
2022_EP_BPHIGH,832666fffffffff,32.8
2022_EP_BPHIGH,832668fffffffff,36.8
2022_EP_BPHIGH,832669fffffffff,43.0
2022_EP_BPHIGH,83266afffffffff,38.6
2022_EP_BPHIGH,83266bfffffffff,40.7
2022_EP_BPHIGH,83266cfffffffff,35.9
2022_EP_BPHIGH,83266dfffffffff,39.1
2022_EP_BPHIGH,83266efffffffff,35.9
2022_EP_BPHIGH,832670fffffffff,34.5
2022_EP_BPHIGH,832671fffffffff,36.0
2022_EP_BPHIGH,832672fffffffff,36.4
2022_EP_BPHIGH,832673fffffffff,35.7
2022_EP_BPHIGH,832674fffffffff,31.6
2022_EP_BPHIGH,832675fffffffff,35.4
2022_EP_BPHIGH,832676fffffffff,33.0
2022_EP_BPHIGH,832680fffffffff,29.0
2022_EP_BPHIGH,832681fffffffff,26.0
2022_EP_BPHIGH,832682fffffffff,29.0
2022_EP_BPHIGH,832683fffffffff,24.2
2022_EP_BPHIGH,832684fffffffff,33.0
2022_EP_BPHIGH,832685fffffffff,32.5
2022_EP_BPHIGH,832686fffffffff,31.4
2022_EP_BPHIGH,832688fffffffff,31.4
2022_EP_BPHIGH,832689fffffffff,31.8
2022_EP_BPHIGH,83268afffffffff,33.3
2022_EP_BPHIGH,83268bfffffffff,34.7
2022_EP_BPHIGH,83268cfffffffff,26.7
2022_EP_BPHIGH,83268dfffffffff,32.9
2022_EP_BPHIGH,83268efffffffff,31.5
2022_EP_BPHIGH,832690fffffffff,28.3
2022_EP_BPHIGH,832691fffffffff,32.4
2022_EP_BPHIGH,832692fffffffff,27.8
2022_EP_BPHIGH,832693fffffffff,30.4
2022_EP_BPHIGH,832694fffffffff,29.1
2022_EP_BPHIGH,832695fffffffff,31.4
2022_EP_BPHIGH,832696fffffffff,22.9
2022_EP_BPHIGH,832698fffffffff,30.3
2022_EP_BPHIGH,832699fffffffff,30.3
2022_EP_BPHIGH,83269afffffffff,31.3
2022_EP_BPHIGH,83269bfffffffff,33.7
2022_EP_BPHIGH,83269cfffffffff,29.0
2022_EP_BPHIGH,83269dfffffffff,30.1
2022_EP_BPHIGH,83269efffffffff,30.2
2022_EP_BPHIGH,8326a0fffffffff,30.6
2022_EP_BPHIGH,8326a1fffffffff,36.1
2022_EP_BPHIGH,8326a2fffffffff,30.6
2022_EP_BPHIGH,8326a3fffffffff,34.5
2022_EP_BPHIGH,8326a4fffffffff,27.3
2022_EP_BPHIGH,8326a5fffffffff,35.4
2022_EP_BPHIGH,8326a6fffffffff,32.0
2022_EP_BPHIGH,8326a8fffffffff,31.8
2022_EP_BPHIGH,8326a9fffffffff,35.5
2022_EP_BPHIGH,8326aafffffffff,28.3
2022_EP_BPHIGH,8326abfffffffff,31.1
2022_EP_BPHIGH,8326acfffffffff,35.1
2022_EP_BPHIGH,8326adfffffffff,35.4
2022_EP_BPHIGH,8326aefffffffff,33.2
2022_EP_BPHIGH,8326b0fffffffff,30.5
2022_EP_BPHIGH,8326b1fffffffff,31.9
2022_EP_BPHIGH,8326b2fffffffff,30.4
2022_EP_BPHIGH,8326b3fffffffff,31.5
2022_EP_BPHIGH,8326b4fffffffff,33.7
2022_EP_BPHIGH,8326b5fffffffff,33.6
2022_EP_BPHIGH,8326b6fffffffff,28.4
2022_EP_BPHIGH,8326c0fffffffff,40.3
2022_EP_BPHIGH,8326c1fffffffff,37.6
2022_EP_BPHIGH,8326c2fffffffff,38.1
2022_EP_BPHIGH,8326c3fffffffff,40.1
2022_EP_BPHIGH,8326c4fffffffff,39.2
2022_EP_BPHIGH,8326c5fffffffff,38.3
2022_EP_BPHIGH,8326c6fffffffff,38.8
2022_EP_BPHIGH,8326c8fffffffff,33.4
2022_EP_BPHIGH,8326c9fffffffff,38.2
2022_EP_BPHIGH,8326cafffffffff,35.7
2022_EP_BPHIGH,8326cbfffffffff,37.0
2022_EP_BPHIGH,8326ccfffffffff,41.3
2022_EP_BPHIGH,8326cdfffffffff,41.7
2022_EP_BPHIGH,8326cefffffffff,40.1
2022_EP_BPHIGH,8326d0fffffffff,34.1
2022_EP_BPHIGH,8326d1fffffffff,37.0
2022_EP_BPHIGH,8326d2fffffffff,36.2
2022_EP_BPHIGH,8326d3fffffffff,34.7
2022_EP_BPHIGH,8326d4fffffffff,38.0
2022_EP_BPHIGH,8326d5fffffffff,35.1
2022_EP_BPHIGH,8326d6fffffffff,34.3
2022_EP_BPHIGH,8326d8fffffffff,40.1
2022_EP_BPHIGH,8326d9fffffffff,38.8
2022_EP_BPHIGH,8326dafffffffff,36.0
2022_EP_BPHIGH,8326dbfffffffff,38.1
2022_EP_BPHIGH,8326dcfffffffff,40.2
2022_EP_BPHIGH,8326ddfffffffff,38.5
2022_EP_BPHIGH,8326defffffffff,38.0
2022_EP_BPHIGH,8326e0fffffffff,37.3
2022_EP_BPHIGH,8326e1fffffffff,40.5
2022_EP_BPHIGH,8326e2fffffffff,38.0
2022_EP_BPHIGH,8326e3fffffffff,36.2
2022_EP_BPHIGH,8326e4fffffffff,35.7
2022_EP_BPHIGH,8326e5fffffffff,35.5
2022_EP_BPHIGH,8326e6fffffffff,39.9
2022_EP_BPHIGH,8326e8fffffffff,40.6
2022_EP_BPHIGH,8326e9fffffffff,40.1
2022_EP_BPHIGH,8326eafffffffff,40.9
2022_EP_BPHIGH,8326ebfffffffff,43.2
2022_EP_BPHIGH,8326ecfffffffff,38.5
2022_EP_BPHIGH,8326edfffffffff,37.6
2022_EP_BPHIGH,8326eefffffffff,40.9
2022_EP_BPHIGH,8326f0fffffffff,35.6
2022_EP_BPHIGH,8326f1fffffffff,36.8
2022_EP_BPHIGH,8326f2fffffffff,34.4
2022_EP_BPHIGH,8326f3fffffffff,34.8
2022_EP_BPHIGH,8326f4fffffffff,39.1
2022_EP_BPHIGH,8326f5fffffffff,39.2
2022_EP_BPHIGH,8326f6fffffffff,34.7
2022_EP_BPHIGH,832708fffffffff,36.1
2022_EP_BPHIGH,832709fffffffff,32.4
2022_EP_BPHIGH,83270afffffffff,32.9
2022_EP_BPHIGH,83270bfffffffff,34.5
2022_EP_BPHIGH,83270dfffffffff,35.7
2022_EP_BPHIGH,83270efffffffff,33.2
2022_EP_BPHIGH,832718fffffffff,35.1
2022_EP_BPHIGH,832719fffffffff,31.8
2022_EP_BPHIGH,83271afffffffff,38.0
2022_EP_BPHIGH,83271bfffffffff,35.9
2022_EP_BPHIGH,83271cfffffffff,35.6
2022_EP_BPHIGH,83271dfffffffff,32.3
2022_EP_BPHIGH,83271efffffffff,38.6
2022_EP_BPHIGH,832740fffffffff,37.9
2022_EP_BPHIGH,832741fffffffff,36.3
2022_EP_BPHIGH,832742fffffffff,35.5
2022_EP_BPHIGH,832743fffffffff,30.4
2022_EP_BPHIGH,832744fffffffff,39.5
2022_EP_BPHIGH,832745fffffffff,37.6
2022_EP_BPHIGH,832746fffffffff,38.3
2022_EP_BPHIGH,832748fffffffff,32.0
2022_EP_BPHIGH,832749fffffffff,33.4
2022_EP_BPHIGH,83274bfffffffff,34.2
2022_EP_BPHIGH,83274cfffffffff,36.6
2022_EP_BPHIGH,83274dfffffffff,32.8
2022_EP_BPHIGH,83274efffffffff,36.2
2022_EP_BPHIGH,832750fffffffff,36.2
2022_EP_BPHIGH,832751fffffffff,32.0
2022_EP_BPHIGH,832752fffffffff,29.0
2022_EP_BPHIGH,832753fffffffff,31.4
2022_EP_BPHIGH,832754fffffffff,34.0
2022_EP_BPHIGH,832755fffffffff,37.3
2022_EP_BPHIGH,832756fffffffff,32.6
2022_EP_BPHIGH,832758fffffffff,29.5
2022_EP_BPHIGH,832759fffffffff,30.0
2022_EP_BPHIGH,83275afffffffff,33.2
2022_EP_BPHIGH,83275bfffffffff,35.3
2022_EP_BPHIGH,83275cfffffffff,32.7
2022_EP_BPHIGH,83275dfffffffff,29.7
2022_EP_BPHIGH,83275efffffffff,33.1
2022_EP_BPHIGH,832763fffffffff,38.8
2022_EP_BPHIGH,832768fffffffff,40.1
2022_EP_BPHIGH,83276afffffffff,39.5
2022_EP_BPHIGH,83276bfffffffff,37.5
2022_EP_BPHIGH,83276efffffffff,40.3
2022_EP_BPHIGH,832770fffffffff,1.9
2022_EP_BPHIGH,832771fffffffff,37.3
2022_EP_BPHIGH,832772fffffffff,32.0
2022_EP_BPHIGH,832773fffffffff,39.7
2022_EP_BPHIGH,832780fffffffff,33.6
2022_EP_BPHIGH,832781fffffffff,34.3
2022_EP_BPHIGH,832782fffffffff,34.2
2022_EP_BPHIGH,832783fffffffff,33.4
2022_EP_BPHIGH,832784fffffffff,34.0
2022_EP_BPHIGH,832785fffffffff,34.6
2022_EP_BPHIGH,832786fffffffff,35.2
2022_EP_BPHIGH,832788fffffffff,33.1
2022_EP_BPHIGH,832789fffffffff,31.2
2022_EP_BPHIGH,83278afffffffff,34.0
2022_EP_BPHIGH,83278bfffffffff,32.9
2022_EP_BPHIGH,83278cfffffffff,35.5
2022_EP_BPHIGH,83278dfffffffff,37.8
2022_EP_BPHIGH,83278efffffffff,31.9
2022_EP_BPHIGH,832790fffffffff,32.9
2022_EP_BPHIGH,832791fffffffff,34.2
2022_EP_BPHIGH,832792fffffffff,33.2
2022_EP_BPHIGH,832793fffffffff,35.0
2022_EP_BPHIGH,832794fffffffff,33.6
2022_EP_BPHIGH,832795fffffffff,34.3
2022_EP_BPHIGH,832796fffffffff,33.1
2022_EP_BPHIGH,832798fffffffff,31.1
2022_EP_BPHIGH,832799fffffffff,31.5
2022_EP_BPHIGH,83279afffffffff,31.9
2022_EP_BPHIGH,83279bfffffffff,34.9
2022_EP_BPHIGH,83279cfffffffff,34.3
2022_EP_BPHIGH,83279dfffffffff,32.4
2022_EP_BPHIGH,83279efffffffff,31.4
2022_EP_BPHIGH,8327a3fffffffff,34.4
2022_EP_BPHIGH,8327a8fffffffff,34.3
2022_EP_BPHIGH,8327a9fffffffff,37.4
2022_EP_BPHIGH,8327aafffffffff,33.6
2022_EP_BPHIGH,8327abfffffffff,35.8
2022_EP_BPHIGH,8327acfffffffff,36.4
2022_EP_BPHIGH,8327adfffffffff,36.4
2022_EP_BPHIGH,8327aefffffffff,37.6
2022_EP_BPHIGH,8327b3fffffffff,33.6
2022_EP_BPHIGH,832800fffffffff,32.1
2022_EP_BPHIGH,832802fffffffff,34.4
2022_EP_BPHIGH,832806fffffffff,34.7
2022_EP_BPHIGH,832810fffffffff,36.4
2022_EP_BPHIGH,832811fffffffff,37.2
2022_EP_BPHIGH,832812fffffffff,35.0
2022_EP_BPHIGH,832813fffffffff,37.0
2022_EP_BPHIGH,832814fffffffff,35.6
2022_EP_BPHIGH,832815fffffffff,36.0
2022_EP_BPHIGH,832816fffffffff,32.8
2022_EP_BPHIGH,832818fffffffff,37.9
2022_EP_BPHIGH,83281afffffffff,35.5
2022_EP_BPHIGH,83281bfffffffff,35.6
2022_EP_BPHIGH,83281cfffffffff,37.7
2022_EP_BPHIGH,83281efffffffff,35.2
2022_EP_BPHIGH,832830fffffffff,29.0
2022_EP_BPHIGH,832831fffffffff,31.4
2022_EP_BPHIGH,832832fffffffff,32.0
2022_EP_BPHIGH,832833fffffffff,32.3
2022_EP_BPHIGH,832834fffffffff,27.4
2022_EP_BPHIGH,832835fffffffff,30.6
2022_EP_BPHIGH,832836fffffffff,30.6
2022_EP_BPHIGH,832880fffffffff,36.0
2022_EP_BPHIGH,832881fffffffff,36.9
2022_EP_BPHIGH,832882fffffffff,35.7
2022_EP_BPHIGH,832883fffffffff,37.0
2022_EP_BPHIGH,832884fffffffff,31.3
2022_EP_BPHIGH,832885fffffffff,31.9
2022_EP_BPHIGH,832886fffffffff,33.3
2022_EP_BPHIGH,832888fffffffff,28.9
2022_EP_BPHIGH,832889fffffffff,29.0
2022_EP_BPHIGH,83288afffffffff,33.6
2022_EP_BPHIGH,83288bfffffffff,34.7
2022_EP_BPHIGH,83288cfffffffff,33.1
2022_EP_BPHIGH,83288dfffffffff,34.6
2022_EP_BPHIGH,83288efffffffff,35.2
2022_EP_BPHIGH,832890fffffffff,32.7
2022_EP_BPHIGH,832891fffffffff,34.0
2022_EP_BPHIGH,832892fffffffff,27.8
2022_EP_BPHIGH,832893fffffffff,31.2
2022_EP_BPHIGH,832894fffffffff,30.6
2022_EP_BPHIGH,832895fffffffff,35.2
2022_EP_BPHIGH,832896fffffffff,30.9
2022_EP_BPHIGH,832898fffffffff,34.8
2022_EP_BPHIGH,832899fffffffff,36.7
2022_EP_BPHIGH,83289afffffffff,34.0
2022_EP_BPHIGH,83289bfffffffff,32.7
2022_EP_BPHIGH,83289cfffffffff,37.1
2022_EP_BPHIGH,83289dfffffffff,37.0
2022_EP_BPHIGH,83289efffffffff,33.8
2022_EP_BPHIGH,8328a0fffffffff,32.3
2022_EP_BPHIGH,8328a1fffffffff,33.2
2022_EP_BPHIGH,8328a2fffffffff,35.1
2022_EP_BPHIGH,8328a3fffffffff,31.8
2022_EP_BPHIGH,8328a4fffffffff,31.8
2022_EP_BPHIGH,8328a5fffffffff,31.2
2022_EP_BPHIGH,8328a6fffffffff,34.7
2022_EP_BPHIGH,8328a8fffffffff,36.1
2022_EP_BPHIGH,8328a9fffffffff,33.9
2022_EP_BPHIGH,8328aafffffffff,36.1
2022_EP_BPHIGH,8328abfffffffff,37.3
2022_EP_BPHIGH,8328acfffffffff,36.9
2022_EP_BPHIGH,8328adfffffffff,39.0
2022_EP_BPHIGH,8328aefffffffff,34.3
2022_EP_BPHIGH,8328b0fffffffff,30.0
2022_EP_BPHIGH,8328b1fffffffff,32.5
2022_EP_BPHIGH,8328b2fffffffff,32.1
2022_EP_BPHIGH,8328b3fffffffff,31.2
2022_EP_BPHIGH,8328b4fffffffff,29.3
2022_EP_BPHIGH,8328b5fffffffff,34.8
2022_EP_BPHIGH,8328b6fffffffff,28.2
2022_EP_BPHIGH,8328c2fffffffff,35.0
2022_EP_BPHIGH,8328c6fffffffff,36.0
2022_EP_BPHIGH,8328d0fffffffff,32.7
2022_EP_BPHIGH,8328d1fffffffff,32.5
2022_EP_BPHIGH,8328d2fffffffff,34.4
2022_EP_BPHIGH,8328d3fffffffff,31.9
2022_EP_BPHIGH,8328d4fffffffff,30.9
2022_EP_BPHIGH,8328d5fffffffff,32.3
2022_EP_BPHIGH,8328d6fffffffff,33.9
2022_EP_BPHIGH,8328defffffffff,34.7
2022_EP_BPHIGH,8328f0fffffffff,29.6
2022_EP_BPHIGH,8328f1fffffffff,34.9
2022_EP_BPHIGH,8328f2fffffffff,35.4
2022_EP_BPHIGH,8328f3fffffffff,34.6
2022_EP_BPHIGH,8328f4fffffffff,31.9
2022_EP_BPHIGH,8328f5fffffffff,33.8
2022_EP_BPHIGH,8328f6fffffffff,31.9
2022_EP_BPHIGH,832912fffffffff,20.7
2022_EP_BPHIGH,832913fffffffff,25.0
2022_EP_BPHIGH,832916fffffffff,14.7
2022_EP_BPHIGH,83291afffffffff,31.5
2022_EP_BPHIGH,832980fffffffff,23.8
2022_EP_BPHIGH,832981fffffffff,29.9
2022_EP_BPHIGH,832982fffffffff,32.7
2022_EP_BPHIGH,832983fffffffff,25.3
2022_EP_BPHIGH,832984fffffffff,31.0
2022_EP_BPHIGH,832985fffffffff,36.4
2022_EP_BPHIGH,832986fffffffff,32.2
2022_EP_BPHIGH,832988fffffffff,38.8
2022_EP_BPHIGH,832989fffffffff,30.8
2022_EP_BPHIGH,83298afffffffff,31.4
2022_EP_BPHIGH,83298bfffffffff,32.6
2022_EP_BPHIGH,83298cfffffffff,36.9
2022_EP_BPHIGH,83298dfffffffff,35.8
2022_EP_BPHIGH,83298efffffffff,35.8
2022_EP_BPHIGH,832990fffffffff,32.3
2022_EP_BPHIGH,832991fffffffff,29.0
2022_EP_BPHIGH,832992fffffffff,31.8
2022_EP_BPHIGH,832993fffffffff,31.9
2022_EP_BPHIGH,832994fffffffff,31.5
2022_EP_BPHIGH,832995fffffffff,32.9
2022_EP_BPHIGH,832996fffffffff,35.0
2022_EP_BPHIGH,832998fffffffff,34.3
2022_EP_BPHIGH,832999fffffffff,32.1
2022_EP_BPHIGH,83299afffffffff,30.2
2022_EP_BPHIGH,83299bfffffffff,31.2
2022_EP_BPHIGH,83299cfffffffff,34.2
2022_EP_BPHIGH,83299dfffffffff,32.8
2022_EP_BPHIGH,83299efffffffff,30.5
2022_EP_BPHIGH,8329a0fffffffff,29.9
2022_EP_BPHIGH,8329a1fffffffff,28.1
2022_EP_BPHIGH,8329a2fffffffff,30.2
2022_EP_BPHIGH,8329a3fffffffff,30.9
2022_EP_BPHIGH,8329a4fffffffff,29.0
2022_EP_BPHIGH,8329a5fffffffff,24.7
2022_EP_BPHIGH,8329a6fffffffff,36.0
2022_EP_BPHIGH,8329a8fffffffff,29.7
2022_EP_BPHIGH,8329a9fffffffff,29.7
2022_EP_BPHIGH,8329aafffffffff,34.3
2022_EP_BPHIGH,8329abfffffffff,32.9
2022_EP_BPHIGH,8329acfffffffff,31.1
2022_EP_BPHIGH,8329adfffffffff,30.9
2022_EP_BPHIGH,8329aefffffffff,37.7
2022_EP_BPHIGH,8329b0fffffffff,37.9
2022_EP_BPHIGH,8329b1fffffffff,39.3
2022_EP_BPHIGH,8329b2fffffffff,33.0
2022_EP_BPHIGH,8329b3fffffffff,36.8
2022_EP_BPHIGH,8329b4fffffffff,38.0
2022_EP_BPHIGH,8329b5fffffffff,37.8
2022_EP_BPHIGH,8329b6fffffffff,36.2
2022_EP_BPHIGH,832a06fffffffff,29.9
2022_EP_BPHIGH,832a10fffffffff,28.1
2022_EP_BPHIGH,832a12fffffffff,31.2
2022_EP_BPHIGH,832a13fffffffff,33.1
2022_EP_BPHIGH,832a14fffffffff,30.8
2022_EP_BPHIGH,832a15fffffffff,30.2
2022_EP_BPHIGH,832a16fffffffff,33.3
2022_EP_BPHIGH,832a30fffffffff,28.4
2022_EP_BPHIGH,832a31fffffffff,31.4
2022_EP_BPHIGH,832a32fffffffff,30.2
2022_EP_BPHIGH,832a33fffffffff,29.9
2022_EP_BPHIGH,832a34fffffffff,30.4
2022_EP_BPHIGH,832a36fffffffff,31.4
2022_EP_BPHIGH,832a80fffffffff,39.4
2022_EP_BPHIGH,832a81fffffffff,41.4
2022_EP_BPHIGH,832a82fffffffff,38.2
2022_EP_BPHIGH,832a83fffffffff,44.5
2022_EP_BPHIGH,832a84fffffffff,33.4
2022_EP_BPHIGH,832a85fffffffff,37.4
2022_EP_BPHIGH,832a86fffffffff,35.5
2022_EP_BPHIGH,832a88fffffffff,39.7
2022_EP_BPHIGH,832a89fffffffff,40.1
2022_EP_BPHIGH,832a8afffffffff,36.5
2022_EP_BPHIGH,832a8bfffffffff,35.8
2022_EP_BPHIGH,832a8cfffffffff,35.6
2022_EP_BPHIGH,832a8dfffffffff,38.1
2022_EP_BPHIGH,832a8efffffffff,39.9
2022_EP_BPHIGH,832a90fffffffff,33.2
2022_EP_BPHIGH,832a91fffffffff,35.4
2022_EP_BPHIGH,832a92fffffffff,36.4
2022_EP_BPHIGH,832a93fffffffff,34.0
2022_EP_BPHIGH,832a94fffffffff,33.6
2022_EP_BPHIGH,832a95fffffffff,33.4
2022_EP_BPHIGH,832a96fffffffff,34.8
2022_EP_BPHIGH,832a98fffffffff,43.9
2022_EP_BPHIGH,832a99fffffffff,38.6
2022_EP_BPHIGH,832a9afffffffff,43.4
2022_EP_BPHIGH,832a9bfffffffff,42.0
2022_EP_BPHIGH,832a9cfffffffff,41.6
2022_EP_BPHIGH,832a9dfffffffff,45.3
2022_EP_BPHIGH,832a9efffffffff,41.6
2022_EP_BPHIGH,832aa0fffffffff,35.3
2022_EP_BPHIGH,832aa1fffffffff,32.6
2022_EP_BPHIGH,832aa2fffffffff,35.0
2022_EP_BPHIGH,832aa3fffffffff,33.4
2022_EP_BPHIGH,832aa4fffffffff,31.7
2022_EP_BPHIGH,832aa5fffffffff,33.6
2022_EP_BPHIGH,832aa6fffffffff,32.9
2022_EP_BPHIGH,832aa8fffffffff,33.0
2022_EP_BPHIGH,832aa9fffffffff,36.7
2022_EP_BPHIGH,832aaafffffffff,31.7
2022_EP_BPHIGH,832aabfffffffff,35.6
2022_EP_BPHIGH,832aacfffffffff,31.0
2022_EP_BPHIGH,832aadfffffffff,35.6
2022_EP_BPHIGH,832aaefffffffff,32.0
2022_EP_BPHIGH,832ab1fffffffff,34.0
2022_EP_BPHIGH,832ab2fffffffff,33.0
2022_EP_BPHIGH,832ab3fffffffff,33.3
2022_EP_BPHIGH,832ab5fffffffff,33.3
2022_EP_BPHIGH,832ab6fffffffff,34.2
2022_EP_BPHIGH,832ad0fffffffff,39.6
2022_EP_BPHIGH,832ad2fffffffff,42.8
2022_EP_BPHIGH,832ad3fffffffff,39.6
2022_EP_BPHIGH,832ad4fffffffff,39.1
2022_EP_BPHIGH,832ad5fffffffff,33.7
2022_EP_BPHIGH,832ad6fffffffff,33.5
2022_EP_BPHIGH,832af0fffffffff,33.0
2022_EP_BPHIGH,832af2fffffffff,43.6
2022_EP_BPHIGH,832af3fffffffff,41.5
2022_EP_BPHIGH,832af6fffffffff,36.7
2022_EP_BPHIGH,832b10fffffffff,40.4
2022_EP_BPHIGH,832b11fffffffff,38.1
2022_EP_BPHIGH,832b12fffffffff,42.2
2022_EP_BPHIGH,832b13fffffffff,41.7
2022_EP_BPHIGH,832b18fffffffff,36.7
2022_EP_BPHIGH,832b1afffffffff,33.5
2022_EP_BPHIGH,832b1bfffffffff,33.0
2022_EP_BPHIGH,832b1efffffffff,39.4
2022_EP_BPHIGH,832b81fffffffff,34.3
2022_EP_BPHIGH,832b88fffffffff,35.6
2022_EP_BPHIGH,832b89fffffffff,32.0
2022_EP_BPHIGH,832b8afffffffff,31.2
2022_EP_BPHIGH,832b8bfffffffff,32.8
2022_EP_BPHIGH,832b8cfffffffff,32.3
2022_EP_BPHIGH,832b8dfffffffff,31.4
2022_EP_BPHIGH,832b8efffffffff,32.0
2022_EP_BPHIGH,832b99fffffffff,30.6
2022_EP_BPHIGH,832b9bfffffffff,31.0
2022_EP_BPHIGH,832ba8fffffffff,36.4
2022_EP_BPHIGH,832ba9fffffffff,34.0
2022_EP_BPHIGH,832babfffffffff,30.1
2022_EP_BPHIGH,832bacfffffffff,43.5
2022_EP_BPHIGH,832badfffffffff,41.7
2022_EP_BPHIGH,834412fffffffff,21.3
2022_EP_BPHIGH,834413fffffffff,34.6
2022_EP_BPHIGH,834414fffffffff,28.2
2022_EP_BPHIGH,834416fffffffff,33.9
2022_EP_BPHIGH,83441afffffffff,34.9
2022_EP_BPHIGH,83441bfffffffff,41.7
2022_EP_BPHIGH,83441efffffffff,36.9
2022_EP_BPHIGH,834440fffffffff,42.2
2022_EP_BPHIGH,834441fffffffff,40.3
2022_EP_BPHIGH,834442fffffffff,43.3
2022_EP_BPHIGH,834443fffffffff,45.9
2022_EP_BPHIGH,834444fffffffff,39.1
2022_EP_BPHIGH,834445fffffffff,37.4
2022_EP_BPHIGH,834446fffffffff,35.3
2022_EP_BPHIGH,834448fffffffff,43.4
2022_EP_BPHIGH,834449fffffffff,42.2
2022_EP_BPHIGH,83444afffffffff,43.2
2022_EP_BPHIGH,83444bfffffffff,40.5
2022_EP_BPHIGH,83444cfffffffff,42.0
2022_EP_BPHIGH,83444dfffffffff,40.4
2022_EP_BPHIGH,83444efffffffff,42.2
2022_EP_BPHIGH,834450fffffffff,38.3
2022_EP_BPHIGH,834451fffffffff,40.5
2022_EP_BPHIGH,834452fffffffff,39.5
2022_EP_BPHIGH,834453fffffffff,48.6
2022_EP_BPHIGH,834455fffffffff,37.7
2022_EP_BPHIGH,834456fffffffff,35.8
2022_EP_BPHIGH,834458fffffffff,45.4
2022_EP_BPHIGH,834459fffffffff,47.3
2022_EP_BPHIGH,83445afffffffff,43.7
2022_EP_BPHIGH,83445bfffffffff,40.8
2022_EP_BPHIGH,83445cfffffffff,41.6
2022_EP_BPHIGH,83445dfffffffff,45.5
2022_EP_BPHIGH,83445efffffffff,44.8
2022_EP_BPHIGH,834463fffffffff,36.6
2022_EP_BPHIGH,834468fffffffff,39.8
2022_EP_BPHIGH,834469fffffffff,40.8
2022_EP_BPHIGH,83446afffffffff,40.5
2022_EP_BPHIGH,83446bfffffffff,39.5
2022_EP_BPHIGH,83446cfffffffff,32.9
2022_EP_BPHIGH,83446dfffffffff,36.3
2022_EP_BPHIGH,83446efffffffff,37.1
2022_EP_BPHIGH,834471fffffffff,37.6
2022_EP_BPHIGH,834473fffffffff,44.7
2022_EP_BPHIGH,8344a1fffffffff,22.4
2022_EP_BPHIGH,8344a5fffffffff,28.6
2022_EP_BPHIGH,8344a8fffffffff,36.2
2022_EP_BPHIGH,8344a9fffffffff,33.4
2022_EP_BPHIGH,8344abfffffffff,31.2
2022_EP_BPHIGH,8344acfffffffff,25.2
2022_EP_BPHIGH,8344adfffffffff,37.6
2022_EP_BPHIGH,8344aefffffffff,32.0
2022_EP_BPHIGH,8344c0fffffffff,39.3
2022_EP_BPHIGH,8344c1fffffffff,32.3
2022_EP_BPHIGH,8344c2fffffffff,37.2
2022_EP_BPHIGH,8344c3fffffffff,40.2
2022_EP_BPHIGH,8344c4fffffffff,38.2
2022_EP_BPHIGH,8344c5fffffffff,38.2
2022_EP_BPHIGH,8344c6fffffffff,36.4
2022_EP_BPHIGH,8344c8fffffffff,40.1
2022_EP_BPHIGH,8344c9fffffffff,41.7
2022_EP_BPHIGH,8344cafffffffff,31.8
2022_EP_BPHIGH,8344cbfffffffff,42.1
2022_EP_BPHIGH,8344ccfffffffff,33.0
2022_EP_BPHIGH,8344cdfffffffff,39.6
2022_EP_BPHIGH,8344cefffffffff,36.0
2022_EP_BPHIGH,8344d0fffffffff,39.1
2022_EP_BPHIGH,8344d1fffffffff,43.7
2022_EP_BPHIGH,8344d2fffffffff,43.4
2022_EP_BPHIGH,8344d3fffffffff,44.8
2022_EP_BPHIGH,8344d5fffffffff,34.0
2022_EP_BPHIGH,8344d8fffffffff,36.6
2022_EP_BPHIGH,8344d9fffffffff,38.0
2022_EP_BPHIGH,8344dafffffffff,36.8
2022_EP_BPHIGH,8344dbfffffffff,36.3
2022_EP_BPHIGH,8344dcfffffffff,40.7
2022_EP_BPHIGH,8344ddfffffffff,36.7
2022_EP_BPHIGH,8344defffffffff,40.9
2022_EP_BPHIGH,8344e0fffffffff,38.8
2022_EP_BPHIGH,8344e1fffffffff,41.9
2022_EP_BPHIGH,8344e2fffffffff,37.4
2022_EP_BPHIGH,8344e3fffffffff,42.5
2022_EP_BPHIGH,8344e4fffffffff,38.3
2022_EP_BPHIGH,8344e5fffffffff,34.5
2022_EP_BPHIGH,8344e6fffffffff,36.4
2022_EP_BPHIGH,8344e8fffffffff,41.8
2022_EP_BPHIGH,8344e9fffffffff,41.4
2022_EP_BPHIGH,8344eafffffffff,38.1
2022_EP_BPHIGH,8344ebfffffffff,39.9
2022_EP_BPHIGH,8344ecfffffffff,48.8
2022_EP_BPHIGH,8344edfffffffff,47.9
2022_EP_BPHIGH,8344eefffffffff,45.9
2022_EP_BPHIGH,8344f0fffffffff,34.5
2022_EP_BPHIGH,8344f1fffffffff,36.8
2022_EP_BPHIGH,8344f3fffffffff,34.9
2022_EP_BPHIGH,8344f4fffffffff,42.1
2022_EP_BPHIGH,8344f5fffffffff,39.0
2022_EP_BPHIGH,8344f6fffffffff,38.1
2022_EP_BPHIGH,834859fffffffff,31.5
2022_EP_BPHIGH,83485afffffffff,14.2
2022_EP_BPHIGH,83485bfffffffff,35.9
2022_EP_BPHIGH,834880fffffffff,36.5
2022_EP_BPHIGH,834881fffffffff,34.2
2022_EP_BPHIGH,834882fffffffff,36.1
2022_EP_BPHIGH,834883fffffffff,37.7
2022_EP_BPHIGH,834886fffffffff,39.0
2022_EP_BPHIGH,834888fffffffff,37.7
2022_EP_BPHIGH,834889fffffffff,34.0
2022_EP_BPHIGH,83488afffffffff,35.2
2022_EP_BPHIGH,83488bfffffffff,34.5
2022_EP_BPHIGH,83488cfffffffff,40.4
2022_EP_BPHIGH,83488dfffffffff,38.4
2022_EP_BPHIGH,83488efffffffff,38.7
2022_EP_BPHIGH,834890fffffffff,39.7
2022_EP_BPHIGH,834891fffffffff,38.3
2022_EP_BPHIGH,834892fffffffff,39.9
2022_EP_BPHIGH,834893fffffffff,37.5
2022_EP_BPHIGH,834895fffffffff,36.3
2022_EP_BPHIGH,834898fffffffff,37.5
2022_EP_BPHIGH,834899fffffffff,40.1
2022_EP_BPHIGH,83489afffffffff,35.5
2022_EP_BPHIGH,83489bfffffffff,38.7
2022_EP_BPHIGH,83489cfffffffff,34.3
2022_EP_BPHIGH,83489dfffffffff,42.5
2022_EP_BPHIGH,83489efffffffff,35.9
2022_EP_BPHIGH,8348abfffffffff,39.2
2022_EP_BPHIGH,8348b1fffffffff,35.3
2022_EP_BPHIGH,8348b2fffffffff,32.9
2022_EP_BPHIGH,8348b3fffffffff,38.0
2022_EP_BPHIGH,8348c0fffffffff,37.4
2022_EP_BPHIGH,8348c1fffffffff,36.6
2022_EP_BPHIGH,8348c2fffffffff,33.1
2022_EP_BPHIGH,8348c3fffffffff,38.1
2022_EP_BPHIGH,8348c4fffffffff,36.2
2022_EP_BPHIGH,8348c5fffffffff,35.8
2022_EP_BPHIGH,8348c6fffffffff,28.4
2022_EP_BPHIGH,8348c8fffffffff,33.9
2022_EP_BPHIGH,8348c9fffffffff,34.6
2022_EP_BPHIGH,8348cafffffffff,33.3
2022_EP_BPHIGH,8348cbfffffffff,36.1
2022_EP_BPHIGH,8348ccfffffffff,34.1
2022_EP_BPHIGH,8348cdfffffffff,35.4
2022_EP_BPHIGH,8348cefffffffff,35.9
2022_EP_BPHIGH,8348d0fffffffff,33.0
2022_EP_BPHIGH,8348d1fffffffff,36.4
2022_EP_BPHIGH,8348d2fffffffff,35.3
2022_EP_BPHIGH,8348d3fffffffff,34.3
2022_EP_BPHIGH,8348d4fffffffff,35.3
2022_EP_BPHIGH,8348d5fffffffff,32.7
2022_EP_BPHIGH,8348d6fffffffff,31.7
2022_EP_BPHIGH,8348d8fffffffff,30.4
2022_EP_BPHIGH,8348d9fffffffff,33.8
2022_EP_BPHIGH,8348dafffffffff,36.3
2022_EP_BPHIGH,8348dbfffffffff,32.1
2022_EP_BPHIGH,8348dcfffffffff,34.7
2022_EP_BPHIGH,8348ddfffffffff,34.1
2022_EP_BPHIGH,8348defffffffff,34.3
2022_EP_BPHIGH,8348e3fffffffff,34.4
2022_EP_BPHIGH,8348e8fffffffff,33.3
2022_EP_BPHIGH,8348e9fffffffff,26.8
2022_EP_BPHIGH,8348eafffffffff,32.6
2022_EP_BPHIGH,8348ebfffffffff,37.3
2022_EP_BPHIGH,8348ecfffffffff,31.4
2022_EP_BPHIGH,8348edfffffffff,38.4
2022_EP_BPHIGH,8348eefffffffff,36.6
2022_EP_BPHIGH,8348f2fffffffff,40.8
2022_EP_BPHIGH,8348f3fffffffff,40.9
2022_EP_BPHIGH,8348f6fffffffff,40.9
2022_E_OZONE,8312c9fffffffff,0.0
2022_E_OZONE,8312cafffffffff,0.0
2022_E_OZONE,8312cbfffffffff,0.0
2022_E_OZONE,8312d8fffffffff,0.13
2022_E_OZONE,8312d9fffffffff,0.0
2022_E_OZONE,8312dafffffffff,0.44
2022_E_OZONE,8312dbfffffffff,0.0
2022_E_OZONE,8312ddfffffffff,0.0
2022_E_OZONE,8312defffffffff,1.15
2022_E_OZONE,832600fffffffff,0.02
2022_E_OZONE,832601fffffffff,0.02
2022_E_OZONE,832602fffffffff,0.0
2022_E_OZONE,832603fffffffff,0.0
2022_E_OZONE,832604fffffffff,0.06
2022_E_OZONE,832605fffffffff,0.36
2022_E_OZONE,832606fffffffff,0.0
2022_E_OZONE,832608fffffffff,0.14
2022_E_OZONE,832609fffffffff,0.03
2022_E_OZONE,83260afffffffff,0.0
2022_E_OZONE,83260bfffffffff,0.0
2022_E_OZONE,83260cfffffffff,0.14
2022_E_OZONE,83260dfffffffff,0.0
2022_E_OZONE,83260efffffffff,0.1
2022_E_OZONE,832610fffffffff,0.0
2022_E_OZONE,832611fffffffff,0.0
2022_E_OZONE,832612fffffffff,0.0
2022_E_OZONE,832613fffffffff,0.0
2022_E_OZONE,832614fffffffff,0.0
2022_E_OZONE,832615fffffffff,0.0
2022_E_OZONE,832616fffffffff,0.0
2022_E_OZONE,832618fffffffff,0.0
2022_E_OZONE,832619fffffffff,0.0
2022_E_OZONE,83261afffffffff,0.0
2022_E_OZONE,83261bfffffffff,0.0
2022_E_OZONE,83261cfffffffff,0.0
2022_E_OZONE,83261dfffffffff,0.0
2022_E_OZONE,83261efffffffff,0.0
2022_E_OZONE,832620fffffffff,0.0
2022_E_OZONE,832621fffffffff,0.02
2022_E_OZONE,832622fffffffff,0.0
2022_E_OZONE,832623fffffffff,0.01
2022_E_OZONE,832624fffffffff,0.0
2022_E_OZONE,832625fffffffff,0.0
2022_E_OZONE,832626fffffffff,0.0
2022_E_OZONE,832628fffffffff,0.0
2022_E_OZONE,832629fffffffff,0.0
2022_E_OZONE,83262afffffffff,0.02
2022_E_OZONE,83262bfffffffff,0.0
2022_E_OZONE,83262cfffffffff,0.0
2022_E_OZONE,83262dfffffffff,0.0
2022_E_OZONE,83262efffffffff,0.01
2022_E_OZONE,832630fffffffff,0.0
2022_E_OZONE,832631fffffffff,0.0
2022_E_OZONE,832632fffffffff,0.0
2022_E_OZONE,832633fffffffff,0.0
2022_E_OZONE,832634fffffffff,0.02
2022_E_OZONE,832635fffffffff,0.0
2022_E_OZONE,832636fffffffff,0.0
2022_E_OZONE,832640fffffffff,0.64
2022_E_OZONE,832641fffffffff,0.41
2022_E_OZONE,832642fffffffff,0.38
2022_E_OZONE,832643fffffffff,0.18
2022_E_OZONE,832644fffffffff,0.42
2022_E_OZONE,832645fffffffff,0.08
2022_E_OZONE,832646fffffffff,0.77
2022_E_OZONE,832648fffffffff,0.0
2022_E_OZONE,832649fffffffff,0.15
2022_E_OZONE,83264afffffffff,0.09
2022_E_OZONE,83264bfffffffff,0.05
2022_E_OZONE,83264cfffffffff,0.07
2022_E_OZONE,83264dfffffffff,0.19
2022_E_OZONE,83264efffffffff,0.06
2022_E_OZONE,832650fffffffff,0.0
2022_E_OZONE,832651fffffffff,0.0
2022_E_OZONE,832652fffffffff,0.0
2022_E_OZONE,832653fffffffff,0.0
2022_E_OZONE,832654fffffffff,0.01
2022_E_OZONE,832655fffffffff,0.11
2022_E_OZONE,832656fffffffff,0.11
2022_E_OZONE,832658fffffffff,0.14
2022_E_OZONE,832659fffffffff,0.41
2022_E_OZONE,83265afffffffff,0.09
2022_E_OZONE,83265bfffffffff,0.03
2022_E_OZONE,83265cfffffffff,0.02
2022_E_OZONE,83265dfffffffff,0.42
2022_E_OZONE,83265efffffffff,0.0
2022_E_OZONE,832660fffffffff,0.23
2022_E_OZONE,832661fffffffff,0.26
2022_E_OZONE,832662fffffffff,0.08
2022_E_OZONE,832663fffffffff,0.1
2022_E_OZONE,832664fffffffff,1.07
2022_E_OZONE,832665fffffffff,0.69
2022_E_OZONE,832666fffffffff,0.49
2022_E_OZONE,832668fffffffff,1.11
2022_E_OZONE,832669fffffffff,0.01
2022_E_OZONE,83266afffffffff,0.89
2022_E_OZONE,83266bfffffffff,0.03
2022_E_OZONE,83266cfffffffff,0.78
2022_E_OZONE,83266dfffffffff,1.1
2022_E_OZONE,83266efffffffff,0.99
2022_E_OZONE,832670fffffffff,0.0
2022_E_OZONE,832671fffffffff,0.08
2022_E_OZONE,832672fffffffff,0.0
2022_E_OZONE,832673fffffffff,0.0
2022_E_OZONE,832674fffffffff,0.07
2022_E_OZONE,832675fffffffff,0.14
2022_E_OZONE,832676fffffffff,0.0
2022_E_OZONE,832680fffffffff,0.08
2022_E_OZONE,832681fffffffff,1.68
2022_E_OZONE,832682fffffffff,0.06
2022_E_OZONE,832683fffffffff,0.06
2022_E_OZONE,832684fffffffff,0.0
2022_E_OZONE,832685fffffffff,0.4
2022_E_OZONE,832686fffffffff,0.0
2022_E_OZONE,832688fffffffff,0.01
2022_E_OZONE,832689fffffffff,0.0
2022_E_OZONE,83268afffffffff,0.03
2022_E_OZONE,83268bfffffffff,0.0
2022_E_OZONE,83268cfffffffff,0.91
2022_E_OZONE,83268dfffffffff,0.13
2022_E_OZONE,83268efffffffff,0.12
2022_E_OZONE,832690fffffffff,1.01
2022_E_OZONE,832691fffffffff,1.04
2022_E_OZONE,832692fffffffff,0.41
2022_E_OZONE,832693fffffffff,0.11
2022_E_OZONE,832694fffffffff,0.44
2022_E_OZONE,832695fffffffff,0.88
2022_E_OZONE,832696fffffffff,3.6
2022_E_OZONE,832698fffffffff,0.1
2022_E_OZONE,832699fffffffff,0.5
2022_E_OZONE,83269afffffffff,0.0
2022_E_OZONE,83269bfffffffff,0.09
2022_E_OZONE,83269cfffffffff,0.14
2022_E_OZONE,83269dfffffffff,0.22
2022_E_OZONE,83269efffffffff,0.01
2022_E_OZONE,8326a0fffffffff,0.0
2022_E_OZONE,8326a1fffffffff,0.01
2022_E_OZONE,8326a2fffffffff,0.0
2022_E_OZONE,8326a3fffffffff,0.0
2022_E_OZONE,8326a4fffffffff,0.0
2022_E_OZONE,8326a5fffffffff,0.0
2022_E_OZONE,8326a6fffffffff,0.0
2022_E_OZONE,8326a8fffffffff,0.27
2022_E_OZONE,8326a9fffffffff,0.0
2022_E_OZONE,8326aafffffffff,1.08
2022_E_OZONE,8326abfffffffff,0.24
2022_E_OZONE,8326acfffffffff,0.05
2022_E_OZONE,8326adfffffffff,0.0
2022_E_OZONE,8326aefffffffff,0.3
2022_E_OZONE,8326b0fffffffff,0.0
2022_E_OZONE,8326b1fffffffff,0.0
2022_E_OZONE,8326b2fffffffff,0.02
2022_E_OZONE,8326b3fffffffff,0.0
2022_E_OZONE,8326b4fffffffff,0.0
2022_E_OZONE,8326b5fffffffff,0.0
2022_E_OZONE,8326b6fffffffff,0.0
2022_E_OZONE,8326c0fffffffff,0.0
2022_E_OZONE,8326c1fffffffff,0.06
2022_E_OZONE,8326c2fffffffff,0.0
2022_E_OZONE,8326c3fffffffff,0.0
2022_E_OZONE,8326c4fffffffff,0.0
2022_E_OZONE,8326c5fffffffff,0.13
2022_E_OZONE,8326c6fffffffff,0.0
2022_E_OZONE,8326c8fffffffff,3.73
2022_E_OZONE,8326c9fffffffff,0.06
2022_E_OZONE,8326cafffffffff,2.57
2022_E_OZONE,8326cbfffffffff,1.03
2022_E_OZONE,8326ccfffffffff,0.54
2022_E_OZONE,8326cdfffffffff,0.02
2022_E_OZONE,8326cefffffffff,1.11
2022_E_OZONE,8326d0fffffffff,0.0
2022_E_OZONE,8326d1fffffffff,0.0
2022_E_OZONE,8326d2fffffffff,0.0
2022_E_OZONE,8326d3fffffffff,0.0
2022_E_OZONE,8326d4fffffffff,0.0
2022_E_OZONE,8326d5fffffffff,0.0
2022_E_OZONE,8326d6fffffffff,0.0
2022_E_OZONE,8326d8fffffffff,0.0
2022_E_OZONE,8326d9fffffffff,0.03
2022_E_OZONE,8326dafffffffff,0.0
2022_E_OZONE,8326dbfffffffff,0.0
2022_E_OZONE,8326dcfffffffff,0.0
2022_E_OZONE,8326ddfffffffff,0.01
2022_E_OZONE,8326defffffffff,0.0
2022_E_OZONE,8326e0fffffffff,0.03
2022_E_OZONE,8326e1fffffffff,0.03
2022_E_OZONE,8326e2fffffffff,0.03
2022_E_OZONE,8326e3fffffffff,0.34
2022_E_OZONE,8326e4fffffffff,0.0
2022_E_OZONE,8326e5fffffffff,0.0
2022_E_OZONE,8326e6fffffffff,0.0
2022_E_OZONE,8326e8fffffffff,0.14
2022_E_OZONE,8326e9fffffffff,0.0
2022_E_OZONE,8326eafffffffff,0.17
2022_E_OZONE,8326ebfffffffff,0.03
2022_E_OZONE,8326ecfffffffff,0.01
2022_E_OZONE,8326edfffffffff,0.0
2022_E_OZONE,8326eefffffffff,0.06
2022_E_OZONE,8326f0fffffffff,0.0
2022_E_OZONE,8326f1fffffffff,0.0
2022_E_OZONE,8326f2fffffffff,0.0
2022_E_OZONE,8326f3fffffffff,0.0
2022_E_OZONE,8326f4fffffffff,0.0
2022_E_OZONE,8326f5fffffffff,0.0
2022_E_OZONE,8326f6fffffffff,0.0
2022_E_OZONE,832708fffffffff,0.0
2022_E_OZONE,832709fffffffff,0.0
2022_E_OZONE,83270afffffffff,0.0
2022_E_OZONE,83270bfffffffff,0.0
2022_E_OZONE,83270dfffffffff,0.0
2022_E_OZONE,83270efffffffff,0.0
2022_E_OZONE,832718fffffffff,0.0
2022_E_OZONE,832719fffffffff,0.0
2022_E_OZONE,83271afffffffff,0.28
2022_E_OZONE,83271bfffffffff,0.03
2022_E_OZONE,83271cfffffffff,0.0
2022_E_OZONE,83271dfffffffff,0.0
2022_E_OZONE,83271efffffffff,0.2
2022_E_OZONE,832740fffffffff,1.77
2022_E_OZONE,832741fffffffff,1.92
2022_E_OZONE,832742fffffffff,0.15
2022_E_OZONE,832743fffffffff,1.48
2022_E_OZONE,832744fffffffff,1.85
2022_E_OZONE,832745fffffffff,2.31
2022_E_OZONE,832746fffffffff,0.12
2022_E_OZONE,832748fffffffff,1.99
2022_E_OZONE,832749fffffffff,1.0
2022_E_OZONE,83274bfffffffff,1.85
2022_E_OZONE,83274cfffffffff,1.23
2022_E_OZONE,83274dfffffffff,1.95
2022_E_OZONE,83274efffffffff,2.36
2022_E_OZONE,832750fffffffff,0.0
2022_E_OZONE,832751fffffffff,0.0
2022_E_OZONE,832752fffffffff,0.02
2022_E_OZONE,832753fffffffff,0.0
2022_E_OZONE,832754fffffffff,0.0
2022_E_OZONE,832755fffffffff,0.0
2022_E_OZONE,832756fffffffff,0.0
2022_E_OZONE,832758fffffffff,0.51
2022_E_OZONE,832759fffffffff,1.95
2022_E_OZONE,83275afffffffff,0.0
2022_E_OZONE,83275bfffffffff,0.37
2022_E_OZONE,83275cfffffffff,0.27
2022_E_OZONE,83275dfffffffff,1.23
2022_E_OZONE,83275efffffffff,0.0
2022_E_OZONE,832763fffffffff,0.76
2022_E_OZONE,832768fffffffff,0.03
2022_E_OZONE,83276afffffffff,0.71
2022_E_OZONE,83276bfffffffff,0.87
2022_E_OZONE,83276efffffffff,0.74
2022_E_OZONE,832770fffffffff,0.0
2022_E_OZONE,832771fffffffff,0.08
2022_E_OZONE,832772fffffffff,0.0
2022_E_OZONE,832773fffffffff,0.0
2022_E_OZONE,832780fffffffff,0.26
2022_E_OZONE,832781fffffffff,0.0
2022_E_OZONE,832782fffffffff,0.01
2022_E_OZONE,832783fffffffff,0.0
2022_E_OZONE,832784fffffffff,0.39
2022_E_OZONE,832785fffffffff,0.28
2022_E_OZONE,832786fffffffff,0.04
2022_E_OZONE,832788fffffffff,0.0
2022_E_OZONE,832789fffffffff,0.0
2022_E_OZONE,83278afffffffff,0.0
2022_E_OZONE,83278bfffffffff,0.0
2022_E_OZONE,83278cfffffffff,0.0
2022_E_OZONE,83278dfffffffff,0.0
2022_E_OZONE,83278efffffffff,0.0
2022_E_OZONE,832790fffffffff,0.0
2022_E_OZONE,832791fffffffff,0.0
2022_E_OZONE,832792fffffffff,0.0
2022_E_OZONE,832793fffffffff,0.0
2022_E_OZONE,832794fffffffff,0.0
2022_E_OZONE,832795fffffffff,0.0
2022_E_OZONE,832796fffffffff,0.0
2022_E_OZONE,832798fffffffff,0.0
2022_E_OZONE,832799fffffffff,0.0
2022_E_OZONE,83279afffffffff,0.0
2022_E_OZONE,83279bfffffffff,0.0
2022_E_OZONE,83279cfffffffff,0.0
2022_E_OZONE,83279dfffffffff,0.0
2022_E_OZONE,83279efffffffff,0.0
2022_E_OZONE,8327a3fffffffff,0.33
2022_E_OZONE,8327a8fffffffff,0.02
2022_E_OZONE,8327a9fffffffff,0.04
2022_E_OZONE,8327aafffffffff,0.0
2022_E_OZONE,8327abfffffffff,0.0
2022_E_OZONE,8327acfffffffff,0.15
2022_E_OZONE,8327adfffffffff,0.32
2022_E_OZONE,8327aefffffffff,0.06
2022_E_OZONE,8327b3fffffffff,0.0
2022_E_OZONE,832800fffffffff,0.0
2022_E_OZONE,832802fffffffff,0.26
2022_E_OZONE,832806fffffffff,0.0
2022_E_OZONE,832810fffffffff,0.1
2022_E_OZONE,832811fffffffff,0.07
2022_E_OZONE,832812fffffffff,0.11
2022_E_OZONE,832813fffffffff,0.12
2022_E_OZONE,832814fffffffff,1.25
2022_E_OZONE,832815fffffffff,0.73
2022_E_OZONE,832816fffffffff,0.03
2022_E_OZONE,832818fffffffff,0.06
2022_E_OZONE,83281afffffffff,0.41
2022_E_OZONE,83281bfffffffff,0.04
2022_E_OZONE,83281cfffffffff,0.0
2022_E_OZONE,83281efffffffff,0.32
2022_E_OZONE,832830fffffffff,0.49
2022_E_OZONE,832831fffffffff,0.0
2022_E_OZONE,832832fffffffff,6.93
2022_E_OZONE,832833fffffffff,0.59
2022_E_OZONE,832834fffffffff,0.71
2022_E_OZONE,832835fffffffff,0.0
2022_E_OZONE,832836fffffffff,11.32
2022_E_OZONE,832880fffffffff,0.03
2022_E_OZONE,832881fffffffff,0.0
2022_E_OZONE,832882fffffffff,0.03
2022_E_OZONE,832883fffffffff,0.14
2022_E_OZONE,832884fffffffff,0.02
2022_E_OZONE,832885fffffffff,0.02
2022_E_OZONE,832886fffffffff,0.0
2022_E_OZONE,832888fffffffff,0.42
2022_E_OZONE,832889fffffffff,0.03
2022_E_OZONE,83288afffffffff,0.02
2022_E_OZONE,83288bfffffffff,0.1
2022_E_OZONE,83288cfffffffff,0.13
2022_E_OZONE,83288dfffffffff,0.16
2022_E_OZONE,83288efffffffff,0.0
2022_E_OZONE,832890fffffffff,0.0
2022_E_OZONE,832891fffffffff,0.0
2022_E_OZONE,832892fffffffff,0.0
2022_E_OZONE,832893fffffffff,0.0
2022_E_OZONE,832894fffffffff,0.0
2022_E_OZONE,832895fffffffff,0.0
2022_E_OZONE,832896fffffffff,0.0
2022_E_OZONE,832898fffffffff,0.02
2022_E_OZONE,832899fffffffff,0.0
2022_E_OZONE,83289afffffffff,0.0
2022_E_OZONE,83289bfffffffff,0.0
2022_E_OZONE,83289cfffffffff,0.21
2022_E_OZONE,83289dfffffffff,0.13
2022_E_OZONE,83289efffffffff,0.0
2022_E_OZONE,8328a0fffffffff,0.0
2022_E_OZONE,8328a1fffffffff,0.0
2022_E_OZONE,8328a2fffffffff,0.0
2022_E_OZONE,8328a3fffffffff,0.0
2022_E_OZONE,8328a4fffffffff,0.0
2022_E_OZONE,8328a5fffffffff,0.0
2022_E_OZONE,8328a6fffffffff,0.0
2022_E_OZONE,8328a8fffffffff,0.02
2022_E_OZONE,8328a9fffffffff,0.03
2022_E_OZONE,8328aafffffffff,0.09
2022_E_OZONE,8328abfffffffff,0.02
2022_E_OZONE,8328acfffffffff,0.0
2022_E_OZONE,8328adfffffffff,0.0
2022_E_OZONE,8328aefffffffff,0.0
2022_E_OZONE,8328b0fffffffff,0.0
2022_E_OZONE,8328b1fffffffff,0.0
2022_E_OZONE,8328b2fffffffff,0.0
2022_E_OZONE,8328b3fffffffff,0.0
2022_E_OZONE,8328b4fffffffff,0.0
2022_E_OZONE,8328b5fffffffff,0.0
2022_E_OZONE,8328b6fffffffff,0.43
2022_E_OZONE,8328c2fffffffff,0.0
2022_E_OZONE,8328c6fffffffff,0.0
2022_E_OZONE,8328d0fffffffff,0.0
2022_E_OZONE,8328d1fffffffff,0.0
2022_E_OZONE,8328d2fffffffff,0.41
2022_E_OZONE,8328d3fffffffff,0.0
2022_E_OZONE,8328d4fffffffff,0.04
2022_E_OZONE,8328d5fffffffff,0.0
2022_E_OZONE,8328d6fffffffff,0.03
2022_E_OZONE,8328defffffffff,0.0
2022_E_OZONE,8328f0fffffffff,0.11
2022_E_OZONE,8328f1fffffffff,0.0
2022_E_OZONE,8328f2fffffffff,0.0
2022_E_OZONE,8328f3fffffffff,0.0
2022_E_OZONE,8328f4fffffffff,0.47
2022_E_OZONE,8328f5fffffffff,0.0
2022_E_OZONE,8328f6fffffffff,0.06
2022_E_OZONE,832912fffffffff,0.47
2022_E_OZONE,832913fffffffff,0.01
2022_E_OZONE,832916fffffffff,0.0
2022_E_OZONE,83291afffffffff,0.0
2022_E_OZONE,832980fffffffff,0.81
2022_E_OZONE,832981fffffffff,0.37
2022_E_OZONE,832982fffffffff,0.89
2022_E_OZONE,832983fffffffff,0.24
2022_E_OZONE,832984fffffffff,6.32
2022_E_OZONE,832985fffffffff,2.07
2022_E_OZONE,832986fffffffff,2.05
2022_E_OZONE,832988fffffffff,0.25
2022_E_OZONE,832989fffffffff,0.47
2022_E_OZONE,83298afffffffff,0.0
2022_E_OZONE,83298bfffffffff,0.01
2022_E_OZONE,83298cfffffffff,1.54
2022_E_OZONE,83298dfffffffff,2.41
2022_E_OZONE,83298efffffffff,0.09
2022_E_OZONE,832990fffffffff,0.08
2022_E_OZONE,832991fffffffff,0.31
2022_E_OZONE,832992fffffffff,0.19
2022_E_OZONE,832993fffffffff,0.04
2022_E_OZONE,832994fffffffff,0.25
2022_E_OZONE,832995fffffffff,0.39
2022_E_OZONE,832996fffffffff,0.02
2022_E_OZONE,832998fffffffff,0.0
2022_E_OZONE,832999fffffffff,0.0
2022_E_OZONE,83299afffffffff,0.07
2022_E_OZONE,83299bfffffffff,0.0
2022_E_OZONE,83299cfffffffff,0.17
2022_E_OZONE,83299dfffffffff,0.0
2022_E_OZONE,83299efffffffff,0.03
2022_E_OZONE,8329a0fffffffff,35.35
2022_E_OZONE,8329a1fffffffff,23.12
2022_E_OZONE,8329a2fffffffff,14.31
2022_E_OZONE,8329a3fffffffff,18.45
2022_E_OZONE,8329a4fffffffff,1.37
2022_E_OZONE,8329a5fffffffff,0.43
2022_E_OZONE,8329a6fffffffff,3.37
2022_E_OZONE,8329a8fffffffff,21.42
2022_E_OZONE,8329a9fffffffff,2.35
2022_E_OZONE,8329aafffffffff,17.57
2022_E_OZONE,8329abfffffffff,18.13
2022_E_OZONE,8329acfffffffff,7.15
2022_E_OZONE,8329adfffffffff,0.15
2022_E_OZONE,8329aefffffffff,30.27
2022_E_OZONE,8329b0fffffffff,0.77
2022_E_OZONE,8329b1fffffffff,3.78
2022_E_OZONE,8329b2fffffffff,0.53
2022_E_OZONE,8329b3fffffffff,0.73
2022_E_OZONE,8329b4fffffffff,0.52
2022_E_OZONE,8329b5fffffffff,3.08
2022_E_OZONE,8329b6fffffffff,1.34
2022_E_OZONE,832a06fffffffff,1.81
2022_E_OZONE,832a10fffffffff,4.15
2022_E_OZONE,832a12fffffffff,2.01
2022_E_OZONE,832a13fffffffff,2.94
2022_E_OZONE,832a14fffffffff,3.72
2022_E_OZONE,832a15fffffffff,6.92
2022_E_OZONE,832a16fffffffff,0.89
2022_E_OZONE,832a30fffffffff,0.38
2022_E_OZONE,832a31fffffffff,0.94
2022_E_OZONE,832a32fffffffff,0.92
2022_E_OZONE,832a33fffffffff,2.15
2022_E_OZONE,832a34fffffffff,0.04
2022_E_OZONE,832a36fffffffff,0.03
2022_E_OZONE,832a80fffffffff,0.28
2022_E_OZONE,832a81fffffffff,0.3
2022_E_OZONE,832a82fffffffff,0.29
2022_E_OZONE,832a83fffffffff,0.23
2022_E_OZONE,832a84fffffffff,1.36
2022_E_OZONE,832a85fffffffff,0.05
2022_E_OZONE,832a86fffffffff,0.64
2022_E_OZONE,832a88fffffffff,0.17
2022_E_OZONE,832a89fffffffff,0.0
2022_E_OZONE,832a8afffffffff,0.21
2022_E_OZONE,832a8bfffffffff,0.24
2022_E_OZONE,832a8cfffffffff,0.31
2022_E_OZONE,832a8dfffffffff,0.31
2022_E_OZONE,832a8efffffffff,0.08
2022_E_OZONE,832a90fffffffff,1.2
2022_E_OZONE,832a91fffffffff,0.72
2022_E_OZONE,832a92fffffffff,0.33
2022_E_OZONE,832a93fffffffff,2.12
2022_E_OZONE,832a94fffffffff,0.55
2022_E_OZONE,832a95fffffffff,0.9
2022_E_OZONE,832a96fffffffff,0.58
2022_E_OZONE,832a98fffffffff,0.07
2022_E_OZONE,832a99fffffffff,0.07
2022_E_OZONE,832a9afffffffff,0.01
2022_E_OZONE,832a9bfffffffff,0.12
2022_E_OZONE,832a9cfffffffff,0.53
2022_E_OZONE,832a9dfffffffff,0.34
2022_E_OZONE,832a9efffffffff,0.24
2022_E_OZONE,832aa0fffffffff,0.44
2022_E_OZONE,832aa1fffffffff,0.81
2022_E_OZONE,832aa2fffffffff,0.62
2022_E_OZONE,832aa3fffffffff,0.71
2022_E_OZONE,832aa4fffffffff,0.64
2022_E_OZONE,832aa5fffffffff,0.46
2022_E_OZONE,832aa6fffffffff,0.86
2022_E_OZONE,832aa8fffffffff,3.09
2022_E_OZONE,832aa9fffffffff,0.63
2022_E_OZONE,832aaafffffffff,0.38
2022_E_OZONE,832aabfffffffff,0.66
2022_E_OZONE,832aacfffffffff,2.88
2022_E_OZONE,832aadfffffffff,1.41
2022_E_OZONE,832aaefffffffff,1.22
2022_E_OZONE,832ab1fffffffff,0.96
2022_E_OZONE,832ab2fffffffff,1.02
2022_E_OZONE,832ab3fffffffff,0.39
2022_E_OZONE,832ab5fffffffff,1.0
2022_E_OZONE,832ab6fffffffff,1.93
2022_E_OZONE,832ad0fffffffff,0.0
2022_E_OZONE,832ad2fffffffff,0.0
2022_E_OZONE,832ad3fffffffff,0.0
2022_E_OZONE,832ad4fffffffff,0.02
2022_E_OZONE,832ad5fffffffff,0.0
2022_E_OZONE,832ad6fffffffff,0.04
2022_E_OZONE,832af0fffffffff,0.44
2022_E_OZONE,832af2fffffffff,0.15
2022_E_OZONE,832af3fffffffff,0.0
2022_E_OZONE,832af6fffffffff,0.67
2022_E_OZONE,832b10fffffffff,0.0
2022_E_OZONE,832b11fffffffff,0.0
2022_E_OZONE,832b12fffffffff,0.0
2022_E_OZONE,832b13fffffffff,0.0
2022_E_OZONE,832b18fffffffff,0.04
2022_E_OZONE,832b1afffffffff,0.04
2022_E_OZONE,832b1bfffffffff,1.0
2022_E_OZONE,832b1efffffffff,0.0
2022_E_OZONE,832b81fffffffff,0.47
2022_E_OZONE,832b88fffffffff,0.1
2022_E_OZONE,832b89fffffffff,0.65
2022_E_OZONE,832b8afffffffff,0.72
2022_E_OZONE,832b8bfffffffff,0.33
2022_E_OZONE,832b8cfffffffff,0.01
2022_E_OZONE,832b8dfffffffff,0.01
2022_E_OZONE,832b8efffffffff,0.07
2022_E_OZONE,832b99fffffffff,0.93
2022_E_OZONE,832b9bfffffffff,1.76
2022_E_OZONE,832ba8fffffffff,0.0
2022_E_OZONE,832ba9fffffffff,0.0
2022_E_OZONE,832babfffffffff,0.0
2022_E_OZONE,832bacfffffffff,0.0
2022_E_OZONE,832badfffffffff,0.0
2022_E_OZONE,834412fffffffff,0.0
2022_E_OZONE,834413fffffffff,0.04
2022_E_OZONE,834414fffffffff,0.0
2022_E_OZONE,834416fffffffff,0.0
2022_E_OZONE,83441afffffffff,0.1
2022_E_OZONE,83441bfffffffff,0.02
2022_E_OZONE,83441efffffffff,0.01
2022_E_OZONE,834440fffffffff,0.14
2022_E_OZONE,834441fffffffff,0.0
2022_E_OZONE,834442fffffffff,0.04
2022_E_OZONE,834443fffffffff,0.0
2022_E_OZONE,834444fffffffff,0.21
2022_E_OZONE,834445fffffffff,0.01
2022_E_OZONE,834446fffffffff,0.37
2022_E_OZONE,834448fffffffff,0.0
2022_E_OZONE,834449fffffffff,0.0
2022_E_OZONE,83444afffffffff,0.0
2022_E_OZONE,83444bfffffffff,0.01
2022_E_OZONE,83444cfffffffff,0.06
2022_E_OZONE,83444dfffffffff,0.01
2022_E_OZONE,83444efffffffff,0.0
2022_E_OZONE,834450fffffffff,0.03
2022_E_OZONE,834451fffffffff,0.0
2022_E_OZONE,834452fffffffff,0.0
2022_E_OZONE,834453fffffffff,0.0
2022_E_OZONE,834455fffffffff,0.1
2022_E_OZONE,834456fffffffff,0.23
2022_E_OZONE,834458fffffffff,0.0
2022_E_OZONE,834459fffffffff,0.0
2022_E_OZONE,83445afffffffff,0.0
2022_E_OZONE,83445bfffffffff,0.0
2022_E_OZONE,83445cfffffffff,0.0
2022_E_OZONE,83445dfffffffff,0.0
2022_E_OZONE,83445efffffffff,0.0
2022_E_OZONE,834463fffffffff,0.0
2022_E_OZONE,834468fffffffff,0.13
2022_E_OZONE,834469fffffffff,0.43
2022_E_OZONE,83446afffffffff,0.0
2022_E_OZONE,83446bfffffffff,0.09
2022_E_OZONE,83446cfffffffff,2.64
2022_E_OZONE,83446dfffffffff,1.08
2022_E_OZONE,83446efffffffff,0.22
2022_E_OZONE,834471fffffffff,0.75
2022_E_OZONE,834473fffffffff,0.34
2022_E_OZONE,8344a1fffffffff,0.0
2022_E_OZONE,8344a5fffffffff,0.01
2022_E_OZONE,8344a8fffffffff,0.0
2022_E_OZONE,8344a9fffffffff,0.0
2022_E_OZONE,8344abfffffffff,0.0
2022_E_OZONE,8344acfffffffff,0.03
2022_E_OZONE,8344adfffffffff,0.0
2022_E_OZONE,8344aefffffffff,0.02
2022_E_OZONE,8344c0fffffffff,0.23
2022_E_OZONE,8344c1fffffffff,2.48
2022_E_OZONE,8344c2fffffffff,0.0
2022_E_OZONE,8344c3fffffffff,0.05
2022_E_OZONE,8344c4fffffffff,0.04
2022_E_OZONE,8344c5fffffffff,0.52
2022_E_OZONE,8344c6fffffffff,0.0
2022_E_OZONE,8344c8fffffffff,0.42
2022_E_OZONE,8344c9fffffffff,0.0
2022_E_OZONE,8344cafffffffff,0.52
2022_E_OZONE,8344cbfffffffff,0.1
2022_E_OZONE,8344ccfffffffff,0.5
2022_E_OZONE,8344cdfffffffff,0.09
2022_E_OZONE,8344cefffffffff,0.3
2022_E_OZONE,8344d0fffffffff,0.0
2022_E_OZONE,8344d1fffffffff,0.0
2022_E_OZONE,8344d2fffffffff,0.0
2022_E_OZONE,8344d3fffffffff,0.0
2022_E_OZONE,8344d5fffffffff,0.0
2022_E_OZONE,8344d8fffffffff,0.33
2022_E_OZONE,8344d9fffffffff,0.38
2022_E_OZONE,8344dafffffffff,0.35
2022_E_OZONE,8344dbfffffffff,0.29
2022_E_OZONE,8344dcfffffffff,0.01
2022_E_OZONE,8344ddfffffffff,0.25
2022_E_OZONE,8344defffffffff,0.02
2022_E_OZONE,8344e0fffffffff,0.0
2022_E_OZONE,8344e1fffffffff,0.0
2022_E_OZONE,8344e2fffffffff,0.0
2022_E_OZONE,8344e3fffffffff,0.01
2022_E_OZONE,8344e4fffffffff,0.0
2022_E_OZONE,8344e5fffffffff,0.0
2022_E_OZONE,8344e6fffffffff,0.0
2022_E_OZONE,8344e8fffffffff,0.21
2022_E_OZONE,8344e9fffffffff,0.37
2022_E_OZONE,8344eafffffffff,0.3
2022_E_OZONE,8344ebfffffffff,0.04
2022_E_OZONE,8344ecfffffffff,0.01
2022_E_OZONE,8344edfffffffff,0.03
2022_E_OZONE,8344eefffffffff,0.0
2022_E_OZONE,8344f0fffffffff,0.0
2022_E_OZONE,8344f1fffffffff,0.0
2022_E_OZONE,8344f3fffffffff,0.0
2022_E_OZONE,8344f4fffffffff,0.0
2022_E_OZONE,8344f5fffffffff,0.0
2022_E_OZONE,8344f6fffffffff,0.0
2022_E_OZONE,834859fffffffff,1.26
2022_E_OZONE,83485afffffffff,0.56
2022_E_OZONE,83485bfffffffff,2.12
2022_E_OZONE,834880fffffffff,0.0
2022_E_OZONE,834881fffffffff,0.0
2022_E_OZONE,834882fffffffff,0.0
2022_E_OZONE,834883fffffffff,0.04
2022_E_OZONE,834886fffffffff,0.0
2022_E_OZONE,834888fffffffff,0.45
2022_E_OZONE,834889fffffffff,0.21
2022_E_OZONE,83488afffffffff,0.0
2022_E_OZONE,83488bfffffffff,0.0
2022_E_OZONE,83488cfffffffff,0.64
2022_E_OZONE,83488dfffffffff,0.12
2022_E_OZONE,83488efffffffff,0.0
2022_E_OZONE,834890fffffffff,0.38
2022_E_OZONE,834891fffffffff,0.27
2022_E_OZONE,834892fffffffff,0.66
2022_E_OZONE,834893fffffffff,0.6
2022_E_OZONE,834895fffffffff,0.15
2022_E_OZONE,834898fffffffff,0.78
2022_E_OZONE,834899fffffffff,0.03
2022_E_OZONE,83489afffffffff,0.86
2022_E_OZONE,83489bfffffffff,0.48
2022_E_OZONE,83489cfffffffff,1.8
2022_E_OZONE,83489dfffffffff,0.05
2022_E_OZONE,83489efffffffff,1.02
2022_E_OZONE,8348abfffffffff,0.0
2022_E_OZONE,8348b1fffffffff,0.0
2022_E_OZONE,8348b2fffffffff,0.0
2022_E_OZONE,8348b3fffffffff,0.0
2022_E_OZONE,8348c0fffffffff,0.0
2022_E_OZONE,8348c1fffffffff,0.15
2022_E_OZONE,8348c2fffffffff,0.0
2022_E_OZONE,8348c3fffffffff,0.0
2022_E_OZONE,8348c4fffffffff,0.02
2022_E_OZONE,8348c5fffffffff,0.0
2022_E_OZONE,8348c6fffffffff,0.17
2022_E_OZONE,8348c8fffffffff,0.02
2022_E_OZONE,8348c9fffffffff,0.26
2022_E_OZONE,8348cafffffffff,0.02
2022_E_OZONE,8348cbfffffffff,0.0
2022_E_OZONE,8348ccfffffffff,0.28
2022_E_OZONE,8348cdfffffffff,0.59
2022_E_OZONE,8348cefffffffff,0.07
2022_E_OZONE,8348d0fffffffff,0.0
2022_E_OZONE,8348d1fffffffff,0.0
2022_E_OZONE,8348d2fffffffff,0.0
2022_E_OZONE,8348d3fffffffff,0.0
2022_E_OZONE,8348d4fffffffff,0.0
2022_E_OZONE,8348d5fffffffff,0.0
2022_E_OZONE,8348d6fffffffff,0.0
2022_E_OZONE,8348d8fffffffff,0.01
2022_E_OZONE,8348d9fffffffff,0.17
2022_E_OZONE,8348dafffffffff,0.0
2022_E_OZONE,8348dbfffffffff,0.01
2022_E_OZONE,8348dcfffffffff,0.02
2022_E_OZONE,8348ddfffffffff,0.1
2022_E_OZONE,8348defffffffff,0.0
2022_E_OZONE,8348e3fffffffff,0.0
2022_E_OZONE,8348e8fffffffff,0.08
2022_E_OZONE,8348e9fffffffff,0.07
2022_E_OZONE,8348eafffffffff,0.35
2022_E_OZONE,8348ebfffffffff,2.02
2022_E_OZONE,8348ecfffffffff,0.0
2022_E_OZONE,8348edfffffffff,0.0
2022_E_OZONE,8348eefffffffff,0.0
2022_E_OZONE,8348f2fffffffff,0.0
2022_E_OZONE,8348f3fffffffff,0.0
2022_E_OZONE,8348f6fffffffff,0.0
2022_E_PM,8312c9fffffffff,6.57
2022_E_PM,8312cafffffffff,7.62
2022_E_PM,8312cbfffffffff,6.92
2022_E_PM,8312d8fffffffff,7.39
2022_E_PM,8312d9fffffffff,8.68
2022_E_PM,8312dafffffffff,6.85
2022_E_PM,8312dbfffffffff,9.44
2022_E_PM,8312ddfffffffff,7.73
2022_E_PM,8312defffffffff,6.14
2022_E_PM,832600fffffffff,6.88
2022_E_PM,832601fffffffff,7.9
2022_E_PM,832602fffffffff,5.94
2022_E_PM,832603fffffffff,7.08
2022_E_PM,832604fffffffff,5.97
2022_E_PM,832605fffffffff,7.13
2022_E_PM,832606fffffffff,5.86
2022_E_PM,832608fffffffff,8.17
2022_E_PM,832609fffffffff,8.44
2022_E_PM,83260afffffffff,7.94
2022_E_PM,83260bfffffffff,8.35
2022_E_PM,83260cfffffffff,8.08
2022_E_PM,83260dfffffffff,8.13
2022_E_PM,83260efffffffff,8.04
2022_E_PM,832610fffffffff,4.52
2022_E_PM,832611fffffffff,5.02
2022_E_PM,832612fffffffff,4.19
2022_E_PM,832613fffffffff,4.72
2022_E_PM,832614fffffffff,4.77
2022_E_PM,832615fffffffff,5.08
2022_E_PM,832616fffffffff,4.63
2022_E_PM,832618fffffffff,6.51
2022_E_PM,832619fffffffff,7.17
2022_E_PM,83261afffffffff,5.95
2022_E_PM,83261bfffffffff,6.45
2022_E_PM,83261cfffffffff,6.03
2022_E_PM,83261dfffffffff,7.29
2022_E_PM,83261efffffffff,5.49
2022_E_PM,832620fffffffff,6.17
2022_E_PM,832621fffffffff,6.49
2022_E_PM,832622fffffffff,6.02
2022_E_PM,832623fffffffff,6.29
2022_E_PM,832624fffffffff,5.77
2022_E_PM,832625fffffffff,5.98
2022_E_PM,832626fffffffff,6.15
2022_E_PM,832628fffffffff,7.82
2022_E_PM,832629fffffffff,8.51
2022_E_PM,83262afffffffff,7.81
2022_E_PM,83262bfffffffff,8.28
2022_E_PM,83262cfffffffff,7.38
2022_E_PM,83262dfffffffff,7.72
2022_E_PM,83262efffffffff,7.62
2022_E_PM,832630fffffffff,5.31
2022_E_PM,832631fffffffff,5.75
2022_E_PM,832632fffffffff,4.89
2022_E_PM,832633fffffffff,5.27
2022_E_PM,832634fffffffff,5.28
2022_E_PM,832635fffffffff,5.73
2022_E_PM,832636fffffffff,4.93
2022_E_PM,832640fffffffff,9.96
2022_E_PM,832641fffffffff,9.92
2022_E_PM,832642fffffffff,8.91
2022_E_PM,832643fffffffff,9.63
2022_E_PM,832644fffffffff,9.72
2022_E_PM,832645fffffffff,9.98
2022_E_PM,832646fffffffff,9.6
2022_E_PM,832648fffffffff,8.68
2022_E_PM,832649fffffffff,9.67
2022_E_PM,83264afffffffff,8.87
2022_E_PM,83264bfffffffff,8.97
2022_E_PM,83264cfffffffff,9.34
2022_E_PM,83264dfffffffff,9.43
2022_E_PM,83264efffffffff,9.53
2022_E_PM,832650fffffffff,8.32
2022_E_PM,832651fffffffff,8.55
2022_E_PM,832652fffffffff,8.22
2022_E_PM,832653fffffffff,8.41
2022_E_PM,832654fffffffff,8.47
2022_E_PM,832655fffffffff,8.9
2022_E_PM,832656fffffffff,8.54
2022_E_PM,832658fffffffff,9.2
2022_E_PM,832659fffffffff,9.26
2022_E_PM,83265afffffffff,8.91
2022_E_PM,83265bfffffffff,9.48
2022_E_PM,83265cfffffffff,8.75
2022_E_PM,83265dfffffffff,9.62
2022_E_PM,83265efffffffff,8.63
2022_E_PM,832660fffffffff,9.64
2022_E_PM,832661fffffffff,9.95
2022_E_PM,832662fffffffff,9.75
2022_E_PM,832663fffffffff,9.8
2022_E_PM,832664fffffffff,10.54
2022_E_PM,832665fffffffff,10.3
2022_E_PM,832666fffffffff,9.86
2022_E_PM,832668fffffffff,10.14
2022_E_PM,832669fffffffff,9.38
2022_E_PM,83266afffffffff,10.32
2022_E_PM,83266bfffffffff,9.64
2022_E_PM,83266cfffffffff,9.69
2022_E_PM,83266dfffffffff,9.69
2022_E_PM,83266efffffffff,9.89
2022_E_PM,832670fffffffff,9.1
2022_E_PM,832671fffffffff,9.37
2022_E_PM,832672fffffffff,8.44
2022_E_PM,832673fffffffff,8.97
2022_E_PM,832674fffffffff,9.16
2022_E_PM,832675fffffffff,9.61
2022_E_PM,832676fffffffff,8.61
2022_E_PM,832680fffffffff,4.22
2022_E_PM,832681fffffffff,4.59
2022_E_PM,832682fffffffff,5.16
2022_E_PM,832683fffffffff,4.3
2022_E_PM,832684fffffffff,3.42
2022_E_PM,832685fffffffff,3.96
2022_E_PM,832686fffffffff,4.32
2022_E_PM,832688fffffffff,4.85
2022_E_PM,832689fffffffff,4.87
2022_E_PM,83268afffffffff,4.19
2022_E_PM,83268bfffffffff,4.37
2022_E_PM,83268cfffffffff,5.65
2022_E_PM,83268dfffffffff,5.33
2022_E_PM,83268efffffffff,4.02
2022_E_PM,832690fffffffff,5.63
2022_E_PM,832691fffffffff,5.73
2022_E_PM,832692fffffffff,5.44
2022_E_PM,832693fffffffff,5.22
2022_E_PM,832694fffffffff,5.58
2022_E_PM,832695fffffffff,5.34
2022_E_PM,832696fffffffff,6.74
2022_E_PM,832698fffffffff,4.68
2022_E_PM,832699fffffffff,4.51
2022_E_PM,83269afffffffff,4.82
2022_E_PM,83269bfffffffff,5.17
2022_E_PM,83269cfffffffff,5.22
2022_E_PM,83269dfffffffff,4.22
2022_E_PM,83269efffffffff,5.1
2022_E_PM,8326a0fffffffff,3.69
2022_E_PM,8326a1fffffffff,4.0
2022_E_PM,8326a2fffffffff,3.3
2022_E_PM,8326a3fffffffff,3.67
2022_E_PM,8326a4fffffffff,4.24
2022_E_PM,8326a5fffffffff,3.96
2022_E_PM,8326a6fffffffff,3.71
2022_E_PM,8326a8fffffffff,5.35
2022_E_PM,8326a9fffffffff,5.72
2022_E_PM,8326aafffffffff,6.41
2022_E_PM,8326abfffffffff,5.54
2022_E_PM,8326acfffffffff,4.74
2022_E_PM,8326adfffffffff,5.38
2022_E_PM,8326aefffffffff,4.58
2022_E_PM,8326b0fffffffff,4.19
2022_E_PM,8326b1fffffffff,3.84
2022_E_PM,8326b2fffffffff,5.19
2022_E_PM,8326b3fffffffff,4.75
2022_E_PM,8326b4fffffffff,4.13
2022_E_PM,8326b5fffffffff,3.71
2022_E_PM,8326b6fffffffff,4.84
2022_E_PM,8326c0fffffffff,7.3
2022_E_PM,8326c1fffffffff,8.36
2022_E_PM,8326c2fffffffff,6.71
2022_E_PM,8326c3fffffffff,7.45
2022_E_PM,8326c4fffffffff,7.34
2022_E_PM,8326c5fffffffff,8.29
2022_E_PM,8326c6fffffffff,6.58
2022_E_PM,8326c8fffffffff,9.03
2022_E_PM,8326c9fffffffff,8.98
2022_E_PM,8326cafffffffff,8.05
2022_E_PM,8326cbfffffffff,8.98
2022_E_PM,8326ccfffffffff,8.46
2022_E_PM,8326cdfffffffff,8.75
2022_E_PM,8326cefffffffff,8.0
2022_E_PM,8326d0fffffffff,5.89
2022_E_PM,8326d1fffffffff,6.57
2022_E_PM,8326d2fffffffff,5.24
2022_E_PM,8326d3fffffffff,6.51
2022_E_PM,8326d4fffffffff,5.63
2022_E_PM,8326d5fffffffff,6.52
2022_E_PM,8326d6fffffffff,4.79
2022_E_PM,8326d8fffffffff,6.75
2022_E_PM,8326d9fffffffff,7.11
2022_E_PM,8326dafffffffff,6.72
2022_E_PM,8326dbfffffffff,6.79
2022_E_PM,8326dcfffffffff,6.75
2022_E_PM,8326ddfffffffff,7.23
2022_E_PM,8326defffffffff,6.82
2022_E_PM,8326e0fffffffff,7.87
2022_E_PM,8326e1fffffffff,8.23
2022_E_PM,8326e2fffffffff,7.3
2022_E_PM,8326e3fffffffff,8.18
2022_E_PM,8326e4fffffffff,7.74
2022_E_PM,8326e5fffffffff,8.17
2022_E_PM,8326e6fffffffff,7.05
2022_E_PM,8326e8fffffffff,9.16
2022_E_PM,8326e9fffffffff,8.95
2022_E_PM,8326eafffffffff,8.66
2022_E_PM,8326ebfffffffff,8.69
2022_E_PM,8326ecfffffffff,8.81
2022_E_PM,8326edfffffffff,8.66
2022_E_PM,8326eefffffffff,8.7
2022_E_PM,8326f0fffffffff,6.4
2022_E_PM,8326f1fffffffff,6.68
2022_E_PM,8326f2fffffffff,5.83
2022_E_PM,8326f3fffffffff,6.6
2022_E_PM,8326f4fffffffff,6.06
2022_E_PM,8326f5fffffffff,6.42
2022_E_PM,8326f6fffffffff,5.78
2022_E_PM,832708fffffffff,5.38
2022_E_PM,832709fffffffff,5.43
2022_E_PM,83270afffffffff,5.64
2022_E_PM,83270bfffffffff,5.67
2022_E_PM,83270dfffffffff,5.2
2022_E_PM,83270efffffffff,5.62
2022_E_PM,832718fffffffff,6.1
2022_E_PM,832719fffffffff,6.33
2022_E_PM,83271afffffffff,5.57
2022_E_PM,83271bfffffffff,5.8
2022_E_PM,83271cfffffffff,6.42
2022_E_PM,83271dfffffffff,6.15
2022_E_PM,83271efffffffff,5.97
2022_E_PM,832740fffffffff,6.59
2022_E_PM,832741fffffffff,7.05
2022_E_PM,832742fffffffff,6.87
2022_E_PM,832743fffffffff,8.27
2022_E_PM,832744fffffffff,6.12
2022_E_PM,832745fffffffff,6.59
2022_E_PM,832746fffffffff,5.95
2022_E_PM,832748fffffffff,9.54
2022_E_PM,832749fffffffff,9.83
2022_E_PM,83274bfffffffff,10.45
2022_E_PM,83274cfffffffff,7.91
2022_E_PM,83274dfffffffff,9.19
2022_E_PM,83274efffffffff,8.13
2022_E_PM,832750fffffffff,6.22
2022_E_PM,832751fffffffff,7.08
2022_E_PM,832752fffffffff,6.84
2022_E_PM,832753fffffffff,7.26
2022_E_PM,832754fffffffff,5.58
2022_E_PM,832755fffffffff,5.97
2022_E_PM,832756fffffffff,5.75
2022_E_PM,832758fffffffff,8.88
2022_E_PM,832759fffffffff,10.11
2022_E_PM,83275afffffffff,8.5
2022_E_PM,83275bfffffffff,9.46
2022_E_PM,83275cfffffffff,8.2
2022_E_PM,83275dfffffffff,9.19
2022_E_PM,83275efffffffff,7.75
2022_E_PM,832763fffffffff,6.24
2022_E_PM,832768fffffffff,7.01
2022_E_PM,83276afffffffff,6.94
2022_E_PM,83276bfffffffff,8.01
2022_E_PM,83276efffffffff,6.61
2022_E_PM,832770fffffffff,5.04
2022_E_PM,832771fffffffff,5.48
2022_E_PM,832772fffffffff,4.95
2022_E_PM,832773fffffffff,5.54
2022_E_PM,832780fffffffff,5.66
2022_E_PM,832781fffffffff,5.5
2022_E_PM,832782fffffffff,5.44
2022_E_PM,832783fffffffff,5.6
2022_E_PM,832784fffffffff,5.79
2022_E_PM,832785fffffffff,5.8
2022_E_PM,832786fffffffff,5.51
2022_E_PM,832788fffffffff,5.07
2022_E_PM,832789fffffffff,4.97
2022_E_PM,83278afffffffff,5.26
2022_E_PM,83278bfffffffff,4.87
2022_E_PM,83278cfffffffff,4.89
2022_E_PM,83278dfffffffff,4.88
2022_E_PM,83278efffffffff,5.5
2022_E_PM,832790fffffffff,5.27
2022_E_PM,832791fffffffff,5.08
2022_E_PM,832792fffffffff,5.42
2022_E_PM,832793fffffffff,5.01
2022_E_PM,832794fffffffff,6.09
2022_E_PM,832795fffffffff,5.4
2022_E_PM,832796fffffffff,6.29
2022_E_PM,832798fffffffff,5.34
2022_E_PM,832799fffffffff,4.72
2022_E_PM,83279afffffffff,4.6
2022_E_PM,83279bfffffffff,4.43
2022_E_PM,83279cfffffffff,5.71
2022_E_PM,83279dfffffffff,5.79
2022_E_PM,83279efffffffff,5.33
2022_E_PM,8327a3fffffffff,6.01
2022_E_PM,8327a8fffffffff,5.09
2022_E_PM,8327a9fffffffff,4.99
2022_E_PM,8327aafffffffff,4.93
2022_E_PM,8327abfffffffff,4.77
2022_E_PM,8327acfffffffff,5.59
2022_E_PM,8327adfffffffff,5.63
2022_E_PM,8327aefffffffff,5.54
2022_E_PM,8327b3fffffffff,5.82
2022_E_PM,832800fffffffff,6.46
2022_E_PM,832802fffffffff,6.88
2022_E_PM,832806fffffffff,6.53
2022_E_PM,832810fffffffff,6.1
2022_E_PM,832811fffffffff,6.45
2022_E_PM,832812fffffffff,5.69
2022_E_PM,832813fffffffff,6.11
2022_E_PM,832814fffffffff,7.06
2022_E_PM,832815fffffffff,6.77
2022_E_PM,832816fffffffff,5.93
2022_E_PM,832818fffffffff,6.5
2022_E_PM,83281afffffffff,6.11
2022_E_PM,83281bfffffffff,6.65
2022_E_PM,83281cfffffffff,6.69
2022_E_PM,83281efffffffff,6.69
2022_E_PM,832830fffffffff,8.41
2022_E_PM,832831fffffffff,6.58
2022_E_PM,832832fffffffff,7.67
2022_E_PM,832833fffffffff,7.21
2022_E_PM,832834fffffffff,6.97
2022_E_PM,832835fffffffff,7.14
2022_E_PM,832836fffffffff,9.72
2022_E_PM,832880fffffffff,6.41
2022_E_PM,832881fffffffff,6.35
2022_E_PM,832882fffffffff,6.74
2022_E_PM,832883fffffffff,7.46
2022_E_PM,832884fffffffff,6.4
2022_E_PM,832885fffffffff,6.28
2022_E_PM,832886fffffffff,5.58
2022_E_PM,832888fffffffff,8.19
2022_E_PM,832889fffffffff,7.11
2022_E_PM,83288afffffffff,8.65
2022_E_PM,83288bfffffffff,8.13
2022_E_PM,83288cfffffffff,6.11
2022_E_PM,83288dfffffffff,6.87
2022_E_PM,83288efffffffff,6.75
2022_E_PM,832890fffffffff,5.89
2022_E_PM,832891fffffffff,6.92
2022_E_PM,832892fffffffff,4.97
2022_E_PM,832893fffffffff,6.45
2022_E_PM,832894fffffffff,6.15
2022_E_PM,832895fffffffff,6.07
2022_E_PM,832896fffffffff,4.64
2022_E_PM,832898fffffffff,8.83
2022_E_PM,832899fffffffff,9.48
2022_E_PM,83289afffffffff,6.79
2022_E_PM,83289bfffffffff,8.76
2022_E_PM,83289cfffffffff,8.76
2022_E_PM,83289dfffffffff,8.81
2022_E_PM,83289efffffffff,7.27
2022_E_PM,8328a0fffffffff,5.23
2022_E_PM,8328a1fffffffff,5.47
2022_E_PM,8328a2fffffffff,4.99
2022_E_PM,8328a3fffffffff,5.37
2022_E_PM,8328a4fffffffff,5.21
2022_E_PM,8328a5fffffffff,5.43
2022_E_PM,8328a6fffffffff,4.8
2022_E_PM,8328a8fffffffff,5.76
2022_E_PM,8328a9fffffffff,6.06
2022_E_PM,8328aafffffffff,5.69
2022_E_PM,8328abfffffffff,5.87
2022_E_PM,8328acfffffffff,5.65
2022_E_PM,8328adfffffffff,5.77
2022_E_PM,8328aefffffffff,5.52
2022_E_PM,8328b0fffffffff,5.82
2022_E_PM,8328b1fffffffff,5.9
2022_E_PM,8328b2fffffffff,6.1
2022_E_PM,8328b3fffffffff,5.85
2022_E_PM,8328b4fffffffff,5.5
2022_E_PM,8328b5fffffffff,4.92
2022_E_PM,8328b6fffffffff,6.27
2022_E_PM,8328c2fffffffff,4.02
2022_E_PM,8328c6fffffffff,4.95
2022_E_PM,8328d0fffffffff,5.13
2022_E_PM,8328d1fffffffff,6.1
2022_E_PM,8328d2fffffffff,5.24
2022_E_PM,8328d3fffffffff,4.61
2022_E_PM,8328d4fffffffff,4.86
2022_E_PM,8328d5fffffffff,5.36
2022_E_PM,8328d6fffffffff,6.17
2022_E_PM,8328defffffffff,8.39
2022_E_PM,8328f0fffffffff,6.69
2022_E_PM,8328f1fffffffff,5.44
2022_E_PM,8328f2fffffffff,5.6
2022_E_PM,8328f3fffffffff,5.56
2022_E_PM,8328f4fffffffff,6.33
2022_E_PM,8328f5fffffffff,6.13
2022_E_PM,8328f6fffffffff,5.95
2022_E_PM,832912fffffffff,8.37
2022_E_PM,832913fffffffff,7.9
2022_E_PM,832916fffffffff,7.34
2022_E_PM,83291afffffffff,5.52
2022_E_PM,832980fffffffff,4.28
2022_E_PM,832981fffffffff,4.87
2022_E_PM,832982fffffffff,4.17
2022_E_PM,832983fffffffff,4.24
2022_E_PM,832984fffffffff,5.34
2022_E_PM,832985fffffffff,5.35
2022_E_PM,832986fffffffff,4.9
2022_E_PM,832988fffffffff,5.38
2022_E_PM,832989fffffffff,6.5
2022_E_PM,83298afffffffff,4.84
2022_E_PM,83298bfffffffff,5.63
2022_E_PM,83298cfffffffff,5.4
2022_E_PM,83298dfffffffff,6.11
2022_E_PM,83298efffffffff,4.48
2022_E_PM,832990fffffffff,4.5
2022_E_PM,832991fffffffff,4.51
2022_E_PM,832992fffffffff,4.68
2022_E_PM,832993fffffffff,4.81
2022_E_PM,832994fffffffff,4.39
2022_E_PM,832995fffffffff,4.46
2022_E_PM,832996fffffffff,4.68
2022_E_PM,832998fffffffff,4.45
2022_E_PM,832999fffffffff,4.68
2022_E_PM,83299afffffffff,5.52
2022_E_PM,83299bfffffffff,4.86
2022_E_PM,83299cfffffffff,4.3
2022_E_PM,83299dfffffffff,4.38
2022_E_PM,83299efffffffff,4.81
2022_E_PM,8329a0fffffffff,9.62
2022_E_PM,8329a1fffffffff,8.55
2022_E_PM,8329a2fffffffff,5.96
2022_E_PM,8329a3fffffffff,6.48
2022_E_PM,8329a4fffffffff,8.25
2022_E_PM,8329a5fffffffff,10.97
2022_E_PM,8329a6fffffffff,6.61
2022_E_PM,8329a8fffffffff,12.35
2022_E_PM,8329a9fffffffff,7.05
2022_E_PM,8329aafffffffff,7.11
2022_E_PM,8329abfffffffff,9.19
2022_E_PM,8329acfffffffff,8.9
2022_E_PM,8329adfffffffff,6.93
2022_E_PM,8329aefffffffff,8.42
2022_E_PM,8329b0fffffffff,4.34
2022_E_PM,8329b1fffffffff,5.2
2022_E_PM,8329b2fffffffff,4.41
2022_E_PM,8329b3fffffffff,4.47
2022_E_PM,8329b4fffffffff,5.24
2022_E_PM,8329b5fffffffff,5.66
2022_E_PM,8329b6fffffffff,5.21
2022_E_PM,832a06fffffffff,5.83
2022_E_PM,832a10fffffffff,8.71
2022_E_PM,832a12fffffffff,9.31
2022_E_PM,832a13fffffffff,8.82
2022_E_PM,832a14fffffffff,7.54
2022_E_PM,832a15fffffffff,7.14
2022_E_PM,832a16fffffffff,7.49
2022_E_PM,832a30fffffffff,6.75
2022_E_PM,832a31fffffffff,6.04
2022_E_PM,832a32fffffffff,6.63
2022_E_PM,832a33fffffffff,6.63
2022_E_PM,832a34fffffffff,6.86
2022_E_PM,832a36fffffffff,6.03
2022_E_PM,832a80fffffffff,8.75
2022_E_PM,832a81fffffffff,7.36
2022_E_PM,832a82fffffffff,9.53
2022_E_PM,832a83fffffffff,8.11
2022_E_PM,832a84fffffffff,10.41
2022_E_PM,832a85fffffffff,8.25
2022_E_PM,832a86fffffffff,10.31
2022_E_PM,832a88fffffffff,8.54
2022_E_PM,832a89fffffffff,9.11
2022_E_PM,832a8afffffffff,8.05
2022_E_PM,832a8bfffffffff,9.31
2022_E_PM,832a8cfffffffff,8.02
2022_E_PM,832a8dfffffffff,8.45
2022_E_PM,832a8efffffffff,7.61
2022_E_PM,832a90fffffffff,10.3
2022_E_PM,832a91fffffffff,9.63
2022_E_PM,832a92fffffffff,10.04
2022_E_PM,832a93fffffffff,10.14
2022_E_PM,832a94fffffffff,10.18
2022_E_PM,832a95fffffffff,10.04
2022_E_PM,832a96fffffffff,10.53
2022_E_PM,832a98fffffffff,8.73
2022_E_PM,832a99fffffffff,8.1
2022_E_PM,832a9afffffffff,9.0
2022_E_PM,832a9bfffffffff,8.94
2022_E_PM,832a9cfffffffff,9.21
2022_E_PM,832a9dfffffffff,8.12
2022_E_PM,832a9efffffffff,9.04
2022_E_PM,832aa0fffffffff,7.74
2022_E_PM,832aa1fffffffff,10.08
2022_E_PM,832aa2fffffffff,8.78
2022_E_PM,832aa3fffffffff,9.47
2022_E_PM,832aa4fffffffff,7.05
2022_E_PM,832aa5fffffffff,8.27
2022_E_PM,832aa6fffffffff,7.64
2022_E_PM,832aa8fffffffff,8.99
2022_E_PM,832aa9fffffffff,8.01
2022_E_PM,832aaafffffffff,8.38
2022_E_PM,832aabfffffffff,8.21
2022_E_PM,832aacfffffffff,10.4
2022_E_PM,832aadfffffffff,8.33
2022_E_PM,832aaefffffffff,9.6
2022_E_PM,832ab1fffffffff,9.97
2022_E_PM,832ab2fffffffff,10.13
2022_E_PM,832ab3fffffffff,10.48
2022_E_PM,832ab5fffffffff,8.74
2022_E_PM,832ab6fffffffff,9.18
2022_E_PM,832ad0fffffffff,8.07
2022_E_PM,832ad2fffffffff,8.82
2022_E_PM,832ad3fffffffff,7.91
2022_E_PM,832ad4fffffffff,8.57
2022_E_PM,832ad5fffffffff,7.34
2022_E_PM,832ad6fffffffff,9.46
2022_E_PM,832af0fffffffff,7.4
2022_E_PM,832af2fffffffff,8.06
2022_E_PM,832af3fffffffff,7.26
2022_E_PM,832af6fffffffff,7.97
2022_E_PM,832b10fffffffff,6.44
2022_E_PM,832b11fffffffff,5.87
2022_E_PM,832b12fffffffff,6.11
2022_E_PM,832b13fffffffff,5.91
2022_E_PM,832b18fffffffff,5.47
2022_E_PM,832b1afffffffff,6.48
2022_E_PM,832b1bfffffffff,6.13
2022_E_PM,832b1efffffffff,5.66
2022_E_PM,832b81fffffffff,7.02
2022_E_PM,832b88fffffffff,5.93
2022_E_PM,832b89fffffffff,7.12
2022_E_PM,832b8afffffffff,6.68
2022_E_PM,832b8bfffffffff,6.91
2022_E_PM,832b8cfffffffff,5.62
2022_E_PM,832b8dfffffffff,6.45
2022_E_PM,832b8efffffffff,6.44
2022_E_PM,832b99fffffffff,7.68
2022_E_PM,832b9bfffffffff,8.97
2022_E_PM,832ba8fffffffff,5.72
2022_E_PM,832ba9fffffffff,5.96
2022_E_PM,832babfffffffff,5.33
2022_E_PM,832bacfffffffff,6.0
2022_E_PM,832badfffffffff,5.93
2022_E_PM,834412fffffffff,6.3
2022_E_PM,834413fffffffff,6.73
2022_E_PM,834414fffffffff,6.34
2022_E_PM,834416fffffffff,6.52
2022_E_PM,83441afffffffff,7.79
2022_E_PM,83441bfffffffff,7.25
2022_E_PM,83441efffffffff,7.22
2022_E_PM,834440fffffffff,8.74
2022_E_PM,834441fffffffff,8.68
2022_E_PM,834442fffffffff,8.69
2022_E_PM,834443fffffffff,8.48
2022_E_PM,834444fffffffff,8.33
2022_E_PM,834445fffffffff,8.45
2022_E_PM,834446fffffffff,7.91
2022_E_PM,834448fffffffff,9.32
2022_E_PM,834449fffffffff,8.99
2022_E_PM,83444afffffffff,9.21
2022_E_PM,83444bfffffffff,9.28
2022_E_PM,83444cfffffffff,9.19
2022_E_PM,83444dfffffffff,9.14
2022_E_PM,83444efffffffff,8.97
2022_E_PM,834450fffffffff,9.15
2022_E_PM,834451fffffffff,9.05
2022_E_PM,834452fffffffff,8.89
2022_E_PM,834453fffffffff,9.18
2022_E_PM,834455fffffffff,8.5
2022_E_PM,834456fffffffff,8.55
2022_E_PM,834458fffffffff,8.81
2022_E_PM,834459fffffffff,8.98
2022_E_PM,83445afffffffff,9.21
2022_E_PM,83445bfffffffff,8.85
2022_E_PM,83445cfffffffff,9.18
2022_E_PM,83445dfffffffff,8.78
2022_E_PM,83445efffffffff,9.26
2022_E_PM,834463fffffffff,7.9
2022_E_PM,834468fffffffff,8.88
2022_E_PM,834469fffffffff,8.78
2022_E_PM,83446afffffffff,8.6
2022_E_PM,83446bfffffffff,9.01
2022_E_PM,83446cfffffffff,9.68
2022_E_PM,83446dfffffffff,9.14
2022_E_PM,83446efffffffff,8.67
2022_E_PM,834471fffffffff,7.61
2022_E_PM,834473fffffffff,7.46
2022_E_PM,8344a1fffffffff,6.84
2022_E_PM,8344a5fffffffff,6.27
2022_E_PM,8344a8fffffffff,6.4
2022_E_PM,8344a9fffffffff,7.12
2022_E_PM,8344abfffffffff,6.45
2022_E_PM,8344acfffffffff,6.42
2022_E_PM,8344adfffffffff,6.81
2022_E_PM,8344aefffffffff,6.39
2022_E_PM,8344c0fffffffff,10.04
2022_E_PM,8344c1fffffffff,10.43
2022_E_PM,8344c2fffffffff,9.68
2022_E_PM,8344c3fffffffff,9.72
2022_E_PM,8344c4fffffffff,9.74
2022_E_PM,8344c5fffffffff,10.12
2022_E_PM,8344c6fffffffff,9.48
2022_E_PM,8344c8fffffffff,9.27
2022_E_PM,8344c9fffffffff,8.88
2022_E_PM,8344cafffffffff,8.61
2022_E_PM,8344cbfffffffff,8.93
2022_E_PM,8344ccfffffffff,9.84
2022_E_PM,8344cdfffffffff,9.18
2022_E_PM,8344cefffffffff,8.68
2022_E_PM,8344d0fffffffff,8.17
2022_E_PM,8344d1fffffffff,9.0
2022_E_PM,8344d2fffffffff,7.64
2022_E_PM,8344d3fffffffff,8.34
2022_E_PM,8344d5fffffffff,8.87
2022_E_PM,8344d8fffffffff,9.62
2022_E_PM,8344d9fffffffff,8.24
2022_E_PM,8344dafffffffff,9.34
2022_E_PM,8344dbfffffffff,8.93
2022_E_PM,8344dcfffffffff,9.41
2022_E_PM,8344ddfffffffff,8.9
2022_E_PM,8344defffffffff,9.11
2022_E_PM,8344e0fffffffff,8.7
2022_E_PM,8344e1fffffffff,9.28
2022_E_PM,8344e2fffffffff,9.29
2022_E_PM,8344e3fffffffff,9.71
2022_E_PM,8344e4fffffffff,7.66
2022_E_PM,8344e5fffffffff,8.33
2022_E_PM,8344e6fffffffff,7.99
2022_E_PM,8344e8fffffffff,10.42
2022_E_PM,8344e9fffffffff,9.99
2022_E_PM,8344eafffffffff,9.93
2022_E_PM,8344ebfffffffff,10.39
2022_E_PM,8344ecfffffffff,9.62
2022_E_PM,8344edfffffffff,9.66
2022_E_PM,8344eefffffffff,10.14
2022_E_PM,8344f0fffffffff,7.74
2022_E_PM,8344f1fffffffff,8.69
2022_E_PM,8344f3fffffffff,8.33
2022_E_PM,8344f4fffffffff,7.45
2022_E_PM,8344f5fffffffff,7.77
2022_E_PM,8344f6fffffffff,6.88
2022_E_PM,834859fffffffff,6.71
2022_E_PM,83485afffffffff,6.12
2022_E_PM,83485bfffffffff,6.78
2022_E_PM,834880fffffffff,7.49
2022_E_PM,834881fffffffff,7.21
2022_E_PM,834882fffffffff,7.84
2022_E_PM,834883fffffffff,7.35
2022_E_PM,834886fffffffff,7.6
2022_E_PM,834888fffffffff,6.68
2022_E_PM,834889fffffffff,6.35
2022_E_PM,83488afffffffff,6.72
2022_E_PM,83488bfffffffff,6.75
2022_E_PM,83488cfffffffff,6.72
2022_E_PM,83488dfffffffff,6.01
2022_E_PM,83488efffffffff,6.88
2022_E_PM,834890fffffffff,8.22
2022_E_PM,834891fffffffff,8.38
2022_E_PM,834892fffffffff,8.48
2022_E_PM,834893fffffffff,8.67
2022_E_PM,834895fffffffff,8.18
2022_E_PM,834898fffffffff,7.81
2022_E_PM,834899fffffffff,7.01
2022_E_PM,83489afffffffff,8.73
2022_E_PM,83489bfffffffff,7.74
2022_E_PM,83489cfffffffff,8.4
2022_E_PM,83489dfffffffff,6.92
2022_E_PM,83489efffffffff,8.69
2022_E_PM,8348abfffffffff,5.96
2022_E_PM,8348b1fffffffff,7.93
2022_E_PM,8348b2fffffffff,7.94
2022_E_PM,8348b3fffffffff,8.09
2022_E_PM,8348c0fffffffff,5.48
2022_E_PM,8348c1fffffffff,4.73
2022_E_PM,8348c2fffffffff,5.37
2022_E_PM,8348c3fffffffff,4.62
2022_E_PM,8348c4fffffffff,5.9
2022_E_PM,8348c5fffffffff,5.32
2022_E_PM,8348c6fffffffff,6.53
2022_E_PM,8348c8fffffffff,4.91
2022_E_PM,8348c9fffffffff,4.57
2022_E_PM,8348cafffffffff,4.91
2022_E_PM,8348cbfffffffff,4.56
2022_E_PM,8348ccfffffffff,4.75
2022_E_PM,8348cdfffffffff,4.75
2022_E_PM,8348cefffffffff,4.6
2022_E_PM,8348d0fffffffff,6.39
2022_E_PM,8348d1fffffffff,5.25
2022_E_PM,8348d2fffffffff,6.58
2022_E_PM,8348d3fffffffff,5.88
2022_E_PM,8348d4fffffffff,6.07
2022_E_PM,8348d5fffffffff,5.74
2022_E_PM,8348d6fffffffff,6.7
2022_E_PM,8348d8fffffffff,5.24
2022_E_PM,8348d9fffffffff,4.83
2022_E_PM,8348dafffffffff,4.58
2022_E_PM,8348dbfffffffff,4.5
2022_E_PM,8348dcfffffffff,5.11
2022_E_PM,8348ddfffffffff,4.72
2022_E_PM,8348defffffffff,5.22
2022_E_PM,8348e3fffffffff,5.28
2022_E_PM,8348e8fffffffff,5.95
2022_E_PM,8348e9fffffffff,6.8
2022_E_PM,8348eafffffffff,5.07
2022_E_PM,8348ebfffffffff,5.91
2022_E_PM,8348ecfffffffff,6.3
2022_E_PM,8348edfffffffff,5.98
2022_E_PM,8348eefffffffff,5.61
2022_E_PM,8348f2fffffffff,5.6
2022_E_PM,8348f3fffffffff,5.91
2022_E_PM,8348f6fffffffff,5.6
2024_E_AGE17,8312c9fffffffff,27.7
2024_E_AGE17,8312cafffffffff,14.1
2024_E_AGE17,8312cbfffffffff,19.7
2024_E_AGE17,8312d8fffffffff,17.7
2024_E_AGE17,8312d9fffffffff,18.4
2024_E_AGE17,8312dafffffffff,19.1
2024_E_AGE17,8312dbfffffffff,20.4
2024_E_AGE17,8312ddfffffffff,24.4
2024_E_AGE17,8312defffffffff,13.5
2024_E_AGE17,832600fffffffff,25.4
2024_E_AGE17,832601fffffffff,24.5
2024_E_AGE17,832602fffffffff,25.2
2024_E_AGE17,832603fffffffff,24.8
2024_E_AGE17,832604fffffffff,25.9
2024_E_AGE17,832605fffffffff,24.8
2024_E_AGE17,832606fffffffff,26.1
2024_E_AGE17,832608fffffffff,22.4
2024_E_AGE17,832609fffffffff,22.8
2024_E_AGE17,83260afffffffff,23.5
2024_E_AGE17,83260bfffffffff,22.2
2024_E_AGE17,83260cfffffffff,23.6
2024_E_AGE17,83260dfffffffff,23.8
2024_E_AGE17,83260efffffffff,24.5
2024_E_AGE17,832610fffffffff,34.3
2024_E_AGE17,832611fffffffff,24.9
2024_E_AGE17,832612fffffffff,23.8
2024_E_AGE17,832613fffffffff,23.1
2024_E_AGE17,832614fffffffff,24.4
2024_E_AGE17,832615fffffffff,26.4
2024_E_AGE17,832616fffffffff,24.1
2024_E_AGE17,832618fffffffff,24.1
2024_E_AGE17,832619fffffffff,22.3
2024_E_AGE17,83261afffffffff,22.4
2024_E_AGE17,83261bfffffffff,21.0
2024_E_AGE17,83261cfffffffff,23.2
2024_E_AGE17,83261dfffffffff,23.7
2024_E_AGE17,83261efffffffff,21.1
2024_E_AGE17,832620fffffffff,22.2
2024_E_AGE17,832621fffffffff,24.8
2024_E_AGE17,832622fffffffff,25.1
2024_E_AGE17,832623fffffffff,23.6
2024_E_AGE17,832624fffffffff,23.2
2024_E_AGE17,832625fffffffff,21.2
2024_E_AGE17,832626fffffffff,25.3
2024_E_AGE17,832628fffffffff,23.2
2024_E_AGE17,832629fffffffff,23.2
2024_E_AGE17,83262afffffffff,23.3
2024_E_AGE17,83262bfffffffff,22.1
2024_E_AGE17,83262cfffffffff,23.5
2024_E_AGE17,83262dfffffffff,23.8
2024_E_AGE17,83262efffffffff,22.9
2024_E_AGE17,832630fffffffff,21.2
2024_E_AGE17,832631fffffffff,24.6
2024_E_AGE17,832632fffffffff,33.9
2024_E_AGE17,832633fffffffff,23.9
2024_E_AGE17,832634fffffffff,24.7
2024_E_AGE17,832635fffffffff,23.1
2024_E_AGE17,832636fffffffff,25.3
2024_E_AGE17,832640fffffffff,21.6
2024_E_AGE17,832641fffffffff,20.5
2024_E_AGE17,832642fffffffff,21.9
2024_E_AGE17,832643fffffffff,21.8
2024_E_AGE17,832644fffffffff,21.3
2024_E_AGE17,832645fffffffff,22.8
2024_E_AGE17,832646fffffffff,21.6
2024_E_AGE17,832648fffffffff,20.6
2024_E_AGE17,832649fffffffff,21.2
2024_E_AGE17,83264afffffffff,20.4
2024_E_AGE17,83264bfffffffff,21.2
2024_E_AGE17,83264cfffffffff,20.0
2024_E_AGE17,83264dfffffffff,22.3
2024_E_AGE17,83264efffffffff,20.8
2024_E_AGE17,832650fffffffff,22.2
2024_E_AGE17,832651fffffffff,22.1
2024_E_AGE17,832652fffffffff,24.3
2024_E_AGE17,832653fffffffff,24.0
2024_E_AGE17,832654fffffffff,22.5
2024_E_AGE17,832655fffffffff,23.1
2024_E_AGE17,832656fffffffff,23.5
2024_E_AGE17,832658fffffffff,21.2
2024_E_AGE17,832659fffffffff,21.8
2024_E_AGE17,83265afffffffff,21.6
2024_E_AGE17,83265bfffffffff,21.9
2024_E_AGE17,83265cfffffffff,21.7
2024_E_AGE17,83265dfffffffff,22.4
2024_E_AGE17,83265efffffffff,21.0
2024_E_AGE17,832660fffffffff,23.5
2024_E_AGE17,832661fffffffff,22.6
2024_E_AGE17,832662fffffffff,23.4
2024_E_AGE17,832663fffffffff,22.7
2024_E_AGE17,832664fffffffff,22.5
2024_E_AGE17,832665fffffffff,22.6
2024_E_AGE17,832666fffffffff,22.2
2024_E_AGE17,832668fffffffff,21.6
2024_E_AGE17,832669fffffffff,22.8
2024_E_AGE17,83266afffffffff,22.5
2024_E_AGE17,83266bfffffffff,22.8
2024_E_AGE17,83266cfffffffff,21.8
2024_E_AGE17,83266dfffffffff,22.1
2024_E_AGE17,83266efffffffff,22.2
2024_E_AGE17,832670fffffffff,22.2
2024_E_AGE17,832671fffffffff,21.0
2024_E_AGE17,832672fffffffff,24.0
2024_E_AGE17,832673fffffffff,23.0
2024_E_AGE17,832674fffffffff,22.7
2024_E_AGE17,832675fffffffff,22.0
2024_E_AGE17,832676fffffffff,23.0
2024_E_AGE17,832680fffffffff,19.9
2024_E_AGE17,832681fffffffff,15.2
2024_E_AGE17,832682fffffffff,24.9
2024_E_AGE17,832683fffffffff,21.2
2024_E_AGE17,832684fffffffff,22.3
2024_E_AGE17,832685fffffffff,17.3
2024_E_AGE17,832686fffffffff,24.6
2024_E_AGE17,832688fffffffff,18.5
2024_E_AGE17,832689fffffffff,18.3
2024_E_AGE17,83268afffffffff,19.2
2024_E_AGE17,83268bfffffffff,17.0
2024_E_AGE17,83268cfffffffff,21.6
2024_E_AGE17,83268dfffffffff,23.2
2024_E_AGE17,83268efffffffff,12.3
2024_E_AGE17,832690fffffffff,28.4
2024_E_AGE17,832691fffffffff,24.6
2024_E_AGE17,832692fffffffff,32.6
2024_E_AGE17,832693fffffffff,26.9
2024_E_AGE17,832694fffffffff,25.6
2024_E_AGE17,832695fffffffff,27.9
2024_E_AGE17,832696fffffffff,27.6
2024_E_AGE17,832698fffffffff,17.3
2024_E_AGE17,832699fffffffff,18.7
2024_E_AGE17,83269afffffffff,29.1
2024_E_AGE17,83269bfffffffff,22.7
2024_E_AGE17,83269cfffffffff,19.4
2024_E_AGE17,83269dfffffffff,14.2
2024_E_AGE17,83269efffffffff,21.8
2024_E_AGE17,8326a0fffffffff,18.7
2024_E_AGE17,8326a1fffffffff,19.9
2024_E_AGE17,8326a2fffffffff,20.6
2024_E_AGE17,8326a3fffffffff,18.9
2024_E_AGE17,8326a4fffffffff,22.7
2024_E_AGE17,8326a5fffffffff,17.1
2024_E_AGE17,8326a6fffffffff,20.8
2024_E_AGE17,8326a8fffffffff,20.9
2024_E_AGE17,8326a9fffffffff,24.3
2024_E_AGE17,8326aafffffffff,24.3
2024_E_AGE17,8326abfffffffff,24.1
2024_E_AGE17,8326acfffffffff,23.7
2024_E_AGE17,8326adfffffffff,22.7
2024_E_AGE17,8326aefffffffff,22.7
2024_E_AGE17,8326b0fffffffff,22.3
2024_E_AGE17,8326b1fffffffff,19.9
2024_E_AGE17,8326b2fffffffff,24.2
2024_E_AGE17,8326b3fffffffff,24.6
2024_E_AGE17,8326b4fffffffff,16.9
2024_E_AGE17,8326b5fffffffff,23.1
2024_E_AGE17,8326b6fffffffff,20.6
2024_E_AGE17,8326c0fffffffff,24.7
2024_E_AGE17,8326c1fffffffff,23.9
2024_E_AGE17,8326c2fffffffff,24.0
2024_E_AGE17,8326c3fffffffff,21.4
2024_E_AGE17,8326c4fffffffff,22.9
2024_E_AGE17,8326c5fffffffff,22.8
2024_E_AGE17,8326c6fffffffff,23.8
2024_E_AGE17,8326c8fffffffff,22.8
2024_E_AGE17,8326c9fffffffff,22.3
2024_E_AGE17,8326cafffffffff,21.2
2024_E_AGE17,8326cbfffffffff,24.4
2024_E_AGE17,8326ccfffffffff,22.6
2024_E_AGE17,8326cdfffffffff,22.8
2024_E_AGE17,8326cefffffffff,22.7
2024_E_AGE17,8326d0fffffffff,28.7
2024_E_AGE17,8326d1fffffffff,22.0
2024_E_AGE17,8326d2fffffffff,17.7
2024_E_AGE17,8326d3fffffffff,27.3
2024_E_AGE17,8326d4fffffffff,21.5
2024_E_AGE17,8326d5fffffffff,25.8
2024_E_AGE17,8326d6fffffffff,21.2
2024_E_AGE17,8326d8fffffffff,23.3
2024_E_AGE17,8326d9fffffffff,19.4
2024_E_AGE17,8326dafffffffff,26.4
2024_E_AGE17,8326dbfffffffff,23.3
2024_E_AGE17,8326dcfffffffff,21.0
2024_E_AGE17,8326ddfffffffff,21.5
2024_E_AGE17,8326defffffffff,22.7
2024_E_AGE17,8326e0fffffffff,22.0
2024_E_AGE17,8326e1fffffffff,21.7
2024_E_AGE17,8326e2fffffffff,23.1
2024_E_AGE17,8326e3fffffffff,24.0
2024_E_AGE17,8326e4fffffffff,21.8
2024_E_AGE17,8326e5fffffffff,22.9
2024_E_AGE17,8326e6fffffffff,21.6
2024_E_AGE17,8326e8fffffffff,22.9
2024_E_AGE17,8326e9fffffffff,22.8
2024_E_AGE17,8326eafffffffff,22.9
2024_E_AGE17,8326ebfffffffff,21.8
2024_E_AGE17,8326ecfffffffff,23.8
2024_E_AGE17,8326edfffffffff,21.3
2024_E_AGE17,8326eefffffffff,22.9
2024_E_AGE17,8326f0fffffffff,27.5
2024_E_AGE17,8326f1fffffffff,23.7
2024_E_AGE17,8326f2fffffffff,24.8
2024_E_AGE17,8326f3fffffffff,27.0
2024_E_AGE17,8326f4fffffffff,22.9
2024_E_AGE17,8326f5fffffffff,21.3
2024_E_AGE17,8326f6fffffffff,24.6
2024_E_AGE17,832708fffffffff,16.0
2024_E_AGE17,832709fffffffff,15.9
2024_E_AGE17,83270afffffffff,24.1
2024_E_AGE17,83270bfffffffff,19.1
2024_E_AGE17,83270dfffffffff,15.0
2024_E_AGE17,83270efffffffff,19.0
2024_E_AGE17,832718fffffffff,21.7
2024_E_AGE17,832719fffffffff,24.5
2024_E_AGE17,83271afffffffff,22.8
2024_E_AGE17,83271bfffffffff,22.1
2024_E_AGE17,83271cfffffffff,21.4
2024_E_AGE17,83271dfffffffff,22.3
2024_E_AGE17,83271efffffffff,24.2
2024_E_AGE17,832740fffffffff,16.9
2024_E_AGE17,832741fffffffff,18.7
2024_E_AGE17,832742fffffffff,18.6
2024_E_AGE17,832743fffffffff,21.6
2024_E_AGE17,832744fffffffff,17.9
2024_E_AGE17,832745fffffffff,17.0
2024_E_AGE17,832746fffffffff,17.7
2024_E_AGE17,832748fffffffff,22.9
2024_E_AGE17,832749fffffffff,22.2
2024_E_AGE17,83274bfffffffff,24.2
2024_E_AGE17,83274cfffffffff,20.6
2024_E_AGE17,83274dfffffffff,21.0
2024_E_AGE17,83274efffffffff,20.4
2024_E_AGE17,832750fffffffff,17.2
2024_E_AGE17,832751fffffffff,22.9
2024_E_AGE17,832752fffffffff,21.8
2024_E_AGE17,832753fffffffff,22.5
2024_E_AGE17,832754fffffffff,18.4
2024_E_AGE17,832755fffffffff,15.0
2024_E_AGE17,832756fffffffff,19.6
2024_E_AGE17,832758fffffffff,21.5
2024_E_AGE17,832759fffffffff,21.9
2024_E_AGE17,83275afffffffff,23.0
2024_E_AGE17,83275bfffffffff,21.2
2024_E_AGE17,83275cfffffffff,20.2
2024_E_AGE17,83275dfffffffff,20.0
2024_E_AGE17,83275efffffffff,23.1
2024_E_AGE17,832763fffffffff,16.7
2024_E_AGE17,832768fffffffff,15.2
2024_E_AGE17,83276afffffffff,17.7
2024_E_AGE17,83276bfffffffff,19.5
2024_E_AGE17,83276efffffffff,15.8
2024_E_AGE17,832770fffffffff,0.7
2024_E_AGE17,832771fffffffff,15.6
2024_E_AGE17,832772fffffffff,13.6
2024_E_AGE17,832773fffffffff,15.7
2024_E_AGE17,832780fffffffff,19.4
2024_E_AGE17,832781fffffffff,23.8
2024_E_AGE17,832782fffffffff,21.3
2024_E_AGE17,832783fffffffff,21.5
2024_E_AGE17,832784fffffffff,18.7
2024_E_AGE17,832785fffffffff,26.7
2024_E_AGE17,832786fffffffff,23.3
2024_E_AGE17,832788fffffffff,20.7
2024_E_AGE17,832789fffffffff,22.9
2024_E_AGE17,83278afffffffff,19.2
2024_E_AGE17,83278bfffffffff,20.4
2024_E_AGE17,83278cfffffffff,23.0
2024_E_AGE17,83278dfffffffff,22.6
2024_E_AGE17,83278efffffffff,22.4
2024_E_AGE17,832790fffffffff,22.2
2024_E_AGE17,832791fffffffff,18.5
2024_E_AGE17,832792fffffffff,17.8
2024_E_AGE17,832793fffffffff,18.3
2024_E_AGE17,832794fffffffff,26.6
2024_E_AGE17,832795fffffffff,24.9
2024_E_AGE17,832796fffffffff,23.6
2024_E_AGE17,832798fffffffff,29.6
2024_E_AGE17,832799fffffffff,22.8
2024_E_AGE17,83279afffffffff,16.9
2024_E_AGE17,83279bfffffffff,19.7
2024_E_AGE17,83279cfffffffff,20.7
2024_E_AGE17,83279dfffffffff,22.3
2024_E_AGE17,83279efffffffff,21.4
2024_E_AGE17,8327a3fffffffff,21.4
2024_E_AGE17,8327a8fffffffff,27.6
2024_E_AGE17,8327a9fffffffff,21.7
2024_E_AGE17,8327aafffffffff,28.7
2024_E_AGE17,8327abfffffffff,24.3
2024_E_AGE17,8327acfffffffff,24.4
2024_E_AGE17,8327adfffffffff,23.5
2024_E_AGE17,8327aefffffffff,22.6
2024_E_AGE17,8327b3fffffffff,23.7
2024_E_AGE17,832800fffffffff,15.2
2024_E_AGE17,832802fffffffff,17.6
2024_E_AGE17,832806fffffffff,17.1
2024_E_AGE17,832810fffffffff,20.0
2024_E_AGE17,832811fffffffff,17.6
2024_E_AGE17,832812fffffffff,18.5
2024_E_AGE17,832813fffffffff,17.9
2024_E_AGE17,832814fffffffff,17.1
2024_E_AGE17,832815fffffffff,19.3
2024_E_AGE17,832816fffffffff,18.2
2024_E_AGE17,832818fffffffff,16.6
2024_E_AGE17,83281afffffffff,16.6
2024_E_AGE17,83281bfffffffff,16.5
2024_E_AGE17,83281cfffffffff,18.1
2024_E_AGE17,83281efffffffff,17.9
2024_E_AGE17,832830fffffffff,18.2
2024_E_AGE17,832831fffffffff,17.5
2024_E_AGE17,832832fffffffff,18.8
2024_E_AGE17,832833fffffffff,22.1
2024_E_AGE17,832834fffffffff,19.5
2024_E_AGE17,832835fffffffff,4.7
2024_E_AGE17,832836fffffffff,22.8
2024_E_AGE17,832880fffffffff,16.4
2024_E_AGE17,832881fffffffff,20.3
2024_E_AGE17,832882fffffffff,13.8
2024_E_AGE17,832883fffffffff,14.4
2024_E_AGE17,832884fffffffff,20.8
2024_E_AGE17,832885fffffffff,17.5
2024_E_AGE17,832886fffffffff,17.0
2024_E_AGE17,832888fffffffff,23.7
2024_E_AGE17,832889fffffffff,25.6
2024_E_AGE17,83288afffffffff,21.8
2024_E_AGE17,83288bfffffffff,23.2
2024_E_AGE17,83288cfffffffff,20.1
2024_E_AGE17,83288dfffffffff,22.5
2024_E_AGE17,83288efffffffff,19.8
2024_E_AGE17,832890fffffffff,14.5
2024_E_AGE17,832891fffffffff,13.1
2024_E_AGE17,832892fffffffff,16.1
2024_E_AGE17,832893fffffffff,18.5
2024_E_AGE17,832894fffffffff,25.2
2024_E_AGE17,832895fffffffff,17.9
2024_E_AGE17,832896fffffffff,17.7
2024_E_AGE17,832898fffffffff,18.4
2024_E_AGE17,832899fffffffff,19.0
2024_E_AGE17,83289afffffffff,19.7
2024_E_AGE17,83289bfffffffff,18.2
2024_E_AGE17,83289cfffffffff,11.3
2024_E_AGE17,83289dfffffffff,17.5
2024_E_AGE17,83289efffffffff,17.5
2024_E_AGE17,8328a0fffffffff,19.5
2024_E_AGE17,8328a1fffffffff,17.8
2024_E_AGE17,8328a2fffffffff,21.8
2024_E_AGE17,8328a3fffffffff,15.3
2024_E_AGE17,8328a4fffffffff,23.0
2024_E_AGE17,8328a5fffffffff,18.3
2024_E_AGE17,8328a6fffffffff,24.0
2024_E_AGE17,8328a8fffffffff,19.4
2024_E_AGE17,8328a9fffffffff,16.9
2024_E_AGE17,8328aafffffffff,17.5
2024_E_AGE17,8328abfffffffff,17.8
2024_E_AGE17,8328acfffffffff,16.7
2024_E_AGE17,8328adfffffffff,13.5
2024_E_AGE17,8328aefffffffff,17.6
2024_E_AGE17,8328b0fffffffff,30.4
2024_E_AGE17,8328b1fffffffff,26.1
2024_E_AGE17,8328b2fffffffff,27.6
2024_E_AGE17,8328b3fffffffff,25.4
2024_E_AGE17,8328b4fffffffff,32.9
2024_E_AGE17,8328b5fffffffff,26.0
2024_E_AGE17,8328b6fffffffff,29.9
2024_E_AGE17,8328c2fffffffff,15.8
2024_E_AGE17,8328c6fffffffff,18.1
2024_E_AGE17,8328d0fffffffff,19.0
2024_E_AGE17,8328d1fffffffff,17.3
2024_E_AGE17,8328d2fffffffff,18.1
2024_E_AGE17,8328d3fffffffff,12.9
2024_E_AGE17,8328d4fffffffff,18.9
2024_E_AGE17,8328d5fffffffff,17.2
2024_E_AGE17,8328d6fffffffff,20.4
2024_E_AGE17,8328defffffffff,13.5
2024_E_AGE17,8328f0fffffffff,21.7
2024_E_AGE17,8328f1fffffffff,18.3
2024_E_AGE17,8328f2fffffffff,20.1
2024_E_AGE17,8328f3fffffffff,20.6
2024_E_AGE17,8328f4fffffffff,20.5
2024_E_AGE17,8328f5fffffffff,18.1
2024_E_AGE17,8328f6fffffffff,21.3
2024_E_AGE17,832912fffffffff,22.3
2024_E_AGE17,832913fffffffff,23.6
2024_E_AGE17,832916fffffffff,0.0
2024_E_AGE17,83291afffffffff,18.2
2024_E_AGE17,832980fffffffff,12.0
2024_E_AGE17,832981fffffffff,10.5
2024_E_AGE17,832982fffffffff,23.2
2024_E_AGE17,832983fffffffff,12.4
2024_E_AGE17,832984fffffffff,19.2
2024_E_AGE17,832985fffffffff,17.3
2024_E_AGE17,832986fffffffff,22.1
2024_E_AGE17,832988fffffffff,20.4
2024_E_AGE17,832989fffffffff,15.6
2024_E_AGE17,83298afffffffff,27.4
2024_E_AGE17,83298bfffffffff,19.4
2024_E_AGE17,83298cfffffffff,17.0
2024_E_AGE17,83298dfffffffff,15.9
2024_E_AGE17,83298efffffffff,15.8
2024_E_AGE17,832990fffffffff,27.5
2024_E_AGE17,832991fffffffff,29.7
2024_E_AGE17,832992fffffffff,20.8
2024_E_AGE17,832993fffffffff,27.4
2024_E_AGE17,832994fffffffff,15.0
2024_E_AGE17,832995fffffffff,17.1
2024_E_AGE17,832996fffffffff,26.2
2024_E_AGE17,832998fffffffff,18.6
2024_E_AGE17,832999fffffffff,24.0
2024_E_AGE17,83299afffffffff,27.0
2024_E_AGE17,83299bfffffffff,26.9
2024_E_AGE17,83299cfffffffff,21.1
2024_E_AGE17,83299dfffffffff,23.4
2024_E_AGE17,83299efffffffff,28.3
2024_E_AGE17,8329a0fffffffff,22.0
2024_E_AGE17,8329a1fffffffff,20.6
2024_E_AGE17,8329a2fffffffff,19.5
2024_E_AGE17,8329a3fffffffff,21.8
2024_E_AGE17,8329a4fffffffff,20.1
2024_E_AGE17,8329a5fffffffff,17.3
2024_E_AGE17,8329a6fffffffff,17.9
2024_E_AGE17,8329a8fffffffff,30.0
2024_E_AGE17,8329a9fffffffff,25.4
2024_E_AGE17,8329aafffffffff,20.7
2024_E_AGE17,8329abfffffffff,19.4
2024_E_AGE17,8329acfffffffff,19.5
2024_E_AGE17,8329adfffffffff,16.0
2024_E_AGE17,8329aefffffffff,16.9
2024_E_AGE17,8329b0fffffffff,11.7
2024_E_AGE17,8329b1fffffffff,12.8
2024_E_AGE17,8329b2fffffffff,17.9
2024_E_AGE17,8329b3fffffffff,16.6
2024_E_AGE17,8329b4fffffffff,16.0
2024_E_AGE17,8329b5fffffffff,21.3
2024_E_AGE17,8329b6fffffffff,15.6
2024_E_AGE17,832a06fffffffff,17.0
2024_E_AGE17,832a10fffffffff,20.9
2024_E_AGE17,832a12fffffffff,18.8
2024_E_AGE17,832a13fffffffff,19.3
2024_E_AGE17,832a14fffffffff,18.9
2024_E_AGE17,832a15fffffffff,18.1
2024_E_AGE17,832a16fffffffff,17.1
2024_E_AGE17,832a30fffffffff,20.6
2024_E_AGE17,832a31fffffffff,16.6
2024_E_AGE17,832a32fffffffff,18.2
2024_E_AGE17,832a33fffffffff,19.6
2024_E_AGE17,832a34fffffffff,18.3
2024_E_AGE17,832a36fffffffff,17.6
2024_E_AGE17,832a80fffffffff,19.4
2024_E_AGE17,832a81fffffffff,19.9
2024_E_AGE17,832a82fffffffff,20.7
2024_E_AGE17,832a83fffffffff,19.7
2024_E_AGE17,832a84fffffffff,19.0
2024_E_AGE17,832a85fffffffff,18.7
2024_E_AGE17,832a86fffffffff,21.0
2024_E_AGE17,832a88fffffffff,19.0
2024_E_AGE17,832a89fffffffff,20.4
2024_E_AGE17,832a8afffffffff,18.3
2024_E_AGE17,832a8bfffffffff,20.4
2024_E_AGE17,832a8cfffffffff,19.4
2024_E_AGE17,832a8dfffffffff,18.9
2024_E_AGE17,832a8efffffffff,17.0
2024_E_AGE17,832a90fffffffff,23.1
2024_E_AGE17,832a91fffffffff,22.3
2024_E_AGE17,832a92fffffffff,22.4
2024_E_AGE17,832a93fffffffff,22.7
2024_E_AGE17,832a94fffffffff,22.2
2024_E_AGE17,832a95fffffffff,23.3
2024_E_AGE17,832a96fffffffff,24.8
2024_E_AGE17,832a98fffffffff,20.9
2024_E_AGE17,832a99fffffffff,18.7
2024_E_AGE17,832a9afffffffff,22.3
2024_E_AGE17,832a9bfffffffff,20.6
2024_E_AGE17,832a9cfffffffff,21.8
2024_E_AGE17,832a9dfffffffff,20.1
2024_E_AGE17,832a9efffffffff,22.8
2024_E_AGE17,832aa0fffffffff,19.5
2024_E_AGE17,832aa1fffffffff,21.2
2024_E_AGE17,832aa2fffffffff,18.7
2024_E_AGE17,832aa3fffffffff,19.4
2024_E_AGE17,832aa4fffffffff,21.0
2024_E_AGE17,832aa5fffffffff,18.7
2024_E_AGE17,832aa6fffffffff,20.8
2024_E_AGE17,832aa8fffffffff,21.0
2024_E_AGE17,832aa9fffffffff,17.6
2024_E_AGE17,832aaafffffffff,21.2
2024_E_AGE17,832aabfffffffff,21.0
2024_E_AGE17,832aacfffffffff,22.4
2024_E_AGE17,832aadfffffffff,20.3
2024_E_AGE17,832aaefffffffff,21.6
2024_E_AGE17,832ab1fffffffff,20.8
2024_E_AGE17,832ab2fffffffff,20.3
2024_E_AGE17,832ab3fffffffff,21.6
2024_E_AGE17,832ab5fffffffff,21.8
2024_E_AGE17,832ab6fffffffff,21.1
2024_E_AGE17,832ad0fffffffff,21.5
2024_E_AGE17,832ad2fffffffff,22.3
2024_E_AGE17,832ad3fffffffff,18.5
2024_E_AGE17,832ad4fffffffff,21.4
2024_E_AGE17,832ad5fffffffff,16.8
2024_E_AGE17,832ad6fffffffff,22.3
2024_E_AGE17,832af0fffffffff,22.2
2024_E_AGE17,832af2fffffffff,18.8
2024_E_AGE17,832af3fffffffff,18.9
2024_E_AGE17,832af6fffffffff,18.5
2024_E_AGE17,832b10fffffffff,16.4
2024_E_AGE17,832b11fffffffff,19.1
2024_E_AGE17,832b12fffffffff,17.7
2024_E_AGE17,832b13fffffffff,13.5
2024_E_AGE17,832b18fffffffff,18.4
2024_E_AGE17,832b1afffffffff,18.6
2024_E_AGE17,832b1bfffffffff,13.9
2024_E_AGE17,832b1efffffffff,18.3
2024_E_AGE17,832b81fffffffff,21.6
2024_E_AGE17,832b88fffffffff,14.7
2024_E_AGE17,832b89fffffffff,18.3
2024_E_AGE17,832b8afffffffff,22.5
2024_E_AGE17,832b8bfffffffff,19.3
2024_E_AGE17,832b8cfffffffff,16.8
2024_E_AGE17,832b8dfffffffff,17.3
2024_E_AGE17,832b8efffffffff,21.4
2024_E_AGE17,832b99fffffffff,20.4
2024_E_AGE17,832b9bfffffffff,19.7
2024_E_AGE17,832ba8fffffffff,12.4
2024_E_AGE17,832ba9fffffffff,16.2
2024_E_AGE17,832babfffffffff,19.2
2024_E_AGE17,832bacfffffffff,11.4
2024_E_AGE17,832badfffffffff,11.1
2024_E_AGE17,834412fffffffff,14.8
2024_E_AGE17,834413fffffffff,16.6
2024_E_AGE17,834414fffffffff,2.1
2024_E_AGE17,834416fffffffff,17.2
2024_E_AGE17,83441afffffffff,18.8
2024_E_AGE17,83441bfffffffff,17.4
2024_E_AGE17,83441efffffffff,14.4
2024_E_AGE17,834440fffffffff,20.7
2024_E_AGE17,834441fffffffff,23.3
2024_E_AGE17,834442fffffffff,22.2
2024_E_AGE17,834443fffffffff,21.7
2024_E_AGE17,834444fffffffff,21.9
2024_E_AGE17,834445fffffffff,24.2
2024_E_AGE17,834446fffffffff,20.7
2024_E_AGE17,834448fffffffff,20.3
2024_E_AGE17,834449fffffffff,23.1
2024_E_AGE17,83444afffffffff,21.7
2024_E_AGE17,83444bfffffffff,18.1
2024_E_AGE17,83444cfffffffff,21.9
2024_E_AGE17,83444dfffffffff,21.9
2024_E_AGE17,83444efffffffff,21.8
2024_E_AGE17,834450fffffffff,22.4
2024_E_AGE17,834451fffffffff,22.8
2024_E_AGE17,834452fffffffff,22.3
2024_E_AGE17,834453fffffffff,21.1
2024_E_AGE17,834455fffffffff,20.5
2024_E_AGE17,834456fffffffff,17.4
2024_E_AGE17,834458fffffffff,21.2
2024_E_AGE17,834459fffffffff,21.2
2024_E_AGE17,83445afffffffff,22.7
2024_E_AGE17,83445bfffffffff,22.9
2024_E_AGE17,83445cfffffffff,22.8
2024_E_AGE17,83445dfffffffff,20.8
2024_E_AGE17,83445efffffffff,21.6
2024_E_AGE17,834463fffffffff,8.9
2024_E_AGE17,834468fffffffff,21.5
2024_E_AGE17,834469fffffffff,20.5
2024_E_AGE17,83446afffffffff,21.2
2024_E_AGE17,83446bfffffffff,24.2
2024_E_AGE17,83446cfffffffff,25.1
2024_E_AGE17,83446dfffffffff,22.0
2024_E_AGE17,83446efffffffff,23.7
2024_E_AGE17,834471fffffffff,23.0
2024_E_AGE17,834473fffffffff,17.0
2024_E_AGE17,8344a1fffffffff,15.2
2024_E_AGE17,8344a5fffffffff,24.7
2024_E_AGE17,8344a8fffffffff,18.1
2024_E_AGE17,8344a9fffffffff,19.6
2024_E_AGE17,8344abfffffffff,5.4
2024_E_AGE17,8344acfffffffff,16.2
2024_E_AGE17,8344adfffffffff,17.3
2024_E_AGE17,8344aefffffffff,15.8
2024_E_AGE17,8344c0fffffffff,19.4
2024_E_AGE17,8344c1fffffffff,23.7
2024_E_AGE17,8344c2fffffffff,20.7
2024_E_AGE17,8344c3fffffffff,19.8
2024_E_AGE17,8344c4fffffffff,20.6
2024_E_AGE17,8344c5fffffffff,20.1
2024_E_AGE17,8344c6fffffffff,22.9
2024_E_AGE17,8344c8fffffffff,19.4
2024_E_AGE17,8344c9fffffffff,21.1
2024_E_AGE17,8344cafffffffff,15.7
2024_E_AGE17,8344cbfffffffff,21.0
2024_E_AGE17,8344ccfffffffff,21.8
2024_E_AGE17,8344cdfffffffff,20.3
2024_E_AGE17,8344cefffffffff,18.2
2024_E_AGE17,8344d0fffffffff,18.3
2024_E_AGE17,8344d1fffffffff,21.2
2024_E_AGE17,8344d2fffffffff,23.9
2024_E_AGE17,8344d3fffffffff,20.6
2024_E_AGE17,8344d5fffffffff,21.2
2024_E_AGE17,8344d8fffffffff,20.7
2024_E_AGE17,8344d9fffffffff,17.7
2024_E_AGE17,8344dafffffffff,21.0
2024_E_AGE17,8344dbfffffffff,19.4
2024_E_AGE17,8344dcfffffffff,19.9
2024_E_AGE17,8344ddfffffffff,19.7
2024_E_AGE17,8344defffffffff,20.7
2024_E_AGE17,8344e0fffffffff,20.5
2024_E_AGE17,8344e1fffffffff,21.5
2024_E_AGE17,8344e2fffffffff,21.8
2024_E_AGE17,8344e3fffffffff,20.3
2024_E_AGE17,8344e4fffffffff,16.6
2024_E_AGE17,8344e5fffffffff,21.6
2024_E_AGE17,8344e6fffffffff,14.9
2024_E_AGE17,8344e8fffffffff,20.5
2024_E_AGE17,8344e9fffffffff,21.7
2024_E_AGE17,8344eafffffffff,21.9
2024_E_AGE17,8344ebfffffffff,21.5
2024_E_AGE17,8344ecfffffffff,20.6
2024_E_AGE17,8344edfffffffff,20.6
2024_E_AGE17,8344eefffffffff,19.6
2024_E_AGE17,8344f0fffffffff,22.2
2024_E_AGE17,8344f1fffffffff,23.1
2024_E_AGE17,8344f3fffffffff,21.2
2024_E_AGE17,8344f4fffffffff,17.2
2024_E_AGE17,8344f5fffffffff,21.0
2024_E_AGE17,8344f6fffffffff,17.5
2024_E_AGE17,834859fffffffff,13.0
2024_E_AGE17,83485afffffffff,6.0
2024_E_AGE17,83485bfffffffff,16.7
2024_E_AGE17,834880fffffffff,21.3
2024_E_AGE17,834881fffffffff,26.2
2024_E_AGE17,834882fffffffff,23.3
2024_E_AGE17,834883fffffffff,23.7
2024_E_AGE17,834886fffffffff,29.3
2024_E_AGE17,834888fffffffff,17.5
2024_E_AGE17,834889fffffffff,21.3
2024_E_AGE17,83488afffffffff,25.0
2024_E_AGE17,83488bfffffffff,29.0
2024_E_AGE17,83488cfffffffff,13.9
2024_E_AGE17,83488dfffffffff,16.3
2024_E_AGE17,83488efffffffff,17.6
2024_E_AGE17,834890fffffffff,18.9
2024_E_AGE17,834891fffffffff,22.9
2024_E_AGE17,834892fffffffff,18.6
2024_E_AGE17,834893fffffffff,25.6
2024_E_AGE17,834895fffffffff,25.6
2024_E_AGE17,834898fffffffff,17.5
2024_E_AGE17,834899fffffffff,18.8
2024_E_AGE17,83489afffffffff,21.9
2024_E_AGE17,83489bfffffffff,19.8
2024_E_AGE17,83489cfffffffff,22.4
2024_E_AGE17,83489dfffffffff,17.2
2024_E_AGE17,83489efffffffff,21.9
2024_E_AGE17,8348abfffffffff,16.3
2024_E_AGE17,8348b1fffffffff,31.1
2024_E_AGE17,8348b2fffffffff,27.9
2024_E_AGE17,8348b3fffffffff,24.6
2024_E_AGE17,8348c0fffffffff,17.6
2024_E_AGE17,8348c1fffffffff,17.0
2024_E_AGE17,8348c2fffffffff,15.9
2024_E_AGE17,8348c3fffffffff,12.7
2024_E_AGE17,8348c4fffffffff,25.1
2024_E_AGE17,8348c5fffffffff,22.5
2024_E_AGE17,8348c6fffffffff,22.8
2024_E_AGE17,8348c8fffffffff,25.1
2024_E_AGE17,8348c9fffffffff,24.8
2024_E_AGE17,8348cafffffffff,23.7
2024_E_AGE17,8348cbfffffffff,26.6
2024_E_AGE17,8348ccfffffffff,30.1
2024_E_AGE17,8348cdfffffffff,14.9
2024_E_AGE17,8348cefffffffff,17.4
2024_E_AGE17,8348d0fffffffff,26.8
2024_E_AGE17,8348d1fffffffff,16.4
2024_E_AGE17,8348d2fffffffff,28.2
2024_E_AGE17,8348d3fffffffff,25.0
2024_E_AGE17,8348d4fffffffff,19.9
2024_E_AGE17,8348d5fffffffff,23.7
2024_E_AGE17,8348d6fffffffff,32.2
2024_E_AGE17,8348d8fffffffff,18.2
2024_E_AGE17,8348d9fffffffff,23.1
2024_E_AGE17,8348dafffffffff,16.3
2024_E_AGE17,8348dbfffffffff,22.2
2024_E_AGE17,8348dcfffffffff,24.9
2024_E_AGE17,8348ddfffffffff,22.7
2024_E_AGE17,8348defffffffff,18.9
2024_E_AGE17,8348e3fffffffff,21.1
2024_E_AGE17,8348e8fffffffff,21.6
2024_E_AGE17,8348e9fffffffff,14.9
2024_E_AGE17,8348eafffffffff,22.3
2024_E_AGE17,8348ebfffffffff,17.0
2024_E_AGE17,8348ecfffffffff,26.3
2024_E_AGE17,8348edfffffffff,25.3
2024_E_AGE17,8348eefffffffff,18.0
2024_E_AGE17,8348f2fffffffff,15.7
2024_E_AGE17,8348f3fffffffff,16.9
2024_E_AGE17,8348f6fffffffff,28.4
2024_E_AGE65,8312c9fffffffff,15.1
2024_E_AGE65,8312cafffffffff,31.1
2024_E_AGE65,8312cbfffffffff,19.4
2024_E_AGE65,8312d8fffffffff,29.3
2024_E_AGE65,8312d9fffffffff,29.7
2024_E_AGE65,8312dafffffffff,26.2
2024_E_AGE65,8312dbfffffffff,22.7
2024_E_AGE65,8312ddfffffffff,25.1
2024_E_AGE65,8312defffffffff,33.1
2024_E_AGE65,832600fffffffff,19.6
2024_E_AGE65,832601fffffffff,20.8
2024_E_AGE65,832602fffffffff,22.2
2024_E_AGE65,832603fffffffff,21.3
2024_E_AGE65,832604fffffffff,20.2
2024_E_AGE65,832605fffffffff,20.4
2024_E_AGE65,832606fffffffff,19.6
2024_E_AGE65,832608fffffffff,21.1
2024_E_AGE65,832609fffffffff,21.2
2024_E_AGE65,83260afffffffff,20.6
2024_E_AGE65,83260bfffffffff,22.1
2024_E_AGE65,83260cfffffffff,22.1
2024_E_AGE65,83260dfffffffff,19.7
2024_E_AGE65,83260efffffffff,20.2
2024_E_AGE65,832610fffffffff,12.9
2024_E_AGE65,832611fffffffff,22.0
2024_E_AGE65,832612fffffffff,22.9
2024_E_AGE65,832613fffffffff,21.3
2024_E_AGE65,832614fffffffff,21.3
2024_E_AGE65,832615fffffffff,20.8
2024_E_AGE65,832616fffffffff,16.7
2024_E_AGE65,832618fffffffff,20.4
2024_E_AGE65,832619fffffffff,24.2
2024_E_AGE65,83261afffffffff,23.8
2024_E_AGE65,83261bfffffffff,25.2
2024_E_AGE65,83261cfffffffff,25.5
2024_E_AGE65,83261dfffffffff,20.8
2024_E_AGE65,83261efffffffff,26.7
2024_E_AGE65,832620fffffffff,23.1
2024_E_AGE65,832621fffffffff,17.2
2024_E_AGE65,832622fffffffff,22.3
2024_E_AGE65,832623fffffffff,21.3
2024_E_AGE65,832624fffffffff,23.3
2024_E_AGE65,832625fffffffff,23.3
2024_E_AGE65,832626fffffffff,18.1
2024_E_AGE65,832628fffffffff,21.6
2024_E_AGE65,832629fffffffff,20.0
2024_E_AGE65,83262afffffffff,22.4
2024_E_AGE65,83262bfffffffff,20.4
2024_E_AGE65,83262cfffffffff,17.4
2024_E_AGE65,83262dfffffffff,20.5
2024_E_AGE65,83262efffffffff,21.9
2024_E_AGE65,832630fffffffff,27.9
2024_E_AGE65,832631fffffffff,22.7
2024_E_AGE65,832632fffffffff,12.5
2024_E_AGE65,832633fffffffff,22.8
2024_E_AGE65,832634fffffffff,22.5
2024_E_AGE65,832635fffffffff,23.1
2024_E_AGE65,832636fffffffff,20.0
2024_E_AGE65,832640fffffffff,19.2
2024_E_AGE65,832641fffffffff,22.0
2024_E_AGE65,832642fffffffff,20.2
2024_E_AGE65,832643fffffffff,19.8
2024_E_AGE65,832644fffffffff,20.1
2024_E_AGE65,832645fffffffff,20.8
2024_E_AGE65,832646fffffffff,19.4
2024_E_AGE65,832648fffffffff,20.9
2024_E_AGE65,832649fffffffff,18.3
2024_E_AGE65,83264afffffffff,19.2
2024_E_AGE65,83264bfffffffff,19.5
2024_E_AGE65,83264cfffffffff,17.4
2024_E_AGE65,83264dfffffffff,16.0
2024_E_AGE65,83264efffffffff,19.5
2024_E_AGE65,832650fffffffff,22.9
2024_E_AGE65,832651fffffffff,20.4
2024_E_AGE65,832652fffffffff,19.5
2024_E_AGE65,832653fffffffff,19.8
2024_E_AGE65,832654fffffffff,21.2
2024_E_AGE65,832655fffffffff,18.5
2024_E_AGE65,832656fffffffff,17.0
2024_E_AGE65,832658fffffffff,20.8
2024_E_AGE65,832659fffffffff,19.0
2024_E_AGE65,83265afffffffff,22.5
2024_E_AGE65,83265bfffffffff,19.9
2024_E_AGE65,83265cfffffffff,22.7
2024_E_AGE65,83265dfffffffff,18.5
2024_E_AGE65,83265efffffffff,24.5
2024_E_AGE65,832660fffffffff,19.3
2024_E_AGE65,832661fffffffff,17.6
2024_E_AGE65,832662fffffffff,18.2
2024_E_AGE65,832663fffffffff,20.8
2024_E_AGE65,832664fffffffff,18.0
2024_E_AGE65,832665fffffffff,19.4
2024_E_AGE65,832666fffffffff,18.5
2024_E_AGE65,832668fffffffff,17.2
2024_E_AGE65,832669fffffffff,19.1
2024_E_AGE65,83266afffffffff,18.9
2024_E_AGE65,83266bfffffffff,17.6
2024_E_AGE65,83266cfffffffff,18.8
2024_E_AGE65,83266dfffffffff,18.0
2024_E_AGE65,83266efffffffff,18.7
2024_E_AGE65,832670fffffffff,21.7
2024_E_AGE65,832671fffffffff,21.4
2024_E_AGE65,832672fffffffff,21.5
2024_E_AGE65,832673fffffffff,21.2
2024_E_AGE65,832674fffffffff,19.6
2024_E_AGE65,832675fffffffff,21.4
2024_E_AGE65,832676fffffffff,19.7
2024_E_AGE65,832680fffffffff,20.2
2024_E_AGE65,832681fffffffff,19.9
2024_E_AGE65,832682fffffffff,15.4
2024_E_AGE65,832683fffffffff,17.4
2024_E_AGE65,832684fffffffff,21.1
2024_E_AGE65,832685fffffffff,29.3
2024_E_AGE65,832686fffffffff,14.9
2024_E_AGE65,832688fffffffff,21.0
2024_E_AGE65,832689fffffffff,21.9
2024_E_AGE65,83268afffffffff,27.6
2024_E_AGE65,83268bfffffffff,28.4
2024_E_AGE65,83268cfffffffff,17.4
2024_E_AGE65,83268dfffffffff,20.7
2024_E_AGE65,83268efffffffff,30.0
2024_E_AGE65,832690fffffffff,15.9
2024_E_AGE65,832691fffffffff,16.7
2024_E_AGE65,832692fffffffff,12.9
2024_E_AGE65,832693fffffffff,18.0
2024_E_AGE65,832694fffffffff,16.2
2024_E_AGE65,832695fffffffff,15.5
2024_E_AGE65,832696fffffffff,9.8
2024_E_AGE65,832698fffffffff,29.6
2024_E_AGE65,832699fffffffff,24.9
2024_E_AGE65,83269afffffffff,14.9
2024_E_AGE65,83269bfffffffff,17.3
2024_E_AGE65,83269cfffffffff,23.8
2024_E_AGE65,83269dfffffffff,29.3
2024_E_AGE65,83269efffffffff,21.4
2024_E_AGE65,8326a0fffffffff,20.0
2024_E_AGE65,8326a1fffffffff,24.7
2024_E_AGE65,8326a2fffffffff,17.4
2024_E_AGE65,8326a3fffffffff,28.7
2024_E_AGE65,8326a4fffffffff,15.9
2024_E_AGE65,8326a5fffffffff,27.4
2024_E_AGE65,8326a6fffffffff,26.5
2024_E_AGE65,8326a8fffffffff,19.5
2024_E_AGE65,8326a9fffffffff,21.8
2024_E_AGE65,8326aafffffffff,15.2
2024_E_AGE65,8326abfffffffff,19.8
2024_E_AGE65,8326acfffffffff,23.4
2024_E_AGE65,8326adfffffffff,26.2
2024_E_AGE65,8326aefffffffff,20.5
2024_E_AGE65,8326b0fffffffff,23.5
2024_E_AGE65,8326b1fffffffff,23.4
2024_E_AGE65,8326b2fffffffff,21.3
2024_E_AGE65,8326b3fffffffff,17.0
2024_E_AGE65,8326b4fffffffff,30.8
2024_E_AGE65,8326b5fffffffff,18.9
2024_E_AGE65,8326b6fffffffff,20.4
2024_E_AGE65,8326c0fffffffff,20.0
2024_E_AGE65,8326c1fffffffff,16.8
2024_E_AGE65,8326c2fffffffff,19.5
2024_E_AGE65,8326c3fffffffff,20.3
2024_E_AGE65,8326c4fffffffff,21.9
2024_E_AGE65,8326c5fffffffff,20.1
2024_E_AGE65,8326c6fffffffff,21.1
2024_E_AGE65,8326c8fffffffff,16.7
2024_E_AGE65,8326c9fffffffff,20.5
2024_E_AGE65,8326cafffffffff,19.9
2024_E_AGE65,8326cbfffffffff,16.9
2024_E_AGE65,8326ccfffffffff,20.3
2024_E_AGE65,8326cdfffffffff,21.6
2024_E_AGE65,8326cefffffffff,21.0
2024_E_AGE65,8326d0fffffffff,14.8
2024_E_AGE65,8326d1fffffffff,21.5
2024_E_AGE65,8326d2fffffffff,31.4
2024_E_AGE65,8326d3fffffffff,16.0
2024_E_AGE65,8326d4fffffffff,24.1
2024_E_AGE65,8326d5fffffffff,16.0
2024_E_AGE65,8326d6fffffffff,22.7
2024_E_AGE65,8326d8fffffffff,22.7
2024_E_AGE65,8326d9fffffffff,23.7
2024_E_AGE65,8326dafffffffff,18.7
2024_E_AGE65,8326dbfffffffff,21.3
2024_E_AGE65,8326dcfffffffff,21.5
2024_E_AGE65,8326ddfffffffff,21.6
2024_E_AGE65,8326defffffffff,19.7
2024_E_AGE65,8326e0fffffffff,22.3
2024_E_AGE65,8326e1fffffffff,24.0
2024_E_AGE65,8326e2fffffffff,23.2
2024_E_AGE65,8326e3fffffffff,18.2
2024_E_AGE65,8326e4fffffffff,21.4
2024_E_AGE65,8326e5fffffffff,20.1
2024_E_AGE65,8326e6fffffffff,24.4
2024_E_AGE65,8326e8fffffffff,18.9
2024_E_AGE65,8326e9fffffffff,20.0
2024_E_AGE65,8326eafffffffff,19.8
2024_E_AGE65,8326ebfffffffff,22.6
2024_E_AGE65,8326ecfffffffff,20.4
2024_E_AGE65,8326edfffffffff,22.0
2024_E_AGE65,8326eefffffffff,21.1
2024_E_AGE65,8326f0fffffffff,18.8
2024_E_AGE65,8326f1fffffffff,22.4
2024_E_AGE65,8326f2fffffffff,21.0
2024_E_AGE65,8326f3fffffffff,16.2
2024_E_AGE65,8326f4fffffffff,23.7
2024_E_AGE65,8326f5fffffffff,23.5
2024_E_AGE65,8326f6fffffffff,21.6
2024_E_AGE65,832708fffffffff,33.8
2024_E_AGE65,832709fffffffff,30.0
2024_E_AGE65,83270afffffffff,22.2
2024_E_AGE65,83270bfffffffff,27.8
2024_E_AGE65,83270dfffffffff,35.0
2024_E_AGE65,83270efffffffff,25.2
2024_E_AGE65,832718fffffffff,23.7
2024_E_AGE65,832719fffffffff,19.8
2024_E_AGE65,83271afffffffff,23.3
2024_E_AGE65,83271bfffffffff,23.9
2024_E_AGE65,83271cfffffffff,23.6
2024_E_AGE65,83271dfffffffff,22.1
2024_E_AGE65,83271efffffffff,22.0
2024_E_AGE65,832740fffffffff,28.9
2024_E_AGE65,832741fffffffff,24.7
2024_E_AGE65,832742fffffffff,26.9
2024_E_AGE65,832743fffffffff,19.4
2024_E_AGE65,832744fffffffff,28.9
2024_E_AGE65,832745fffffffff,29.5
2024_E_AGE65,832746fffffffff,29.1
2024_E_AGE65,832748fffffffff,17.4
2024_E_AGE65,832749fffffffff,19.5
2024_E_AGE65,83274bfffffffff,18.5
2024_E_AGE65,83274cfffffffff,22.1
2024_E_AGE65,83274dfffffffff,19.1
2024_E_AGE65,83274efffffffff,21.2
2024_E_AGE65,832750fffffffff,28.9
2024_E_AGE65,832751fffffffff,19.7
2024_E_AGE65,832752fffffffff,18.9
2024_E_AGE65,832753fffffffff,19.2
2024_E_AGE65,832754fffffffff,26.2
2024_E_AGE65,832755fffffffff,31.9
2024_E_AGE65,832756fffffffff,24.5
2024_E_AGE65,832758fffffffff,18.9
2024_E_AGE65,832759fffffffff,18.1
2024_E_AGE65,83275afffffffff,21.4
2024_E_AGE65,83275bfffffffff,22.1
2024_E_AGE65,83275cfffffffff,22.4
2024_E_AGE65,83275dfffffffff,19.8
2024_E_AGE65,83275efffffffff,20.1
2024_E_AGE65,832763fffffffff,27.6
2024_E_AGE65,832768fffffffff,31.6
2024_E_AGE65,83276afffffffff,26.8
2024_E_AGE65,83276bfffffffff,24.6
2024_E_AGE65,83276efffffffff,31.3
2024_E_AGE65,832770fffffffff,1.8
2024_E_AGE65,832771fffffffff,32.3
2024_E_AGE65,832772fffffffff,31.6
2024_E_AGE65,832773fffffffff,31.7
2024_E_AGE65,832780fffffffff,25.0
2024_E_AGE65,832781fffffffff,23.0
2024_E_AGE65,832782fffffffff,23.2
2024_E_AGE65,832783fffffffff,25.6
2024_E_AGE65,832784fffffffff,25.2
2024_E_AGE65,832785fffffffff,18.3
2024_E_AGE65,832786fffffffff,22.1
2024_E_AGE65,832788fffffffff,23.6
2024_E_AGE65,832789fffffffff,18.0
2024_E_AGE65,83278afffffffff,27.0
2024_E_AGE65,83278bfffffffff,24.2
2024_E_AGE65,83278cfffffffff,23.8
2024_E_AGE65,83278dfffffffff,25.7
2024_E_AGE65,83278efffffffff,22.3
2024_E_AGE65,832790fffffffff,22.5
2024_E_AGE65,832791fffffffff,24.7
2024_E_AGE65,832792fffffffff,25.9
2024_E_AGE65,832793fffffffff,29.6
2024_E_AGE65,832794fffffffff,19.3
2024_E_AGE65,832795fffffffff,19.8
2024_E_AGE65,832796fffffffff,21.9
2024_E_AGE65,832798fffffffff,15.3
2024_E_AGE65,832799fffffffff,23.9
2024_E_AGE65,83279afffffffff,28.8
2024_E_AGE65,83279bfffffffff,24.2
2024_E_AGE65,83279cfffffffff,24.4
2024_E_AGE65,83279dfffffffff,23.9
2024_E_AGE65,83279efffffffff,23.3
2024_E_AGE65,8327a3fffffffff,25.4
2024_E_AGE65,8327a8fffffffff,16.5
2024_E_AGE65,8327a9fffffffff,25.1
2024_E_AGE65,8327aafffffffff,13.5
2024_E_AGE65,8327abfffffffff,19.7
2024_E_AGE65,8327acfffffffff,20.5
2024_E_AGE65,8327adfffffffff,21.5
2024_E_AGE65,8327aefffffffff,21.2
2024_E_AGE65,8327b3fffffffff,19.1
2024_E_AGE65,832800fffffffff,29.8
2024_E_AGE65,832802fffffffff,25.0
2024_E_AGE65,832806fffffffff,26.5
2024_E_AGE65,832810fffffffff,29.5
2024_E_AGE65,832811fffffffff,30.0
2024_E_AGE65,832812fffffffff,27.1
2024_E_AGE65,832813fffffffff,31.3
2024_E_AGE65,832814fffffffff,30.5
2024_E_AGE65,832815fffffffff,24.8
2024_E_AGE65,832816fffffffff,20.5
2024_E_AGE65,832818fffffffff,31.3
2024_E_AGE65,83281afffffffff,27.6
2024_E_AGE65,83281bfffffffff,29.0
2024_E_AGE65,83281cfffffffff,28.7
2024_E_AGE65,83281efffffffff,27.6
2024_E_AGE65,832830fffffffff,24.0
2024_E_AGE65,832831fffffffff,27.1
2024_E_AGE65,832832fffffffff,23.0
2024_E_AGE65,832833fffffffff,21.4
2024_E_AGE65,832834fffffffff,20.0
2024_E_AGE65,832835fffffffff,43.3
2024_E_AGE65,832836fffffffff,18.0
2024_E_AGE65,832880fffffffff,30.6
2024_E_AGE65,832881fffffffff,27.7
2024_E_AGE65,832882fffffffff,32.3
2024_E_AGE65,832883fffffffff,35.2
2024_E_AGE65,832884fffffffff,18.3
2024_E_AGE65,832885fffffffff,14.7
2024_E_AGE65,832886fffffffff,29.3
2024_E_AGE65,832888fffffffff,15.4
2024_E_AGE65,832889fffffffff,14.6
2024_E_AGE65,83288afffffffff,21.9
2024_E_AGE65,83288bfffffffff,23.3
2024_E_AGE65,83288cfffffffff,24.8
2024_E_AGE65,83288dfffffffff,22.2
2024_E_AGE65,83288efffffffff,27.7
2024_E_AGE65,832890fffffffff,31.8
2024_E_AGE65,832891fffffffff,33.5
2024_E_AGE65,832892fffffffff,23.7
2024_E_AGE65,832893fffffffff,23.4
2024_E_AGE65,832894fffffffff,19.4
2024_E_AGE65,832895fffffffff,31.5
2024_E_AGE65,832896fffffffff,26.7
2024_E_AGE65,832898fffffffff,27.6
2024_E_AGE65,832899fffffffff,27.3
2024_E_AGE65,83289afffffffff,28.9
2024_E_AGE65,83289bfffffffff,28.4
2024_E_AGE65,83289cfffffffff,38.8
2024_E_AGE65,83289dfffffffff,30.9
2024_E_AGE65,83289efffffffff,26.0
2024_E_AGE65,8328a0fffffffff,18.4
2024_E_AGE65,8328a1fffffffff,27.1
2024_E_AGE65,8328a2fffffffff,18.7
2024_E_AGE65,8328a3fffffffff,14.2
2024_E_AGE65,8328a4fffffffff,14.8
2024_E_AGE65,8328a5fffffffff,21.7
2024_E_AGE65,8328a6fffffffff,14.4
2024_E_AGE65,8328a8fffffffff,29.7
2024_E_AGE65,8328a9fffffffff,29.8
2024_E_AGE65,8328aafffffffff,31.1
2024_E_AGE65,8328abfffffffff,30.6
2024_E_AGE65,8328acfffffffff,30.8
2024_E_AGE65,8328adfffffffff,33.2
2024_E_AGE65,8328aefffffffff,28.8
2024_E_AGE65,8328b0fffffffff,15.2
2024_E_AGE65,8328b1fffffffff,17.6
2024_E_AGE65,8328b2fffffffff,17.7
2024_E_AGE65,8328b3fffffffff,18.7
2024_E_AGE65,8328b4fffffffff,10.2
2024_E_AGE65,8328b5fffffffff,12.8
2024_E_AGE65,8328b6fffffffff,12.7
2024_E_AGE65,8328c2fffffffff,28.4
2024_E_AGE65,8328c6fffffffff,23.5
2024_E_AGE65,8328d0fffffffff,22.6
2024_E_AGE65,8328d1fffffffff,26.4
2024_E_AGE65,8328d2fffffffff,25.1
2024_E_AGE65,8328d3fffffffff,21.5
2024_E_AGE65,8328d4fffffffff,21.9
2024_E_AGE65,8328d5fffffffff,25.3
2024_E_AGE65,8328d6fffffffff,21.7
2024_E_AGE65,8328defffffffff,29.3
2024_E_AGE65,8328f0fffffffff,18.9
2024_E_AGE65,8328f1fffffffff,26.8
2024_E_AGE65,8328f2fffffffff,21.8
2024_E_AGE65,8328f3fffffffff,22.1
2024_E_AGE65,8328f4fffffffff,23.2
2024_E_AGE65,8328f5fffffffff,24.5
2024_E_AGE65,8328f6fffffffff,22.5
2024_E_AGE65,832912fffffffff,17.4
2024_E_AGE65,832913fffffffff,15.9
2024_E_AGE65,832916fffffffff,0.0
2024_E_AGE65,83291afffffffff,22.8
2024_E_AGE65,832980fffffffff,14.5
2024_E_AGE65,832981fffffffff,20.3
2024_E_AGE65,832982fffffffff,16.9
2024_E_AGE65,832983fffffffff,16.0
2024_E_AGE65,832984fffffffff,21.1
2024_E_AGE65,832985fffffffff,26.6
2024_E_AGE65,832986fffffffff,21.7
2024_E_AGE65,832988fffffffff,25.8
2024_E_AGE65,832989fffffffff,26.4
2024_E_AGE65,83298afffffffff,13.3
2024_E_AGE65,83298bfffffffff,18.3
2024_E_AGE65,83298cfffffffff,24.7
2024_E_AGE65,83298dfffffffff,29.8
2024_E_AGE65,83298efffffffff,20.0
2024_E_AGE65,832990fffffffff,21.4
2024_E_AGE65,832991fffffffff,14.5
2024_E_AGE65,832992fffffffff,23.0
2024_E_AGE65,832993fffffffff,20.2
2024_E_AGE65,832994fffffffff,17.6
2024_E_AGE65,832995fffffffff,32.4
2024_E_AGE65,832996fffffffff,16.9
2024_E_AGE65,832998fffffffff,24.8
2024_E_AGE65,832999fffffffff,21.5
2024_E_AGE65,83299afffffffff,7.8
2024_E_AGE65,83299bfffffffff,11.8
2024_E_AGE65,83299cfffffffff,15.8
2024_E_AGE65,83299dfffffffff,14.4
2024_E_AGE65,83299efffffffff,16.0
2024_E_AGE65,8329a0fffffffff,17.2
2024_E_AGE65,8329a1fffffffff,17.4
2024_E_AGE65,8329a2fffffffff,21.2
2024_E_AGE65,8329a3fffffffff,14.6
2024_E_AGE65,8329a4fffffffff,18.6
2024_E_AGE65,8329a5fffffffff,15.7
2024_E_AGE65,8329a6fffffffff,24.0
2024_E_AGE65,8329a8fffffffff,9.0
2024_E_AGE65,8329a9fffffffff,13.3
2024_E_AGE65,8329aafffffffff,24.3
2024_E_AGE65,8329abfffffffff,24.6
2024_E_AGE65,8329acfffffffff,21.3
2024_E_AGE65,8329adfffffffff,21.9
2024_E_AGE65,8329aefffffffff,29.6
2024_E_AGE65,8329b0fffffffff,37.4
2024_E_AGE65,8329b1fffffffff,33.1
2024_E_AGE65,8329b2fffffffff,28.4
2024_E_AGE65,8329b3fffffffff,31.1
2024_E_AGE65,8329b4fffffffff,37.4
2024_E_AGE65,8329b5fffffffff,26.8
2024_E_AGE65,8329b6fffffffff,34.1
2024_E_AGE65,832a06fffffffff,28.4
2024_E_AGE65,832a10fffffffff,17.7
2024_E_AGE65,832a12fffffffff,21.5
2024_E_AGE65,832a13fffffffff,20.7
2024_E_AGE65,832a14fffffffff,21.7
2024_E_AGE65,832a15fffffffff,24.1
2024_E_AGE65,832a16fffffffff,23.7
2024_E_AGE65,832a30fffffffff,18.4
2024_E_AGE65,832a31fffffffff,27.7
2024_E_AGE65,832a32fffffffff,22.0
2024_E_AGE65,832a33fffffffff,18.9
2024_E_AGE65,832a34fffffffff,21.9
2024_E_AGE65,832a36fffffffff,23.7
2024_E_AGE65,832a80fffffffff,21.3
2024_E_AGE65,832a81fffffffff,24.1
2024_E_AGE65,832a82fffffffff,21.1
2024_E_AGE65,832a83fffffffff,22.4
2024_E_AGE65,832a84fffffffff,22.7
2024_E_AGE65,832a85fffffffff,22.6
2024_E_AGE65,832a86fffffffff,20.6
2024_E_AGE65,832a88fffffffff,23.4
2024_E_AGE65,832a89fffffffff,20.8
2024_E_AGE65,832a8afffffffff,23.1
2024_E_AGE65,832a8bfffffffff,19.5
2024_E_AGE65,832a8cfffffffff,22.2
2024_E_AGE65,832a8dfffffffff,20.6
2024_E_AGE65,832a8efffffffff,26.3
2024_E_AGE65,832a90fffffffff,18.0
2024_E_AGE65,832a91fffffffff,17.6
2024_E_AGE65,832a92fffffffff,19.5
2024_E_AGE65,832a93fffffffff,17.5
2024_E_AGE65,832a94fffffffff,19.3
2024_E_AGE65,832a95fffffffff,17.8
2024_E_AGE65,832a96fffffffff,18.1
2024_E_AGE65,832a98fffffffff,19.3
2024_E_AGE65,832a99fffffffff,24.0
2024_E_AGE65,832a9afffffffff,17.9
2024_E_AGE65,832a9bfffffffff,20.4
2024_E_AGE65,832a9cfffffffff,19.7
2024_E_AGE65,832a9dfffffffff,22.9
2024_E_AGE65,832a9efffffffff,18.5
2024_E_AGE65,832aa0fffffffff,24.0
2024_E_AGE65,832aa1fffffffff,20.5
2024_E_AGE65,832aa2fffffffff,23.3
2024_E_AGE65,832aa3fffffffff,22.4
2024_E_AGE65,832aa4fffffffff,20.9
2024_E_AGE65,832aa5fffffffff,23.5
2024_E_AGE65,832aa6fffffffff,20.6
2024_E_AGE65,832aa8fffffffff,19.2
2024_E_AGE65,832aa9fffffffff,21.8
2024_E_AGE65,832aaafffffffff,18.9
2024_E_AGE65,832aabfffffffff,18.9
2024_E_AGE65,832aacfffffffff,18.6
2024_E_AGE65,832aadfffffffff,21.6
2024_E_AGE65,832aaefffffffff,19.5
2024_E_AGE65,832ab1fffffffff,21.7
2024_E_AGE65,832ab2fffffffff,18.3
2024_E_AGE65,832ab3fffffffff,20.3
2024_E_AGE65,832ab5fffffffff,20.7
2024_E_AGE65,832ab6fffffffff,19.2
2024_E_AGE65,832ad0fffffffff,18.8
2024_E_AGE65,832ad2fffffffff,18.4
2024_E_AGE65,832ad3fffffffff,24.6
2024_E_AGE65,832ad4fffffffff,19.8
2024_E_AGE65,832ad5fffffffff,19.6
2024_E_AGE65,832ad6fffffffff,15.6
2024_E_AGE65,832af0fffffffff,18.1
2024_E_AGE65,832af2fffffffff,22.8
2024_E_AGE65,832af3fffffffff,24.7
2024_E_AGE65,832af6fffffffff,22.4
2024_E_AGE65,832b10fffffffff,29.6
2024_E_AGE65,832b11fffffffff,23.7
2024_E_AGE65,832b12fffffffff,36.7
2024_E_AGE65,832b13fffffffff,36.4
2024_E_AGE65,832b18fffffffff,26.7
2024_E_AGE65,832b1afffffffff,21.7
2024_E_AGE65,832b1bfffffffff,35.1
2024_E_AGE65,832b1efffffffff,26.3
2024_E_AGE65,832b81fffffffff,19.4
2024_E_AGE65,832b88fffffffff,29.6
2024_E_AGE65,832b89fffffffff,22.7
2024_E_AGE65,832b8afffffffff,18.7
2024_E_AGE65,832b8bfffffffff,21.7
2024_E_AGE65,832b8cfffffffff,23.0
2024_E_AGE65,832b8dfffffffff,24.8
2024_E_AGE65,832b8efffffffff,19.0
2024_E_AGE65,832b99fffffffff,19.4
2024_E_AGE65,832b9bfffffffff,20.0
2024_E_AGE65,832ba8fffffffff,33.6
2024_E_AGE65,832ba9fffffffff,26.5
2024_E_AGE65,832babfffffffff,21.5
2024_E_AGE65,832bacfffffffff,40.5
2024_E_AGE65,832badfffffffff,37.8
2024_E_AGE65,834412fffffffff,29.9
2024_E_AGE65,834413fffffffff,28.4
2024_E_AGE65,834414fffffffff,26.9
2024_E_AGE65,834416fffffffff,23.3
2024_E_AGE65,83441afffffffff,21.8
2024_E_AGE65,83441bfffffffff,30.1
2024_E_AGE65,83441efffffffff,34.7
2024_E_AGE65,834440fffffffff,18.1
2024_E_AGE65,834441fffffffff,18.3
2024_E_AGE65,834442fffffffff,19.9
2024_E_AGE65,834443fffffffff,19.1
2024_E_AGE65,834444fffffffff,19.1
2024_E_AGE65,834445fffffffff,15.5
2024_E_AGE65,834446fffffffff,15.5
2024_E_AGE65,834448fffffffff,21.1
2024_E_AGE65,834449fffffffff,20.6
2024_E_AGE65,83444afffffffff,20.7
2024_E_AGE65,83444bfffffffff,24.9
2024_E_AGE65,83444cfffffffff,20.2
2024_E_AGE65,83444dfffffffff,21.4
2024_E_AGE65,83444efffffffff,20.4
2024_E_AGE65,834450fffffffff,18.6
2024_E_AGE65,834451fffffffff,17.6
2024_E_AGE65,834452fffffffff,18.9
2024_E_AGE65,834453fffffffff,20.9
2024_E_AGE65,834455fffffffff,19.9
2024_E_AGE65,834456fffffffff,22.7
2024_E_AGE65,834458fffffffff,19.5
2024_E_AGE65,834459fffffffff,20.0
2024_E_AGE65,83445afffffffff,19.2
2024_E_AGE65,83445bfffffffff,17.6
2024_E_AGE65,83445cfffffffff,18.3
2024_E_AGE65,83445dfffffffff,18.0
2024_E_AGE65,83445efffffffff,19.8
2024_E_AGE65,834463fffffffff,22.6
2024_E_AGE65,834468fffffffff,20.2
2024_E_AGE65,834469fffffffff,22.9
2024_E_AGE65,83446afffffffff,21.8
2024_E_AGE65,83446bfffffffff,19.3
2024_E_AGE65,83446cfffffffff,13.5
2024_E_AGE65,83446dfffffffff,19.6
2024_E_AGE65,83446efffffffff,17.6
2024_E_AGE65,834471fffffffff,17.7
2024_E_AGE65,834473fffffffff,18.8
2024_E_AGE65,8344a1fffffffff,12.5
2024_E_AGE65,8344a5fffffffff,13.8
2024_E_AGE65,8344a8fffffffff,22.7
2024_E_AGE65,8344a9fffffffff,18.8
2024_E_AGE65,8344abfffffffff,13.3
2024_E_AGE65,8344acfffffffff,11.1
2024_E_AGE65,8344adfffffffff,24.3
2024_E_AGE65,8344aefffffffff,25.9
2024_E_AGE65,8344c0fffffffff,20.6
2024_E_AGE65,8344c1fffffffff,15.2
2024_E_AGE65,8344c2fffffffff,17.1
2024_E_AGE65,8344c3fffffffff,22.6
2024_E_AGE65,8344c4fffffffff,20.4
2024_E_AGE65,8344c5fffffffff,18.7
2024_E_AGE65,8344c6fffffffff,17.1
2024_E_AGE65,8344c8fffffffff,22.3
2024_E_AGE65,8344c9fffffffff,20.5
2024_E_AGE65,8344cafffffffff,26.1
2024_E_AGE65,8344cbfffffffff,19.3
2024_E_AGE65,8344ccfffffffff,17.9
2024_E_AGE65,8344cdfffffffff,19.7
2024_E_AGE65,8344cefffffffff,25.4
2024_E_AGE65,8344d0fffffffff,23.2
2024_E_AGE65,8344d1fffffffff,20.4
2024_E_AGE65,8344d2fffffffff,23.1
2024_E_AGE65,8344d3fffffffff,22.1
2024_E_AGE65,8344d5fffffffff,17.4
2024_E_AGE65,8344d8fffffffff,18.6
2024_E_AGE65,8344d9fffffffff,24.1
2024_E_AGE65,8344dafffffffff,19.1
2024_E_AGE65,8344dbfffffffff,21.2
2024_E_AGE65,8344dcfffffffff,21.1
2024_E_AGE65,8344ddfffffffff,22.8
2024_E_AGE65,8344defffffffff,19.0
2024_E_AGE65,8344e0fffffffff,19.1
2024_E_AGE65,8344e1fffffffff,20.2
2024_E_AGE65,8344e2fffffffff,20.4
2024_E_AGE65,8344e3fffffffff,21.3
2024_E_AGE65,8344e4fffffffff,23.2
2024_E_AGE65,8344e5fffffffff,15.9
2024_E_AGE65,8344e6fffffffff,25.6
2024_E_AGE65,8344e8fffffffff,19.2
2024_E_AGE65,8344e9fffffffff,19.6
2024_E_AGE65,8344eafffffffff,18.3
2024_E_AGE65,8344ebfffffffff,19.1
2024_E_AGE65,8344ecfffffffff,21.6
2024_E_AGE65,8344edfffffffff,20.4
2024_E_AGE65,8344eefffffffff,19.5
2024_E_AGE65,8344f0fffffffff,17.3
2024_E_AGE65,8344f1fffffffff,15.9
2024_E_AGE65,8344f3fffffffff,19.1
2024_E_AGE65,8344f4fffffffff,27.7
2024_E_AGE65,8344f5fffffffff,20.9
2024_E_AGE65,8344f6fffffffff,25.6
2024_E_AGE65,834859fffffffff,16.0
2024_E_AGE65,83485afffffffff,10.4
2024_E_AGE65,83485bfffffffff,25.1
2024_E_AGE65,834880fffffffff,22.8
2024_E_AGE65,834881fffffffff,12.0
2024_E_AGE65,834882fffffffff,18.3
2024_E_AGE65,834883fffffffff,18.8
2024_E_AGE65,834886fffffffff,15.6
2024_E_AGE65,834888fffffffff,25.0
2024_E_AGE65,834889fffffffff,14.1
2024_E_AGE65,83488afffffffff,21.3
2024_E_AGE65,83488bfffffffff,11.8
2024_E_AGE65,83488cfffffffff,31.9
2024_E_AGE65,83488dfffffffff,31.5
2024_E_AGE65,83488efffffffff,22.0
2024_E_AGE65,834890fffffffff,22.2
2024_E_AGE65,834891fffffffff,20.1
2024_E_AGE65,834892fffffffff,22.2
2024_E_AGE65,834893fffffffff,18.7
2024_E_AGE65,834895fffffffff,19.3
2024_E_AGE65,834898fffffffff,27.7
2024_E_AGE65,834899fffffffff,27.1
2024_E_AGE65,83489afffffffff,18.6
2024_E_AGE65,83489bfffffffff,25.1
2024_E_AGE65,83489cfffffffff,18.1
2024_E_AGE65,83489dfffffffff,34.5
2024_E_AGE65,83489efffffffff,19.3
2024_E_AGE65,8348abfffffffff,34.5
2024_E_AGE65,8348b1fffffffff,12.2
2024_E_AGE65,8348b2fffffffff,13.3
2024_E_AGE65,8348b3fffffffff,21.0
2024_E_AGE65,8348c0fffffffff,31.7
2024_E_AGE65,8348c1fffffffff,32.0
2024_E_AGE65,8348c2fffffffff,28.7
2024_E_AGE65,8348c3fffffffff,42.8
2024_E_AGE65,8348c4fffffffff,19.5
2024_E_AGE65,8348c5fffffffff,24.7
2024_E_AGE65,8348c6fffffffff,14.5
2024_E_AGE65,8348c8fffffffff,17.7
2024_E_AGE65,8348c9fffffffff,15.9
2024_E_AGE65,8348cafffffffff,14.9
2024_E_AGE65,8348cbfffffffff,14.0
2024_E_AGE65,8348ccfffffffff,18.1
2024_E_AGE65,8348cdfffffffff,33.7
2024_E_AGE65,8348cefffffffff,33.2
2024_E_AGE65,8348d0fffffffff,13.5
2024_E_AGE65,8348d1fffffffff,27.8
2024_E_AGE65,8348d2fffffffff,14.5
2024_E_AGE65,8348d3fffffffff,18.8
2024_E_AGE65,8348d4fffffffff,18.9
2024_E_AGE65,8348d5fffffffff,20.9
2024_E_AGE65,8348d6fffffffff,10.5
2024_E_AGE65,8348d8fffffffff,24.4
2024_E_AGE65,8348d9fffffffff,17.3
2024_E_AGE65,8348dafffffffff,30.3
2024_E_AGE65,8348dbfffffffff,25.8
2024_E_AGE65,8348dcfffffffff,23.1
2024_E_AGE65,8348ddfffffffff,20.5
2024_E_AGE65,8348defffffffff,24.1
2024_E_AGE65,8348e3fffffffff,24.1
2024_E_AGE65,8348e8fffffffff,25.3
2024_E_AGE65,8348e9fffffffff,14.1
2024_E_AGE65,8348eafffffffff,17.5
2024_E_AGE65,8348ebfffffffff,32.2
2024_E_AGE65,8348ecfffffffff,22.3
2024_E_AGE65,8348edfffffffff,18.2
2024_E_AGE65,8348eefffffffff,31.8
2024_E_AGE65,8348f2fffffffff,31.2
2024_E_AGE65,8348f3fffffffff,12.6
2024_E_AGE65,8348f6fffffffff,24.0
2024_E_AIRPRT,8312c9fffffffff,0.69
2024_E_AIRPRT,8312cafffffffff,0.34
2024_E_AIRPRT,8312cbfffffffff,0.64
2024_E_AIRPRT,8312d8fffffffff,1.02
2024_E_AIRPRT,8312d9fffffffff,0.5
2024_E_AIRPRT,8312dafffffffff,0.52
2024_E_AIRPRT,8312dbfffffffff,1.96
2024_E_AIRPRT,8312ddfffffffff,2.02
2024_E_AIRPRT,8312defffffffff,0.72
2024_E_AIRPRT,832600fffffffff,1.7
2024_E_AIRPRT,832601fffffffff,1.24
2024_E_AIRPRT,832602fffffffff,0.81
2024_E_AIRPRT,832603fffffffff,0.94
2024_E_AIRPRT,832604fffffffff,1.45
2024_E_AIRPRT,832605fffffffff,1.21
2024_E_AIRPRT,832606fffffffff,1.38
2024_E_AIRPRT,832608fffffffff,1.36
2024_E_AIRPRT,832609fffffffff,0.87
2024_E_AIRPRT,83260afffffffff,1.64
2024_E_AIRPRT,83260bfffffffff,0.92
2024_E_AIRPRT,83260cfffffffff,0.69
2024_E_AIRPRT,83260dfffffffff,1.47
2024_E_AIRPRT,83260efffffffff,1.36
2024_E_AIRPRT,832610fffffffff,0.47
2024_E_AIRPRT,832611fffffffff,0.51
2024_E_AIRPRT,832612fffffffff,0.69
2024_E_AIRPRT,832613fffffffff,0.2
2024_E_AIRPRT,832614fffffffff,0.59
2024_E_AIRPRT,832615fffffffff,1.02
2024_E_AIRPRT,832616fffffffff,1.19
2024_E_AIRPRT,832618fffffffff,1.04
2024_E_AIRPRT,832619fffffffff,1.31
2024_E_AIRPRT,83261afffffffff,1.36
2024_E_AIRPRT,83261bfffffffff,0.7
2024_E_AIRPRT,83261cfffffffff,0.78
2024_E_AIRPRT,83261dfffffffff,1.04
2024_E_AIRPRT,83261efffffffff,0.42
2024_E_AIRPRT,832620fffffffff,1.15
2024_E_AIRPRT,832621fffffffff,1.23
2024_E_AIRPRT,832622fffffffff,0.76
2024_E_AIRPRT,832623fffffffff,1.02
2024_E_AIRPRT,832624fffffffff,0.73
2024_E_AIRPRT,832625fffffffff,0.87
2024_E_AIRPRT,832626fffffffff,1.56
2024_E_AIRPRT,832628fffffffff,1.17
2024_E_AIRPRT,832629fffffffff,1.45
2024_E_AIRPRT,83262afffffffff,1.03
2024_E_AIRPRT,83262bfffffffff,1.59
2024_E_AIRPRT,83262cfffffffff,2.67
2024_E_AIRPRT,83262dfffffffff,1.47
2024_E_AIRPRT,83262efffffffff,1.21
2024_E_AIRPRT,832630fffffffff,0.73
2024_E_AIRPRT,832631fffffffff,0.85
2024_E_AIRPRT,832632fffffffff,0.78
2024_E_AIRPRT,832633fffffffff,1.0
2024_E_AIRPRT,832634fffffffff,0.25
2024_E_AIRPRT,832635fffffffff,0.9
2024_E_AIRPRT,832636fffffffff,0.68
2024_E_AIRPRT,832640fffffffff,1.6
2024_E_AIRPRT,832641fffffffff,0.84
2024_E_AIRPRT,832642fffffffff,0.94
2024_E_AIRPRT,832643fffffffff,0.79
2024_E_AIRPRT,832644fffffffff,1.07
2024_E_AIRPRT,832645fffffffff,1.13
2024_E_AIRPRT,832646fffffffff,1.54
2024_E_AIRPRT,832648fffffffff,0.72
2024_E_AIRPRT,832649fffffffff,2.05
2024_E_AIRPRT,83264afffffffff,1.25
2024_E_AIRPRT,83264bfffffffff,0.92
2024_E_AIRPRT,83264cfffffffff,1.31
2024_E_AIRPRT,83264dfffffffff,1.85
2024_E_AIRPRT,83264efffffffff,0.96
2024_E_AIRPRT,832650fffffffff,1.52
2024_E_AIRPRT,832651fffffffff,1.0
2024_E_AIRPRT,832652fffffffff,0.65
2024_E_AIRPRT,832653fffffffff,0.99
2024_E_AIRPRT,832654fffffffff,0.62
2024_E_AIRPRT,832655fffffffff,1.0
2024_E_AIRPRT,832656fffffffff,2.28
2024_E_AIRPRT,832658fffffffff,0.97
2024_E_AIRPRT,832659fffffffff,1.72
2024_E_AIRPRT,83265afffffffff,0.93
2024_E_AIRPRT,83265bfffffffff,1.98
2024_E_AIRPRT,83265cfffffffff,0.55
2024_E_AIRPRT,83265dfffffffff,1.62
2024_E_AIRPRT,83265efffffffff,0.65
2024_E_AIRPRT,832660fffffffff,1.45
2024_E_AIRPRT,832661fffffffff,3.62
2024_E_AIRPRT,832662fffffffff,1.47
2024_E_AIRPRT,832663fffffffff,1.33
2024_E_AIRPRT,832664fffffffff,2.63
2024_E_AIRPRT,832665fffffffff,1.73
2024_E_AIRPRT,832666fffffffff,1.86
2024_E_AIRPRT,832668fffffffff,1.93
2024_E_AIRPRT,832669fffffffff,0.72
2024_E_AIRPRT,83266afffffffff,1.22
2024_E_AIRPRT,83266bfffffffff,0.73
2024_E_AIRPRT,83266cfffffffff,2.07
2024_E_AIRPRT,83266dfffffffff,1.22
2024_E_AIRPRT,83266efffffffff,1.52
2024_E_AIRPRT,832670fffffffff,1.15
2024_E_AIRPRT,832671fffffffff,0.75
2024_E_AIRPRT,832672fffffffff,0.73
2024_E_AIRPRT,832673fffffffff,0.7
2024_E_AIRPRT,832674fffffffff,1.63
2024_E_AIRPRT,832675fffffffff,1.31
2024_E_AIRPRT,832676fffffffff,1.38
2024_E_AIRPRT,832680fffffffff,0.42
2024_E_AIRPRT,832681fffffffff,0.75
2024_E_AIRPRT,832682fffffffff,0.21
2024_E_AIRPRT,832683fffffffff,0.6
2024_E_AIRPRT,832684fffffffff,0.35
2024_E_AIRPRT,832685fffffffff,0.34
2024_E_AIRPRT,832686fffffffff,0.12
2024_E_AIRPRT,832688fffffffff,0.82
2024_E_AIRPRT,832689fffffffff,0.29
2024_E_AIRPRT,83268afffffffff,0.94
2024_E_AIRPRT,83268bfffffffff,0.41
2024_E_AIRPRT,83268cfffffffff,3.31
2024_E_AIRPRT,83268dfffffffff,0.17
2024_E_AIRPRT,83268efffffffff,0.41
2024_E_AIRPRT,832690fffffffff,0.52
2024_E_AIRPRT,832691fffffffff,0.22
2024_E_AIRPRT,832692fffffffff,0.59
2024_E_AIRPRT,832693fffffffff,0.37
2024_E_AIRPRT,832694fffffffff,0.53
2024_E_AIRPRT,832695fffffffff,0.62
2024_E_AIRPRT,832696fffffffff,1.76
2024_E_AIRPRT,832698fffffffff,0.34
2024_E_AIRPRT,832699fffffffff,0.45
2024_E_AIRPRT,83269afffffffff,0.42
2024_E_AIRPRT,83269bfffffffff,0.54
2024_E_AIRPRT,83269cfffffffff,0.67
2024_E_AIRPRT,83269dfffffffff,0.54
2024_E_AIRPRT,83269efffffffff,0.54
2024_E_AIRPRT,8326a0fffffffff,0.23
2024_E_AIRPRT,8326a1fffffffff,0.45
2024_E_AIRPRT,8326a2fffffffff,0.44
2024_E_AIRPRT,8326a3fffffffff,0.24
2024_E_AIRPRT,8326a4fffffffff,0.53
2024_E_AIRPRT,8326a5fffffffff,0.73
2024_E_AIRPRT,8326a6fffffffff,0.25
2024_E_AIRPRT,8326a8fffffffff,0.5
2024_E_AIRPRT,8326a9fffffffff,0.63
2024_E_AIRPRT,8326aafffffffff,1.6
2024_E_AIRPRT,8326abfffffffff,0.32
2024_E_AIRPRT,8326acfffffffff,0.89
2024_E_AIRPRT,8326adfffffffff,0.87
2024_E_AIRPRT,8326aefffffffff,0.63
2024_E_AIRPRT,8326b0fffffffff,0.31
2024_E_AIRPRT,8326b1fffffffff,0.15
2024_E_AIRPRT,8326b2fffffffff,0.74
2024_E_AIRPRT,8326b3fffffffff,0.22
2024_E_AIRPRT,8326b4fffffffff,0.14
2024_E_AIRPRT,8326b5fffffffff,0.37
2024_E_AIRPRT,8326b6fffffffff,0.55
2024_E_AIRPRT,8326c0fffffffff,1.02
2024_E_AIRPRT,8326c1fffffffff,2.32
2024_E_AIRPRT,8326c2fffffffff,0.95
2024_E_AIRPRT,8326c3fffffffff,2.4
2024_E_AIRPRT,8326c4fffffffff,0.87
2024_E_AIRPRT,8326c5fffffffff,1.46
2024_E_AIRPRT,8326c6fffffffff,0.69
2024_E_AIRPRT,8326c8fffffffff,2.92
2024_E_AIRPRT,8326c9fffffffff,1.77
2024_E_AIRPRT,8326cafffffffff,3.39
2024_E_AIRPRT,8326cbfffffffff,2.5
2024_E_AIRPRT,8326ccfffffffff,1.06
2024_E_AIRPRT,8326cdfffffffff,0.62
2024_E_AIRPRT,8326cefffffffff,0.82
2024_E_AIRPRT,8326d0fffffffff,0.63
2024_E_AIRPRT,8326d1fffffffff,1.42
2024_E_AIRPRT,8326d2fffffffff,0.3
2024_E_AIRPRT,8326d3fffffffff,0.67
2024_E_AIRPRT,8326d4fffffffff,0.69
2024_E_AIRPRT,8326d5fffffffff,0.69
2024_E_AIRPRT,8326d6fffffffff,0.19
2024_E_AIRPRT,8326d8fffffffff,0.64
2024_E_AIRPRT,8326d9fffffffff,1.61
2024_E_AIRPRT,8326dafffffffff,0.85
2024_E_AIRPRT,8326dbfffffffff,0.66
2024_E_AIRPRT,8326dcfffffffff,0.69
2024_E_AIRPRT,8326ddfffffffff,1.06
2024_E_AIRPRT,8326defffffffff,1.74
2024_E_AIRPRT,8326e0fffffffff,1.07
2024_E_AIRPRT,8326e1fffffffff,0.84
2024_E_AIRPRT,8326e2fffffffff,0.9
2024_E_AIRPRT,8326e3fffffffff,2.37
2024_E_AIRPRT,8326e4fffffffff,1.23
2024_E_AIRPRT,8326e5fffffffff,1.3
2024_E_AIRPRT,8326e6fffffffff,0.85
2024_E_AIRPRT,8326e8fffffffff,1.19
2024_E_AIRPRT,8326e9fffffffff,0.8
2024_E_AIRPRT,8326eafffffffff,1.41
2024_E_AIRPRT,8326ebfffffffff,0.54
2024_E_AIRPRT,8326ecfffffffff,1.15
2024_E_AIRPRT,8326edfffffffff,1.86
2024_E_AIRPRT,8326eefffffffff,1.47
2024_E_AIRPRT,8326f0fffffffff,0.63
2024_E_AIRPRT,8326f1fffffffff,0.69
2024_E_AIRPRT,8326f2fffffffff,0.61
2024_E_AIRPRT,8326f3fffffffff,0.88
2024_E_AIRPRT,8326f4fffffffff,0.61
2024_E_AIRPRT,8326f5fffffffff,0.61
2024_E_AIRPRT,8326f6fffffffff,0.63
2024_E_AIRPRT,832708fffffffff,0.54
2024_E_AIRPRT,832709fffffffff,0.59
2024_E_AIRPRT,83270afffffffff,0.48
2024_E_AIRPRT,83270bfffffffff,0.62
2024_E_AIRPRT,83270dfffffffff,0.0
2024_E_AIRPRT,83270efffffffff,0.54
2024_E_AIRPRT,832718fffffffff,1.63
2024_E_AIRPRT,832719fffffffff,0.97
2024_E_AIRPRT,83271afffffffff,0.57
2024_E_AIRPRT,83271bfffffffff,0.81
2024_E_AIRPRT,83271cfffffffff,1.33
2024_E_AIRPRT,83271dfffffffff,0.67
2024_E_AIRPRT,83271efffffffff,0.63
2024_E_AIRPRT,832740fffffffff,1.52
2024_E_AIRPRT,832741fffffffff,2.23
2024_E_AIRPRT,832742fffffffff,0.78
2024_E_AIRPRT,832743fffffffff,2.82
2024_E_AIRPRT,832744fffffffff,0.43
2024_E_AIRPRT,832745fffffffff,2.9
2024_E_AIRPRT,832746fffffffff,0.62
2024_E_AIRPRT,832748fffffffff,1.86
2024_E_AIRPRT,832749fffffffff,1.86
2024_E_AIRPRT,83274bfffffffff,2.52
2024_E_AIRPRT,83274cfffffffff,1.62
2024_E_AIRPRT,83274dfffffffff,2.3
2024_E_AIRPRT,83274efffffffff,2.08
2024_E_AIRPRT,832750fffffffff,1.3
2024_E_AIRPRT,832751fffffffff,1.54
2024_E_AIRPRT,832752fffffffff,2.13
2024_E_AIRPRT,832753fffffffff,0.99
2024_E_AIRPRT,832754fffffffff,1.61
2024_E_AIRPRT,832755fffffffff,1.97
2024_E_AIRPRT,832756fffffffff,0.84
2024_E_AIRPRT,832758fffffffff,2.31
2024_E_AIRPRT,832759fffffffff,4.49
2024_E_AIRPRT,83275afffffffff,1.7
2024_E_AIRPRT,83275bfffffffff,1.7
2024_E_AIRPRT,83275cfffffffff,3.14
2024_E_AIRPRT,83275dfffffffff,3.23
2024_E_AIRPRT,83275efffffffff,1.6
2024_E_AIRPRT,832763fffffffff,1.31
2024_E_AIRPRT,832768fffffffff,1.81
2024_E_AIRPRT,83276afffffffff,1.67
2024_E_AIRPRT,83276bfffffffff,1.26
2024_E_AIRPRT,83276efffffffff,2.08
2024_E_AIRPRT,832770fffffffff,0.0
2024_E_AIRPRT,832771fffffffff,1.07
2024_E_AIRPRT,832772fffffffff,0.28
2024_E_AIRPRT,832773fffffffff,0.41
2024_E_AIRPRT,832780fffffffff,0.32
2024_E_AIRPRT,832781fffffffff,0.3
2024_E_AIRPRT,832782fffffffff,0.18
2024_E_AIRPRT,832783fffffffff,0.15
2024_E_AIRPRT,832784fffffffff,0.38
2024_E_AIRPRT,832785fffffffff,0.4
2024_E_AIRPRT,832786fffffffff,0.29
2024_E_AIRPRT,832788fffffffff,0.75
2024_E_AIRPRT,832789fffffffff,0.65
2024_E_AIRPRT,83278afffffffff,0.37
2024_E_AIRPRT,83278bfffffffff,0.75
2024_E_AIRPRT,83278cfffffffff,0.21
2024_E_AIRPRT,83278dfffffffff,0.5
2024_E_AIRPRT,83278efffffffff,0.3
2024_E_AIRPRT,832790fffffffff,0.85
2024_E_AIRPRT,832791fffffffff,0.47
2024_E_AIRPRT,832792fffffffff,0.72
2024_E_AIRPRT,832793fffffffff,0.33
2024_E_AIRPRT,832794fffffffff,0.39
2024_E_AIRPRT,832795fffffffff,0.55
2024_E_AIRPRT,832796fffffffff,0.49
2024_E_AIRPRT,832798fffffffff,0.36
2024_E_AIRPRT,832799fffffffff,0.39
2024_E_AIRPRT,83279afffffffff,0.47
2024_E_AIRPRT,83279bfffffffff,0.5
2024_E_AIRPRT,83279cfffffffff,0.19
2024_E_AIRPRT,83279dfffffffff,0.24
2024_E_AIRPRT,83279efffffffff,0.76
2024_E_AIRPRT,8327a3fffffffff,0.37
2024_E_AIRPRT,8327a8fffffffff,0.66
2024_E_AIRPRT,8327a9fffffffff,0.64
2024_E_AIRPRT,8327aafffffffff,0.46
2024_E_AIRPRT,8327abfffffffff,0.63
2024_E_AIRPRT,8327acfffffffff,0.67
2024_E_AIRPRT,8327adfffffffff,1.19
2024_E_AIRPRT,8327aefffffffff,0.47
2024_E_AIRPRT,8327b3fffffffff,0.68
2024_E_AIRPRT,832800fffffffff,0.16
2024_E_AIRPRT,832802fffffffff,0.98
2024_E_AIRPRT,832806fffffffff,1.05
2024_E_AIRPRT,832810fffffffff,0.57
2024_E_AIRPRT,832811fffffffff,0.69
2024_E_AIRPRT,832812fffffffff,0.53
2024_E_AIRPRT,832813fffffffff,0.6
2024_E_AIRPRT,832814fffffffff,0.51
2024_E_AIRPRT,832815fffffffff,0.97
2024_E_AIRPRT,832816fffffffff,0.59
2024_E_AIRPRT,832818fffffffff,0.73
2024_E_AIRPRT,83281afffffffff,0.33
2024_E_AIRPRT,83281bfffffffff,1.33
2024_E_AIRPRT,83281cfffffffff,0.58
2024_E_AIRPRT,83281efffffffff,0.81
2024_E_AIRPRT,832830fffffffff,3.07
2024_E_AIRPRT,832831fffffffff,1.69
2024_E_AIRPRT,832832fffffffff,4.37
2024_E_AIRPRT,832833fffffffff,1.25
2024_E_AIRPRT,832834fffffffff,3.32
2024_E_AIRPRT,832835fffffffff,0.0
2024_E_AIRPRT,832836fffffffff,2.46
2024_E_AIRPRT,832880fffffffff,1.11
2024_E_AIRPRT,832881fffffffff,0.46
2024_E_AIRPRT,832882fffffffff,0.81
2024_E_AIRPRT,832883fffffffff,0.83
2024_E_AIRPRT,832884fffffffff,1.23
2024_E_AIRPRT,832885fffffffff,0.79
2024_E_AIRPRT,832886fffffffff,0.67
2024_E_AIRPRT,832888fffffffff,1.19
2024_E_AIRPRT,832889fffffffff,0.77
2024_E_AIRPRT,83288afffffffff,0.74
2024_E_AIRPRT,83288bfffffffff,1.25
2024_E_AIRPRT,83288cfffffffff,0.32
2024_E_AIRPRT,83288dfffffffff,0.49
2024_E_AIRPRT,83288efffffffff,0.77
2024_E_AIRPRT,832890fffffffff,0.35
2024_E_AIRPRT,832891fffffffff,0.33
2024_E_AIRPRT,832892fffffffff,0.73
2024_E_AIRPRT,832893fffffffff,0.63
2024_E_AIRPRT,832894fffffffff,0.82
2024_E_AIRPRT,832895fffffffff,0.53
2024_E_AIRPRT,832896fffffffff,0.26
2024_E_AIRPRT,832898fffffffff,0.69
2024_E_AIRPRT,832899fffffffff,0.33
2024_E_AIRPRT,83289afffffffff,0.48
2024_E_AIRPRT,83289bfffffffff,0.97
2024_E_AIRPRT,83289cfffffffff,0.39
2024_E_AIRPRT,83289dfffffffff,0.63
2024_E_AIRPRT,83289efffffffff,0.57
2024_E_AIRPRT,8328a0fffffffff,0.25
2024_E_AIRPRT,8328a1fffffffff,0.21
2024_E_AIRPRT,8328a2fffffffff,0.17
2024_E_AIRPRT,8328a3fffffffff,0.23
2024_E_AIRPRT,8328a4fffffffff,0.43
2024_E_AIRPRT,8328a5fffffffff,0.31
2024_E_AIRPRT,8328a6fffffffff,0.27
2024_E_AIRPRT,8328a8fffffffff,0.07
2024_E_AIRPRT,8328a9fffffffff,0.68
2024_E_AIRPRT,8328aafffffffff,0.24
2024_E_AIRPRT,8328abfffffffff,0.12
2024_E_AIRPRT,8328acfffffffff,0.2
2024_E_AIRPRT,8328adfffffffff,0.15
2024_E_AIRPRT,8328aefffffffff,0.15
2024_E_AIRPRT,8328b0fffffffff,0.62
2024_E_AIRPRT,8328b1fffffffff,0.92
2024_E_AIRPRT,8328b2fffffffff,0.82
2024_E_AIRPRT,8328b3fffffffff,0.66
2024_E_AIRPRT,8328b4fffffffff,0.35
2024_E_AIRPRT,8328b5fffffffff,0.17
2024_E_AIRPRT,8328b6fffffffff,0.68
2024_E_AIRPRT,8328c2fffffffff,0.77
2024_E_AIRPRT,8328c6fffffffff,1.2
2024_E_AIRPRT,8328d0fffffffff,0.87
2024_E_AIRPRT,8328d1fffffffff,4.29
2024_E_AIRPRT,8328d2fffffffff,0.54
2024_E_AIRPRT,8328d3fffffffff,0.04
2024_E_AIRPRT,8328d4fffffffff,0.94
2024_E_AIRPRT,8328d5fffffffff,2.88
2024_E_AIRPRT,8328d6fffffffff,0.83
2024_E_AIRPRT,8328defffffffff,31.96
2024_E_AIRPRT,8328f0fffffffff,4.25
2024_E_AIRPRT,8328f1fffffffff,0.99
2024_E_AIRPRT,8328f2fffffffff,0.42
2024_E_AIRPRT,8328f3fffffffff,0.99
2024_E_AIRPRT,8328f4fffffffff,1.25
2024_E_AIRPRT,8328f5fffffffff,0.95
2024_E_AIRPRT,8328f6fffffffff,0.35
2024_E_AIRPRT,832912fffffffff,7.24
2024_E_AIRPRT,832913fffffffff,4.11
2024_E_AIRPRT,832916fffffffff,28.01
2024_E_AIRPRT,83291afffffffff,0.98
2024_E_AIRPRT,832980fffffffff,0.67
2024_E_AIRPRT,832981fffffffff,0.47
2024_E_AIRPRT,832982fffffffff,0.41
2024_E_AIRPRT,832983fffffffff,0.62
2024_E_AIRPRT,832984fffffffff,0.73
2024_E_AIRPRT,832985fffffffff,0.61
2024_E_AIRPRT,832986fffffffff,1.42
2024_E_AIRPRT,832988fffffffff,0.45
2024_E_AIRPRT,832989fffffffff,1.92
2024_E_AIRPRT,83298afffffffff,0.36
2024_E_AIRPRT,83298bfffffffff,0.24
2024_E_AIRPRT,83298cfffffffff,0.41
2024_E_AIRPRT,83298dfffffffff,0.46
2024_E_AIRPRT,83298efffffffff,0.38
2024_E_AIRPRT,832990fffffffff,0.53
2024_E_AIRPRT,832991fffffffff,0.48
2024_E_AIRPRT,832992fffffffff,0.45
2024_E_AIRPRT,832993fffffffff,0.66
2024_E_AIRPRT,832994fffffffff,0.41
2024_E_AIRPRT,832995fffffffff,0.69
2024_E_AIRPRT,832996fffffffff,0.39
2024_E_AIRPRT,832998fffffffff,0.13
2024_E_AIRPRT,832999fffffffff,0.15
2024_E_AIRPRT,83299afffffffff,0.36
2024_E_AIRPRT,83299bfffffffff,0.18
2024_E_AIRPRT,83299cfffffffff,0.22
2024_E_AIRPRT,83299dfffffffff,0.33
2024_E_AIRPRT,83299efffffffff,0.05
2024_E_AIRPRT,8329a0fffffffff,3.57
2024_E_AIRPRT,8329a1fffffffff,3.99
2024_E_AIRPRT,8329a2fffffffff,0.68
2024_E_AIRPRT,8329a3fffffffff,3.42
2024_E_AIRPRT,8329a4fffffffff,5.5
2024_E_AIRPRT,8329a5fffffffff,10.37
2024_E_AIRPRT,8329a6fffffffff,1.96
2024_E_AIRPRT,8329a8fffffffff,3.8
2024_E_AIRPRT,8329a9fffffffff,1.97
2024_E_AIRPRT,8329aafffffffff,0.32
2024_E_AIRPRT,8329abfffffffff,1.61
2024_E_AIRPRT,8329acfffffffff,1.32
2024_E_AIRPRT,8329adfffffffff,2.09
2024_E_AIRPRT,8329aefffffffff,1.71
2024_E_AIRPRT,8329b0fffffffff,0.86
2024_E_AIRPRT,8329b1fffffffff,0.87
2024_E_AIRPRT,8329b2fffffffff,1.39
2024_E_AIRPRT,8329b3fffffffff,0.81
2024_E_AIRPRT,8329b4fffffffff,1.02
2024_E_AIRPRT,8329b5fffffffff,0.96
2024_E_AIRPRT,8329b6fffffffff,1.88
2024_E_AIRPRT,832a06fffffffff,12.44
2024_E_AIRPRT,832a10fffffffff,4.1
2024_E_AIRPRT,832a12fffffffff,2.26
2024_E_AIRPRT,832a13fffffffff,3.18
2024_E_AIRPRT,832a14fffffffff,3.82
2024_E_AIRPRT,832a15fffffffff,7.21
2024_E_AIRPRT,832a16fffffffff,1.61
2024_E_AIRPRT,832a30fffffffff,4.09
2024_E_AIRPRT,832a31fffffffff,7.92
2024_E_AIRPRT,832a32fffffffff,2.08
2024_E_AIRPRT,832a33fffffffff,3.73
2024_E_AIRPRT,832a34fffffffff,2.28
2024_E_AIRPRT,832a36fffffffff,2.2
2024_E_AIRPRT,832a80fffffffff,1.31
2024_E_AIRPRT,832a81fffffffff,0.78
2024_E_AIRPRT,832a82fffffffff,0.96
2024_E_AIRPRT,832a83fffffffff,0.43
2024_E_AIRPRT,832a84fffffffff,1.96
2024_E_AIRPRT,832a85fffffffff,0.88
2024_E_AIRPRT,832a86fffffffff,2.02
2024_E_AIRPRT,832a88fffffffff,0.82
2024_E_AIRPRT,832a89fffffffff,1.35
2024_E_AIRPRT,832a8afffffffff,0.76
2024_E_AIRPRT,832a8bfffffffff,1.51
2024_E_AIRPRT,832a8cfffffffff,1.29
2024_E_AIRPRT,832a8dfffffffff,1.73
2024_E_AIRPRT,832a8efffffffff,0.83
2024_E_AIRPRT,832a90fffffffff,3.38
2024_E_AIRPRT,832a91fffffffff,1.68
2024_E_AIRPRT,832a92fffffffff,3.49
2024_E_AIRPRT,832a93fffffffff,3.45
2024_E_AIRPRT,832a94fffffffff,4.12
2024_E_AIRPRT,832a95fffffffff,2.19
2024_E_AIRPRT,832a96fffffffff,1.93
2024_E_AIRPRT,832a98fffffffff,0.6
2024_E_AIRPRT,832a99fffffffff,0.78
2024_E_AIRPRT,832a9afffffffff,0.37
2024_E_AIRPRT,832a9bfffffffff,1.05
2024_E_AIRPRT,832a9cfffffffff,1.3
2024_E_AIRPRT,832a9dfffffffff,0.64
2024_E_AIRPRT,832a9efffffffff,0.46
2024_E_AIRPRT,832aa0fffffffff,0.42
2024_E_AIRPRT,832aa1fffffffff,2.1
2024_E_AIRPRT,832aa2fffffffff,0.99
2024_E_AIRPRT,832aa3fffffffff,1.56
2024_E_AIRPRT,832aa4fffffffff,1.3
2024_E_AIRPRT,832aa5fffffffff,1.13
2024_E_AIRPRT,832aa6fffffffff,1.53
2024_E_AIRPRT,832aa8fffffffff,5.64
2024_E_AIRPRT,832aa9fffffffff,4.11
2024_E_AIRPRT,832aaafffffffff,3.06
2024_E_AIRPRT,832aabfffffffff,2.15
2024_E_AIRPRT,832aacfffffffff,3.45
2024_E_AIRPRT,832aadfffffffff,3.31
2024_E_AIRPRT,832aaefffffffff,1.73
2024_E_AIRPRT,832ab1fffffffff,2.51
2024_E_AIRPRT,832ab2fffffffff,6.19
2024_E_AIRPRT,832ab3fffffffff,4.81
2024_E_AIRPRT,832ab5fffffffff,2.8
2024_E_AIRPRT,832ab6fffffffff,0.94
2024_E_AIRPRT,832ad0fffffffff,1.4
2024_E_AIRPRT,832ad2fffffffff,1.48
2024_E_AIRPRT,832ad3fffffffff,2.17
2024_E_AIRPRT,832ad4fffffffff,1.62
2024_E_AIRPRT,832ad5fffffffff,4.68
2024_E_AIRPRT,832ad6fffffffff,3.05
2024_E_AIRPRT,832af0fffffffff,5.98
2024_E_AIRPRT,832af2fffffffff,1.36
2024_E_AIRPRT,832af3fffffffff,1.22
2024_E_AIRPRT,832af6fffffffff,5.21
2024_E_AIRPRT,832b10fffffffff,1.84
2024_E_AIRPRT,832b11fffffffff,1.47
2024_E_AIRPRT,832b12fffffffff,0.0
2024_E_AIRPRT,832b13fffffffff,0.11
2024_E_AIRPRT,832b18fffffffff,1.25
2024_E_AIRPRT,832b1afffffffff,1.77
2024_E_AIRPRT,832b1bfffffffff,11.62
2024_E_AIRPRT,832b1efffffffff,0.4
2024_E_AIRPRT,832b81fffffffff,5.71
2024_E_AIRPRT,832b88fffffffff,0.22
2024_E_AIRPRT,832b89fffffffff,1.88
2024_E_AIRPRT,832b8afffffffff,1.08
2024_E_AIRPRT,832b8bfffffffff,0.56
2024_E_AIRPRT,832b8cfffffffff,1.17
2024_E_AIRPRT,832b8dfffffffff,1.48
2024_E_AIRPRT,832b8efffffffff,0.94
2024_E_AIRPRT,832b99fffffffff,1.75
2024_E_AIRPRT,832b9bfffffffff,3.71
2024_E_AIRPRT,832ba8fffffffff,0.15
2024_E_AIRPRT,832ba9fffffffff,1.23
2024_E_AIRPRT,832babfffffffff,0.98
2024_E_AIRPRT,832bacfffffffff,0.11
2024_E_AIRPRT,832badfffffffff,0.28
2024_E_AIRPRT,834412fffffffff,1.19
2024_E_AIRPRT,834413fffffffff,3.29
2024_E_AIRPRT,834414fffffffff,17.21
2024_E_AIRPRT,834416fffffffff,15.06
2024_E_AIRPRT,83441afffffffff,3.25
2024_E_AIRPRT,83441bfffffffff,1.41
2024_E_AIRPRT,83441efffffffff,2.74
2024_E_AIRPRT,834440fffffffff,0.7
2024_E_AIRPRT,834441fffffffff,1.42
2024_E_AIRPRT,834442fffffffff,0.64
2024_E_AIRPRT,834443fffffffff,0.99
2024_E_AIRPRT,834444fffffffff,1.38
2024_E_AIRPRT,834445fffffffff,1.31
2024_E_AIRPRT,834446fffffffff,1.58
2024_E_AIRPRT,834448fffffffff,1.04
2024_E_AIRPRT,834449fffffffff,0.43
2024_E_AIRPRT,83444afffffffff,0.91
2024_E_AIRPRT,83444bfffffffff,0.61
2024_E_AIRPRT,83444cfffffffff,1.12
2024_E_AIRPRT,83444dfffffffff,1.4
2024_E_AIRPRT,83444efffffffff,0.87
2024_E_AIRPRT,834450fffffffff,2.6
2024_E_AIRPRT,834451fffffffff,0.98
2024_E_AIRPRT,834452fffffffff,3.88
2024_E_AIRPRT,834453fffffffff,0.34
2024_E_AIRPRT,834455fffffffff,1.94
2024_E_AIRPRT,834456fffffffff,12.09
2024_E_AIRPRT,834458fffffffff,0.88
2024_E_AIRPRT,834459fffffffff,1.12
2024_E_AIRPRT,83445afffffffff,1.5
2024_E_AIRPRT,83445bfffffffff,0.96
2024_E_AIRPRT,83445cfffffffff,1.15
2024_E_AIRPRT,83445dfffffffff,1.08
2024_E_AIRPRT,83445efffffffff,2.04
2024_E_AIRPRT,834463fffffffff,0.0
2024_E_AIRPRT,834468fffffffff,0.9
2024_E_AIRPRT,834469fffffffff,0.78
2024_E_AIRPRT,83446afffffffff,1.01
2024_E_AIRPRT,83446bfffffffff,0.99
2024_E_AIRPRT,83446cfffffffff,3.19
2024_E_AIRPRT,83446dfffffffff,1.52
2024_E_AIRPRT,83446efffffffff,0.97
2024_E_AIRPRT,834471fffffffff,0.56
2024_E_AIRPRT,834473fffffffff,0.25
2024_E_AIRPRT,8344a1fffffffff,5.67
2024_E_AIRPRT,8344a5fffffffff,0.61
2024_E_AIRPRT,8344a8fffffffff,4.23
2024_E_AIRPRT,8344a9fffffffff,2.42
2024_E_AIRPRT,8344abfffffffff,7.04
2024_E_AIRPRT,8344acfffffffff,1.52
2024_E_AIRPRT,8344adfffffffff,1.85
2024_E_AIRPRT,8344aefffffffff,4.74
2024_E_AIRPRT,8344c0fffffffff,1.65
2024_E_AIRPRT,8344c1fffffffff,2.98
2024_E_AIRPRT,8344c2fffffffff,1.02
2024_E_AIRPRT,8344c3fffffffff,1.01
2024_E_AIRPRT,8344c4fffffffff,0.77
2024_E_AIRPRT,8344c5fffffffff,1.5
2024_E_AIRPRT,8344c6fffffffff,1.45
2024_E_AIRPRT,8344c8fffffffff,0.93
2024_E_AIRPRT,8344c9fffffffff,0.91
2024_E_AIRPRT,8344cafffffffff,1.31
2024_E_AIRPRT,8344cbfffffffff,0.88
2024_E_AIRPRT,8344ccfffffffff,1.36
2024_E_AIRPRT,8344cdfffffffff,1.17
2024_E_AIRPRT,8344cefffffffff,0.84
2024_E_AIRPRT,8344d0fffffffff,2.28
2024_E_AIRPRT,8344d1fffffffff,1.63
2024_E_AIRPRT,8344d2fffffffff,0.59
2024_E_AIRPRT,8344d3fffffffff,1.03
2024_E_AIRPRT,8344d5fffffffff,2.66
2024_E_AIRPRT,8344d8fffffffff,1.96
2024_E_AIRPRT,8344d9fffffffff,1.11
2024_E_AIRPRT,8344dafffffffff,1.42
2024_E_AIRPRT,8344dbfffffffff,1.21
2024_E_AIRPRT,8344dcfffffffff,1.41
2024_E_AIRPRT,8344ddfffffffff,2.27
2024_E_AIRPRT,8344defffffffff,1.45
2024_E_AIRPRT,8344e0fffffffff,1.33
2024_E_AIRPRT,8344e1fffffffff,1.68
2024_E_AIRPRT,8344e2fffffffff,1.17
2024_E_AIRPRT,8344e3fffffffff,0.79
2024_E_AIRPRT,8344e4fffffffff,2.81
2024_E_AIRPRT,8344e5fffffffff,5.23
2024_E_AIRPRT,8344e6fffffffff,1.4
2024_E_AIRPRT,8344e8fffffffff,1.72
2024_E_AIRPRT,8344e9fffffffff,0.7
2024_E_AIRPRT,8344eafffffffff,1.08
2024_E_AIRPRT,8344ebfffffffff,0.84
2024_E_AIRPRT,8344ecfffffffff,1.14
2024_E_AIRPRT,8344edfffffffff,0.65
2024_E_AIRPRT,8344eefffffffff,1.17
2024_E_AIRPRT,8344f0fffffffff,3.91
2024_E_AIRPRT,8344f1fffffffff,1.23
2024_E_AIRPRT,8344f3fffffffff,1.36
2024_E_AIRPRT,8344f4fffffffff,2.13
2024_E_AIRPRT,8344f5fffffffff,1.29
2024_E_AIRPRT,8344f6fffffffff,2.25
2024_E_AIRPRT,834859fffffffff,3.94
2024_E_AIRPRT,83485afffffffff,0.35
2024_E_AIRPRT,83485bfffffffff,1.54
2024_E_AIRPRT,834880fffffffff,1.45
2024_E_AIRPRT,834881fffffffff,2.9
2024_E_AIRPRT,834882fffffffff,0.92
2024_E_AIRPRT,834883fffffffff,0.77
2024_E_AIRPRT,834886fffffffff,0.81
2024_E_AIRPRT,834888fffffffff,0.2
2024_E_AIRPRT,834889fffffffff,0.47
2024_E_AIRPRT,83488afffffffff,0.58
2024_E_AIRPRT,83488bfffffffff,1.2
2024_E_AIRPRT,83488cfffffffff,0.15
2024_E_AIRPRT,83488dfffffffff,0.19
2024_E_AIRPRT,83488efffffffff,0.55
2024_E_AIRPRT,834890fffffffff,2.15
2024_E_AIRPRT,834891fffffffff,1.04
2024_E_AIRPRT,834892fffffffff,1.4
2024_E_AIRPRT,834893fffffffff,1.59
2024_E_AIRPRT,834895fffffffff,2.63
2024_E_AIRPRT,834898fffffffff,2.24
2024_E_AIRPRT,834899fffffffff,0.58
2024_E_AIRPRT,83489afffffffff,2.58
2024_E_AIRPRT,83489bfffffffff,1.87
2024_E_AIRPRT,83489cfffffffff,3.28
2024_E_AIRPRT,83489dfffffffff,0.62
2024_E_AIRPRT,83489efffffffff,2.98
2024_E_AIRPRT,8348abfffffffff,0.14
2024_E_AIRPRT,8348b1fffffffff,1.08
2024_E_AIRPRT,8348b2fffffffff,5.5
2024_E_AIRPRT,8348b3fffffffff,1.62
2024_E_AIRPRT,8348c0fffffffff,0.53
2024_E_AIRPRT,8348c1fffffffff,0.39
2024_E_AIRPRT,8348c2fffffffff,14.92
2024_E_AIRPRT,8348c3fffffffff,0.31
2024_E_AIRPRT,8348c4fffffffff,0.78
2024_E_AIRPRT,8348c5fffffffff,0.51
2024_E_AIRPRT,8348c6fffffffff,5.49
2024_E_AIRPRT,8348c8fffffffff,0.4
2024_E_AIRPRT,8348c9fffffffff,0.24
2024_E_AIRPRT,8348cafffffffff,0.25
2024_E_AIRPRT,8348cbfffffffff,0.44
2024_E_AIRPRT,8348ccfffffffff,0.87
2024_E_AIRPRT,8348cdfffffffff,0.74
2024_E_AIRPRT,8348cefffffffff,0.35
2024_E_AIRPRT,8348d0fffffffff,0.4
2024_E_AIRPRT,8348d1fffffffff,0.28
2024_E_AIRPRT,8348d2fffffffff,1.04
2024_E_AIRPRT,8348d3fffffffff,0.29
2024_E_AIRPRT,8348d4fffffffff,0.26
2024_E_AIRPRT,8348d5fffffffff,0.63
2024_E_AIRPRT,8348d6fffffffff,0.88
2024_E_AIRPRT,8348d8fffffffff,1.38
2024_E_AIRPRT,8348d9fffffffff,0.15
2024_E_AIRPRT,8348dafffffffff,0.28
2024_E_AIRPRT,8348dbfffffffff,0.6
2024_E_AIRPRT,8348dcfffffffff,0.55
2024_E_AIRPRT,8348ddfffffffff,0.54
2024_E_AIRPRT,8348defffffffff,0.5
2024_E_AIRPRT,8348e3fffffffff,1.29
2024_E_AIRPRT,8348e8fffffffff,3.01
2024_E_AIRPRT,8348e9fffffffff,2.23
2024_E_AIRPRT,8348eafffffffff,0.9
2024_E_AIRPRT,8348ebfffffffff,2.13
2024_E_AIRPRT,8348ecfffffffff,1.19
2024_E_AIRPRT,8348edfffffffff,0.21
2024_E_AIRPRT,8348eefffffffff,2.53
2024_E_AIRPRT,8348f2fffffffff,0.28
2024_E_AIRPRT,8348f3fffffffff,0.28
2024_E_AIRPRT,8348f6fffffffff,0.69
2024_E_ASTHMA,8312c9fffffffff,12.7
2024_E_ASTHMA,8312cafffffffff,10.2
2024_E_ASTHMA,8312cbfffffffff,10.9
2024_E_ASTHMA,8312d8fffffffff,11.8
2024_E_ASTHMA,8312d9fffffffff,11.1
2024_E_ASTHMA,8312dafffffffff,13.4
2024_E_ASTHMA,8312dbfffffffff,12.3
2024_E_ASTHMA,8312ddfffffffff,11.5
2024_E_ASTHMA,8312defffffffff,12.3
2024_E_ASTHMA,832600fffffffff,9.4
2024_E_ASTHMA,832601fffffffff,9.5
2024_E_ASTHMA,832602fffffffff,9.8
2024_E_ASTHMA,832603fffffffff,9.4
2024_E_ASTHMA,832604fffffffff,9.2
2024_E_ASTHMA,832605fffffffff,9.8
2024_E_ASTHMA,832606fffffffff,9.7
2024_E_ASTHMA,832608fffffffff,9.9
2024_E_ASTHMA,832609fffffffff,10.6
2024_E_ASTHMA,83260afffffffff,9.1
2024_E_ASTHMA,83260bfffffffff,10.4
2024_E_ASTHMA,83260cfffffffff,9.7
2024_E_ASTHMA,83260dfffffffff,9.7
2024_E_ASTHMA,83260efffffffff,9.4
2024_E_ASTHMA,832610fffffffff,13.1
2024_E_ASTHMA,832611fffffffff,10.0
2024_E_ASTHMA,832612fffffffff,11.4
2024_E_ASTHMA,832613fffffffff,9.5
2024_E_ASTHMA,832614fffffffff,10.3
2024_E_ASTHMA,832615fffffffff,10.4
2024_E_ASTHMA,832616fffffffff,10.4
2024_E_ASTHMA,832618fffffffff,9.2
2024_E_ASTHMA,832619fffffffff,9.5
2024_E_ASTHMA,83261afffffffff,9.3
2024_E_ASTHMA,83261bfffffffff,10.0
2024_E_ASTHMA,83261cfffffffff,9.2
2024_E_ASTHMA,83261dfffffffff,9.2
2024_E_ASTHMA,83261efffffffff,9.2
2024_E_ASTHMA,832620fffffffff,10.1
2024_E_ASTHMA,832621fffffffff,10.0
2024_E_ASTHMA,832622fffffffff,9.9
2024_E_ASTHMA,832623fffffffff,10.0
2024_E_ASTHMA,832624fffffffff,10.5
2024_E_ASTHMA,832625fffffffff,10.2
2024_E_ASTHMA,832626fffffffff,10.2
2024_E_ASTHMA,832628fffffffff,9.9
2024_E_ASTHMA,832629fffffffff,9.7
2024_E_ASTHMA,83262afffffffff,9.7
2024_E_ASTHMA,83262bfffffffff,9.7
2024_E_ASTHMA,83262cfffffffff,9.9
2024_E_ASTHMA,83262dfffffffff,9.9
2024_E_ASTHMA,83262efffffffff,10.0
2024_E_ASTHMA,832630fffffffff,9.9
2024_E_ASTHMA,832631fffffffff,9.4
2024_E_ASTHMA,832632fffffffff,12.5
2024_E_ASTHMA,832633fffffffff,9.5
2024_E_ASTHMA,832634fffffffff,10.4
2024_E_ASTHMA,832635fffffffff,10.1
2024_E_ASTHMA,832636fffffffff,11.2
2024_E_ASTHMA,832640fffffffff,10.3
2024_E_ASTHMA,832641fffffffff,10.7
2024_E_ASTHMA,832642fffffffff,10.9
2024_E_ASTHMA,832643fffffffff,11.0
2024_E_ASTHMA,832644fffffffff,10.1
2024_E_ASTHMA,832645fffffffff,10.4
2024_E_ASTHMA,832646fffffffff,10.3
2024_E_ASTHMA,832648fffffffff,11.7
2024_E_ASTHMA,832649fffffffff,11.0
2024_E_ASTHMA,83264afffffffff,11.9
2024_E_ASTHMA,83264bfffffffff,10.7
2024_E_ASTHMA,83264cfffffffff,10.4
2024_E_ASTHMA,83264dfffffffff,11.2
2024_E_ASTHMA,83264efffffffff,11.6
2024_E_ASTHMA,832650fffffffff,10.8
2024_E_ASTHMA,832651fffffffff,10.9
2024_E_ASTHMA,832652fffffffff,10.9
2024_E_ASTHMA,832653fffffffff,11.1
2024_E_ASTHMA,832654fffffffff,10.5
2024_E_ASTHMA,832655fffffffff,10.5
2024_E_ASTHMA,832656fffffffff,10.3
2024_E_ASTHMA,832658fffffffff,11.4
2024_E_ASTHMA,832659fffffffff,11.5
2024_E_ASTHMA,83265afffffffff,11.3
2024_E_ASTHMA,83265bfffffffff,11.4
2024_E_ASTHMA,83265cfffffffff,11.3
2024_E_ASTHMA,83265dfffffffff,11.4
2024_E_ASTHMA,83265efffffffff,11.2
2024_E_ASTHMA,832660fffffffff,10.6
2024_E_ASTHMA,832661fffffffff,11.0
2024_E_ASTHMA,832662fffffffff,10.1
2024_E_ASTHMA,832663fffffffff,10.1
2024_E_ASTHMA,832664fffffffff,10.5
2024_E_ASTHMA,832665fffffffff,11.1
2024_E_ASTHMA,832666fffffffff,9.9
2024_E_ASTHMA,832668fffffffff,11.0
2024_E_ASTHMA,832669fffffffff,11.6
2024_E_ASTHMA,83266afffffffff,11.0
2024_E_ASTHMA,83266bfffffffff,11.5
2024_E_ASTHMA,83266cfffffffff,11.2
2024_E_ASTHMA,83266dfffffffff,10.9
2024_E_ASTHMA,83266efffffffff,11.1
2024_E_ASTHMA,832670fffffffff,10.0
2024_E_ASTHMA,832671fffffffff,10.3
2024_E_ASTHMA,832672fffffffff,10.3
2024_E_ASTHMA,832673fffffffff,10.7
2024_E_ASTHMA,832674fffffffff,9.8
2024_E_ASTHMA,832675fffffffff,10.0
2024_E_ASTHMA,832676fffffffff,9.9
2024_E_ASTHMA,832680fffffffff,11.6
2024_E_ASTHMA,832681fffffffff,10.6
2024_E_ASTHMA,832682fffffffff,12.1
2024_E_ASTHMA,832683fffffffff,10.6
2024_E_ASTHMA,832684fffffffff,10.4
2024_E_ASTHMA,832685fffffffff,10.3
2024_E_ASTHMA,832686fffffffff,11.3
2024_E_ASTHMA,832688fffffffff,11.0
2024_E_ASTHMA,832689fffffffff,10.9
2024_E_ASTHMA,83268afffffffff,11.2
2024_E_ASTHMA,83268bfffffffff,10.8
2024_E_ASTHMA,83268cfffffffff,11.1
2024_E_ASTHMA,83268dfffffffff,11.4
2024_E_ASTHMA,83268efffffffff,10.9
2024_E_ASTHMA,832690fffffffff,11.2
2024_E_ASTHMA,832691fffffffff,12.4
2024_E_ASTHMA,832692fffffffff,11.5
2024_E_ASTHMA,832693fffffffff,11.9
2024_E_ASTHMA,832694fffffffff,10.7
2024_E_ASTHMA,832695fffffffff,11.8
2024_E_ASTHMA,832696fffffffff,10.2
2024_E_ASTHMA,832698fffffffff,11.4
2024_E_ASTHMA,832699fffffffff,11.6
2024_E_ASTHMA,83269afffffffff,13.9
2024_E_ASTHMA,83269bfffffffff,15.0
2024_E_ASTHMA,83269cfffffffff,11.2
2024_E_ASTHMA,83269dfffffffff,10.7
2024_E_ASTHMA,83269efffffffff,11.3
2024_E_ASTHMA,8326a0fffffffff,10.6
2024_E_ASTHMA,8326a1fffffffff,10.2
2024_E_ASTHMA,8326a2fffffffff,10.1
2024_E_ASTHMA,8326a3fffffffff,10.1
2024_E_ASTHMA,8326a4fffffffff,10.4
2024_E_ASTHMA,8326a5fffffffff,10.0
2024_E_ASTHMA,8326a6fffffffff,10.4
2024_E_ASTHMA,8326a8fffffffff,10.6
2024_E_ASTHMA,8326a9fffffffff,10.3
2024_E_ASTHMA,8326aafffffffff,11.6
2024_E_ASTHMA,8326abfffffffff,11.4
2024_E_ASTHMA,8326acfffffffff,9.4
2024_E_ASTHMA,8326adfffffffff,9.5
2024_E_ASTHMA,8326aefffffffff,10.2
2024_E_ASTHMA,8326b0fffffffff,11.1
2024_E_ASTHMA,8326b1fffffffff,10.5
2024_E_ASTHMA,8326b2fffffffff,10.5
2024_E_ASTHMA,8326b3fffffffff,10.7
2024_E_ASTHMA,8326b4fffffffff,10.8
2024_E_ASTHMA,8326b5fffffffff,11.1
2024_E_ASTHMA,8326b6fffffffff,10.0
2024_E_ASTHMA,8326c0fffffffff,11.8
2024_E_ASTHMA,8326c1fffffffff,12.0
2024_E_ASTHMA,8326c2fffffffff,10.8
2024_E_ASTHMA,8326c3fffffffff,12.0
2024_E_ASTHMA,8326c4fffffffff,11.0
2024_E_ASTHMA,8326c5fffffffff,12.0
2024_E_ASTHMA,8326c6fffffffff,11.0
2024_E_ASTHMA,8326c8fffffffff,9.9
2024_E_ASTHMA,8326c9fffffffff,10.4
2024_E_ASTHMA,8326cafffffffff,9.8
2024_E_ASTHMA,8326cbfffffffff,10.2
2024_E_ASTHMA,8326ccfffffffff,12.7
2024_E_ASTHMA,8326cdfffffffff,11.5
2024_E_ASTHMA,8326cefffffffff,11.5
2024_E_ASTHMA,8326d0fffffffff,9.9
2024_E_ASTHMA,8326d1fffffffff,9.8
2024_E_ASTHMA,8326d2fffffffff,11.0
2024_E_ASTHMA,8326d3fffffffff,10.2
2024_E_ASTHMA,8326d4fffffffff,10.9
2024_E_ASTHMA,8326d5fffffffff,10.2
2024_E_ASTHMA,8326d6fffffffff,10.9
2024_E_ASTHMA,8326d8fffffffff,10.2
2024_E_ASTHMA,8326d9fffffffff,9.9
2024_E_ASTHMA,8326dafffffffff,9.7
2024_E_ASTHMA,8326dbfffffffff,9.9
2024_E_ASTHMA,8326dcfffffffff,10.4
2024_E_ASTHMA,8326ddfffffffff,10.3
2024_E_ASTHMA,8326defffffffff,10.0
2024_E_ASTHMA,8326e0fffffffff,10.6
2024_E_ASTHMA,8326e1fffffffff,10.8
2024_E_ASTHMA,8326e2fffffffff,10.7
2024_E_ASTHMA,8326e3fffffffff,10.8
2024_E_ASTHMA,8326e4fffffffff,10.1
2024_E_ASTHMA,8326e5fffffffff,10.6
2024_E_ASTHMA,8326e6fffffffff,10.6
2024_E_ASTHMA,8326e8fffffffff,13.2
2024_E_ASTHMA,8326e9fffffffff,11.6
2024_E_ASTHMA,8326eafffffffff,12.6
2024_E_ASTHMA,8326ebfffffffff,13.0
2024_E_ASTHMA,8326ecfffffffff,11.7
2024_E_ASTHMA,8326edfffffffff,11.0
2024_E_ASTHMA,8326eefffffffff,12.2
2024_E_ASTHMA,8326f0fffffffff,10.9
2024_E_ASTHMA,8326f1fffffffff,10.4
2024_E_ASTHMA,8326f2fffffffff,11.2
2024_E_ASTHMA,8326f3fffffffff,10.8
2024_E_ASTHMA,8326f4fffffffff,10.3
2024_E_ASTHMA,8326f5fffffffff,10.6
2024_E_ASTHMA,8326f6fffffffff,11.1
2024_E_ASTHMA,832708fffffffff,10.3
2024_E_ASTHMA,832709fffffffff,10.0
2024_E_ASTHMA,83270afffffffff,11.5
2024_E_ASTHMA,83270bfffffffff,10.6
2024_E_ASTHMA,83270dfffffffff,10.5
2024_E_ASTHMA,83270efffffffff,9.9
2024_E_ASTHMA,832718fffffffff,10.3
2024_E_ASTHMA,832719fffffffff,10.4
2024_E_ASTHMA,83271afffffffff,10.9
2024_E_ASTHMA,83271bfffffffff,10.3
2024_E_ASTHMA,83271cfffffffff,10.5
2024_E_ASTHMA,83271dfffffffff,10.1
2024_E_ASTHMA,83271efffffffff,11.3
2024_E_ASTHMA,832740fffffffff,11.2
2024_E_ASTHMA,832741fffffffff,11.3
2024_E_ASTHMA,832742fffffffff,11.3
2024_E_ASTHMA,832743fffffffff,10.8
2024_E_ASTHMA,832744fffffffff,11.5
2024_E_ASTHMA,832745fffffffff,11.4
2024_E_ASTHMA,832746fffffffff,11.2
2024_E_ASTHMA,832748fffffffff,11.2
2024_E_ASTHMA,832749fffffffff,11.3
2024_E_ASTHMA,83274bfffffffff,11.4
2024_E_ASTHMA,83274cfffffffff,11.8
2024_E_ASTHMA,83274dfffffffff,11.2
2024_E_ASTHMA,83274efffffffff,11.6
2024_E_ASTHMA,832750fffffffff,11.1
2024_E_ASTHMA,832751fffffffff,10.9
2024_E_ASTHMA,832752fffffffff,10.5
2024_E_ASTHMA,832753fffffffff,10.8
2024_E_ASTHMA,832754fffffffff,11.1
2024_E_ASTHMA,832755fffffffff,10.8
2024_E_ASTHMA,832756fffffffff,10.6
2024_E_ASTHMA,832758fffffffff,10.6
2024_E_ASTHMA,832759fffffffff,9.8
2024_E_ASTHMA,83275afffffffff,10.5
2024_E_ASTHMA,83275bfffffffff,10.1
2024_E_ASTHMA,83275cfffffffff,10.8
2024_E_ASTHMA,83275dfffffffff,10.5
2024_E_ASTHMA,83275efffffffff,11.2
2024_E_ASTHMA,832763fffffffff,11.5
2024_E_ASTHMA,832768fffffffff,11.4
2024_E_ASTHMA,83276afffffffff,11.7
2024_E_ASTHMA,83276bfffffffff,11.6
2024_E_ASTHMA,83276efffffffff,11.4
2024_E_ASTHMA,832770fffffffff,0.6
2024_E_ASTHMA,832771fffffffff,10.9
2024_E_ASTHMA,832772fffffffff,9.8
2024_E_ASTHMA,832773fffffffff,11.2
2024_E_ASTHMA,832780fffffffff,11.0
2024_E_ASTHMA,832781fffffffff,10.8
2024_E_ASTHMA,832782fffffffff,10.9
2024_E_ASTHMA,832783fffffffff,11.0
2024_E_ASTHMA,832784fffffffff,11.0
2024_E_ASTHMA,832785fffffffff,12.4
2024_E_ASTHMA,832786fffffffff,11.5
2024_E_ASTHMA,832788fffffffff,10.0
2024_E_ASTHMA,832789fffffffff,10.2
2024_E_ASTHMA,83278afffffffff,11.0
2024_E_ASTHMA,83278bfffffffff,10.0
2024_E_ASTHMA,83278cfffffffff,10.6
2024_E_ASTHMA,83278dfffffffff,10.6
2024_E_ASTHMA,83278efffffffff,11.1
2024_E_ASTHMA,832790fffffffff,11.6
2024_E_ASTHMA,832791fffffffff,10.7
2024_E_ASTHMA,832792fffffffff,11.2
2024_E_ASTHMA,832793fffffffff,10.9
2024_E_ASTHMA,832794fffffffff,11.8
2024_E_ASTHMA,832795fffffffff,11.9
2024_E_ASTHMA,832796fffffffff,11.5
2024_E_ASTHMA,832798fffffffff,13.0
2024_E_ASTHMA,832799fffffffff,11.0
2024_E_ASTHMA,83279afffffffff,10.4
2024_E_ASTHMA,83279bfffffffff,10.4
2024_E_ASTHMA,83279cfffffffff,11.1
2024_E_ASTHMA,83279dfffffffff,12.1
2024_E_ASTHMA,83279efffffffff,11.0
2024_E_ASTHMA,8327a3fffffffff,10.9
2024_E_ASTHMA,8327a8fffffffff,10.9
2024_E_ASTHMA,8327a9fffffffff,10.3
2024_E_ASTHMA,8327aafffffffff,10.7
2024_E_ASTHMA,8327abfffffffff,10.8
2024_E_ASTHMA,8327acfffffffff,10.4
2024_E_ASTHMA,8327adfffffffff,10.6
2024_E_ASTHMA,8327aefffffffff,10.5
2024_E_ASTHMA,8327b3fffffffff,11.4
2024_E_ASTHMA,832800fffffffff,11.4
2024_E_ASTHMA,832802fffffffff,11.4
2024_E_ASTHMA,832806fffffffff,11.3
2024_E_ASTHMA,832810fffffffff,11.1
2024_E_ASTHMA,832811fffffffff,11.3
2024_E_ASTHMA,832812fffffffff,11.3
2024_E_ASTHMA,832813fffffffff,11.6
2024_E_ASTHMA,832814fffffffff,11.1
2024_E_ASTHMA,832815fffffffff,11.0
2024_E_ASTHMA,832816fffffffff,11.1
2024_E_ASTHMA,832818fffffffff,11.9
2024_E_ASTHMA,83281afffffffff,12.4
2024_E_ASTHMA,83281bfffffffff,11.9
2024_E_ASTHMA,83281cfffffffff,11.7
2024_E_ASTHMA,83281efffffffff,11.8
2024_E_ASTHMA,832830fffffffff,10.0
2024_E_ASTHMA,832831fffffffff,10.7
2024_E_ASTHMA,832832fffffffff,10.6
2024_E_ASTHMA,832833fffffffff,11.0
2024_E_ASTHMA,832834fffffffff,9.6
2024_E_ASTHMA,832835fffffffff,9.8
2024_E_ASTHMA,832836fffffffff,10.8
2024_E_ASTHMA,832880fffffffff,11.0
2024_E_ASTHMA,832881fffffffff,11.5
2024_E_ASTHMA,832882fffffffff,10.7
2024_E_ASTHMA,832883fffffffff,10.5
2024_E_ASTHMA,832884fffffffff,10.8
2024_E_ASTHMA,832885fffffffff,11.0
2024_E_ASTHMA,832886fffffffff,10.7
2024_E_ASTHMA,832888fffffffff,11.4
2024_E_ASTHMA,832889fffffffff,11.1
2024_E_ASTHMA,83288afffffffff,12.0
2024_E_ASTHMA,83288bfffffffff,12.1
2024_E_ASTHMA,83288cfffffffff,11.7
2024_E_ASTHMA,83288dfffffffff,11.8
2024_E_ASTHMA,83288efffffffff,11.5
2024_E_ASTHMA,832890fffffffff,10.4
2024_E_ASTHMA,832891fffffffff,10.7
2024_E_ASTHMA,832892fffffffff,10.1
2024_E_ASTHMA,832893fffffffff,10.8
2024_E_ASTHMA,832894fffffffff,10.9
2024_E_ASTHMA,832895fffffffff,10.8
2024_E_ASTHMA,832896fffffffff,10.0
2024_E_ASTHMA,832898fffffffff,11.3
2024_E_ASTHMA,832899fffffffff,11.7
2024_E_ASTHMA,83289afffffffff,11.2
2024_E_ASTHMA,83289bfffffffff,11.2
2024_E_ASTHMA,83289cfffffffff,10.2
2024_E_ASTHMA,83289dfffffffff,10.7
2024_E_ASTHMA,83289efffffffff,10.9
2024_E_ASTHMA,8328a0fffffffff,11.5
2024_E_ASTHMA,8328a1fffffffff,11.8
2024_E_ASTHMA,8328a2fffffffff,11.8
2024_E_ASTHMA,8328a3fffffffff,10.9
2024_E_ASTHMA,8328a4fffffffff,11.2
2024_E_ASTHMA,8328a5fffffffff,10.9
2024_E_ASTHMA,8328a6fffffffff,12.3
2024_E_ASTHMA,8328a8fffffffff,11.6
2024_E_ASTHMA,8328a9fffffffff,11.0
2024_E_ASTHMA,8328aafffffffff,11.7
2024_E_ASTHMA,8328abfffffffff,11.5
2024_E_ASTHMA,8328acfffffffff,12.1
2024_E_ASTHMA,8328adfffffffff,12.3
2024_E_ASTHMA,8328aefffffffff,12.1
2024_E_ASTHMA,8328b0fffffffff,11.0
2024_E_ASTHMA,8328b1fffffffff,11.1
2024_E_ASTHMA,8328b2fffffffff,11.3
2024_E_ASTHMA,8328b3fffffffff,11.3
2024_E_ASTHMA,8328b4fffffffff,11.7
2024_E_ASTHMA,8328b5fffffffff,12.1
2024_E_ASTHMA,8328b6fffffffff,11.0
2024_E_ASTHMA,8328c2fffffffff,12.6
2024_E_ASTHMA,8328c6fffffffff,12.4
2024_E_ASTHMA,8328d0fffffffff,11.7
2024_E_ASTHMA,8328d1fffffffff,11.7
2024_E_ASTHMA,8328d2fffffffff,11.6
2024_E_ASTHMA,8328d3fffffffff,12.7
2024_E_ASTHMA,8328d4fffffffff,11.5
2024_E_ASTHMA,8328d5fffffffff,11.5
2024_E_ASTHMA,8328d6fffffffff,11.5
2024_E_ASTHMA,8328defffffffff,11.7
2024_E_ASTHMA,8328f0fffffffff,11.4
2024_E_ASTHMA,8328f1fffffffff,11.6
2024_E_ASTHMA,8328f2fffffffff,12.1
2024_E_ASTHMA,8328f3fffffffff,12.3
2024_E_ASTHMA,8328f4fffffffff,11.7
2024_E_ASTHMA,8328f5fffffffff,12.0
2024_E_ASTHMA,8328f6fffffffff,12.1
2024_E_ASTHMA,832912fffffffff,7.1
2024_E_ASTHMA,832913fffffffff,9.1
2024_E_ASTHMA,83291afffffffff,10.2
2024_E_ASTHMA,832980fffffffff,7.3
2024_E_ASTHMA,832981fffffffff,8.6
2024_E_ASTHMA,832982fffffffff,10.8
2024_E_ASTHMA,832983fffffffff,8.7
2024_E_ASTHMA,832984fffffffff,11.1
2024_E_ASTHMA,832985fffffffff,10.6
2024_E_ASTHMA,832986fffffffff,10.9
2024_E_ASTHMA,832988fffffffff,12.4
2024_E_ASTHMA,832989fffffffff,10.3
2024_E_ASTHMA,83298afffffffff,11.2
2024_E_ASTHMA,83298bfffffffff,10.7
2024_E_ASTHMA,83298cfffffffff,11.6
2024_E_ASTHMA,83298dfffffffff,10.7
2024_E_ASTHMA,83298efffffffff,11.6
2024_E_ASTHMA,832990fffffffff,11.1
2024_E_ASTHMA,832991fffffffff,11.0
2024_E_ASTHMA,832992fffffffff,11.0
2024_E_ASTHMA,832993fffffffff,11.3
2024_E_ASTHMA,832994fffffffff,9.3
2024_E_ASTHMA,832995fffffffff,11.0
2024_E_ASTHMA,832996fffffffff,14.6
2024_E_ASTHMA,832998fffffffff,11.0
2024_E_ASTHMA,832999fffffffff,11.3
2024_E_ASTHMA,83299afffffffff,11.7
2024_E_ASTHMA,83299bfffffffff,11.2
2024_E_ASTHMA,83299cfffffffff,10.9
2024_E_ASTHMA,83299dfffffffff,11.3
2024_E_ASTHMA,83299efffffffff,11.5
2024_E_ASTHMA,8329a0fffffffff,10.3
2024_E_ASTHMA,8329a1fffffffff,9.9
2024_E_ASTHMA,8329a2fffffffff,11.2
2024_E_ASTHMA,8329a3fffffffff,11.3
2024_E_ASTHMA,8329a4fffffffff,9.7
2024_E_ASTHMA,8329a5fffffffff,9.1
2024_E_ASTHMA,8329a6fffffffff,10.6
2024_E_ASTHMA,8329a8fffffffff,11.1
2024_E_ASTHMA,8329a9fffffffff,10.7
2024_E_ASTHMA,8329aafffffffff,10.8
2024_E_ASTHMA,8329abfffffffff,11.0
2024_E_ASTHMA,8329acfffffffff,10.3
2024_E_ASTHMA,8329adfffffffff,10.4
2024_E_ASTHMA,8329aefffffffff,10.9
2024_E_ASTHMA,8329b0fffffffff,10.5
2024_E_ASTHMA,8329b1fffffffff,11.6
2024_E_ASTHMA,8329b2fffffffff,10.7
2024_E_ASTHMA,8329b3fffffffff,11.8
2024_E_ASTHMA,8329b4fffffffff,10.0
2024_E_ASTHMA,8329b5fffffffff,11.4
2024_E_ASTHMA,8329b6fffffffff,10.6
2024_E_ASTHMA,832a06fffffffff,11.3
2024_E_ASTHMA,832a10fffffffff,9.1
2024_E_ASTHMA,832a12fffffffff,10.1
2024_E_ASTHMA,832a13fffffffff,9.5
2024_E_ASTHMA,832a14fffffffff,11.5
2024_E_ASTHMA,832a15fffffffff,10.4
2024_E_ASTHMA,832a16fffffffff,10.6
2024_E_ASTHMA,832a30fffffffff,11.1
2024_E_ASTHMA,832a31fffffffff,11.1
2024_E_ASTHMA,832a32fffffffff,11.8
2024_E_ASTHMA,832a33fffffffff,11.8
2024_E_ASTHMA,832a34fffffffff,11.8
2024_E_ASTHMA,832a36fffffffff,11.7
2024_E_ASTHMA,832a80fffffffff,11.9
2024_E_ASTHMA,832a81fffffffff,11.7
2024_E_ASTHMA,832a82fffffffff,11.6
2024_E_ASTHMA,832a83fffffffff,12.6
2024_E_ASTHMA,832a84fffffffff,10.7
2024_E_ASTHMA,832a85fffffffff,11.4
2024_E_ASTHMA,832a86fffffffff,11.5
2024_E_ASTHMA,832a88fffffffff,11.1
2024_E_ASTHMA,832a89fffffffff,10.7
2024_E_ASTHMA,832a8afffffffff,10.6
2024_E_ASTHMA,832a8bfffffffff,10.3
2024_E_ASTHMA,832a8cfffffffff,10.5
2024_E_ASTHMA,832a8dfffffffff,10.8
2024_E_ASTHMA,832a8efffffffff,11.2
2024_E_ASTHMA,832a90fffffffff,11.0
2024_E_ASTHMA,832a91fffffffff,11.7
2024_E_ASTHMA,832a92fffffffff,11.2
2024_E_ASTHMA,832a93fffffffff,11.0
2024_E_ASTHMA,832a94fffffffff,10.9
2024_E_ASTHMA,832a95fffffffff,11.0
2024_E_ASTHMA,832a96fffffffff,10.9
2024_E_ASTHMA,832a98fffffffff,12.5
2024_E_ASTHMA,832a99fffffffff,11.0
2024_E_ASTHMA,832a9afffffffff,12.0
2024_E_ASTHMA,832a9bfffffffff,12.1
2024_E_ASTHMA,832a9cfffffffff,12.4
2024_E_ASTHMA,832a9dfffffffff,12.9
2024_E_ASTHMA,832a9efffffffff,11.8
2024_E_ASTHMA,832aa0fffffffff,10.9
2024_E_ASTHMA,832aa1fffffffff,10.8
2024_E_ASTHMA,832aa2fffffffff,10.9
2024_E_ASTHMA,832aa3fffffffff,10.8
2024_E_ASTHMA,832aa4fffffffff,11.1
2024_E_ASTHMA,832aa5fffffffff,10.8
2024_E_ASTHMA,832aa6fffffffff,11.0
2024_E_ASTHMA,832aa8fffffffff,10.6
2024_E_ASTHMA,832aa9fffffffff,10.7
2024_E_ASTHMA,832aaafffffffff,10.1
2024_E_ASTHMA,832aabfffffffff,10.8
2024_E_ASTHMA,832aacfffffffff,10.4
2024_E_ASTHMA,832aadfffffffff,10.9
2024_E_ASTHMA,832aaefffffffff,10.7
2024_E_ASTHMA,832ab1fffffffff,11.2
2024_E_ASTHMA,832ab2fffffffff,11.1
2024_E_ASTHMA,832ab3fffffffff,11.0
2024_E_ASTHMA,832ab5fffffffff,11.0
2024_E_ASTHMA,832ab6fffffffff,11.5
2024_E_ASTHMA,832ad0fffffffff,10.7
2024_E_ASTHMA,832ad2fffffffff,11.6
2024_E_ASTHMA,832ad3fffffffff,10.3
2024_E_ASTHMA,832ad4fffffffff,10.8
2024_E_ASTHMA,832ad5fffffffff,10.0
2024_E_ASTHMA,832ad6fffffffff,9.8
2024_E_ASTHMA,832af0fffffffff,10.0
2024_E_ASTHMA,832af2fffffffff,11.2
2024_E_ASTHMA,832af3fffffffff,10.6
2024_E_ASTHMA,832af6fffffffff,10.5
2024_E_ASTHMA,832b10fffffffff,12.7
2024_E_ASTHMA,832b11fffffffff,13.2
2024_E_ASTHMA,832b12fffffffff,12.6
2024_E_ASTHMA,832b13fffffffff,12.3
2024_E_ASTHMA,832b18fffffffff,12.8
2024_E_ASTHMA,832b1afffffffff,12.4
2024_E_ASTHMA,832b1bfffffffff,11.3
2024_E_ASTHMA,832b1efffffffff,13.5
2024_E_ASTHMA,832b81fffffffff,12.2
2024_E_ASTHMA,832b88fffffffff,10.9
2024_E_ASTHMA,832b89fffffffff,10.9
2024_E_ASTHMA,832b8afffffffff,11.2
2024_E_ASTHMA,832b8bfffffffff,11.1
2024_E_ASTHMA,832b8cfffffffff,11.1
2024_E_ASTHMA,832b8dfffffffff,11.8
2024_E_ASTHMA,832b8efffffffff,11.2
2024_E_ASTHMA,832b99fffffffff,10.8
2024_E_ASTHMA,832b9bfffffffff,10.6
2024_E_ASTHMA,832ba8fffffffff,12.3
2024_E_ASTHMA,832ba9fffffffff,12.1
2024_E_ASTHMA,832babfffffffff,12.2
2024_E_ASTHMA,832bacfffffffff,12.0
2024_E_ASTHMA,832badfffffffff,11.8
2024_E_ASTHMA,834412fffffffff,8.8
2024_E_ASTHMA,834413fffffffff,9.3
2024_E_ASTHMA,834414fffffffff,7.8
2024_E_ASTHMA,834416fffffffff,9.2
2024_E_ASTHMA,83441afffffffff,9.8
2024_E_ASTHMA,83441bfffffffff,10.4
2024_E_ASTHMA,83441efffffffff,9.1
2024_E_ASTHMA,834440fffffffff,10.8
2024_E_ASTHMA,834441fffffffff,10.4
2024_E_ASTHMA,834442fffffffff,10.8
2024_E_ASTHMA,834443fffffffff,11.2
2024_E_ASTHMA,834444fffffffff,10.7
2024_E_ASTHMA,834445fffffffff,10.6
2024_E_ASTHMA,834446fffffffff,9.8
2024_E_ASTHMA,834448fffffffff,11.3
2024_E_ASTHMA,834449fffffffff,11.8
2024_E_ASTHMA,83444afffffffff,11.4
2024_E_ASTHMA,83444bfffffffff,10.8
2024_E_ASTHMA,83444cfffffffff,10.8
2024_E_ASTHMA,83444dfffffffff,10.6
2024_E_ASTHMA,83444efffffffff,11.1
2024_E_ASTHMA,834450fffffffff,10.5
2024_E_ASTHMA,834451fffffffff,10.4
2024_E_ASTHMA,834452fffffffff,10.7
2024_E_ASTHMA,834453fffffffff,11.5
2024_E_ASTHMA,834455fffffffff,9.9
2024_E_ASTHMA,834456fffffffff,9.8
2024_E_ASTHMA,834458fffffffff,10.9
2024_E_ASTHMA,834459fffffffff,11.6
2024_E_ASTHMA,83445afffffffff,10.7
2024_E_ASTHMA,83445bfffffffff,10.5
2024_E_ASTHMA,83445cfffffffff,10.4
2024_E_ASTHMA,83445dfffffffff,10.9
2024_E_ASTHMA,83445efffffffff,10.8
2024_E_ASTHMA,834463fffffffff,10.1
2024_E_ASTHMA,834468fffffffff,10.5
2024_E_ASTHMA,834469fffffffff,10.2
2024_E_ASTHMA,83446afffffffff,10.7
2024_E_ASTHMA,83446bfffffffff,10.7
2024_E_ASTHMA,83446cfffffffff,9.6
2024_E_ASTHMA,83446dfffffffff,9.7
2024_E_ASTHMA,83446efffffffff,10.4
2024_E_ASTHMA,834471fffffffff,11.4
2024_E_ASTHMA,834473fffffffff,11.2
2024_E_ASTHMA,8344a1fffffffff,6.8
2024_E_ASTHMA,8344a5fffffffff,10.5
2024_E_ASTHMA,8344a8fffffffff,9.9
2024_E_ASTHMA,8344a9fffffffff,9.8
2024_E_ASTHMA,8344abfffffffff,3.8
2024_E_ASTHMA,8344acfffffffff,7.4
2024_E_ASTHMA,8344adfffffffff,9.9
2024_E_ASTHMA,8344aefffffffff,8.6
2024_E_ASTHMA,8344c0fffffffff,11.2
2024_E_ASTHMA,8344c1fffffffff,10.4
2024_E_ASTHMA,8344c2fffffffff,10.5
2024_E_ASTHMA,8344c3fffffffff,10.8
2024_E_ASTHMA,8344c4fffffffff,11.2
2024_E_ASTHMA,8344c5fffffffff,11.1
2024_E_ASTHMA,8344c6fffffffff,11.1
2024_E_ASTHMA,8344c8fffffffff,11.5
2024_E_ASTHMA,8344c9fffffffff,11.9
2024_E_ASTHMA,8344cafffffffff,9.1
2024_E_ASTHMA,8344cbfffffffff,12.2
2024_E_ASTHMA,8344ccfffffffff,10.7
2024_E_ASTHMA,8344cdfffffffff,11.5
2024_E_ASTHMA,8344cefffffffff,10.2
2024_E_ASTHMA,8344d0fffffffff,9.9
2024_E_ASTHMA,8344d1fffffffff,11.0
2024_E_ASTHMA,8344d2fffffffff,10.8
2024_E_ASTHMA,8344d3fffffffff,11.2
2024_E_ASTHMA,8344d5fffffffff,10.0
2024_E_ASTHMA,8344d8fffffffff,10.3
2024_E_ASTHMA,8344d9fffffffff,10.6
2024_E_ASTHMA,8344dafffffffff,10.3
2024_E_ASTHMA,8344dbfffffffff,10.2
2024_E_ASTHMA,8344dcfffffffff,10.4
2024_E_ASTHMA,8344ddfffffffff,9.8
2024_E_ASTHMA,8344defffffffff,10.9
2024_E_ASTHMA,8344e0fffffffff,10.9
2024_E_ASTHMA,8344e1fffffffff,10.8
2024_E_ASTHMA,8344e2fffffffff,10.9
2024_E_ASTHMA,8344e3fffffffff,11.4
2024_E_ASTHMA,8344e4fffffffff,10.4
2024_E_ASTHMA,8344e5fffffffff,10.1
2024_E_ASTHMA,8344e6fffffffff,10.1
2024_E_ASTHMA,8344e8fffffffff,10.5
2024_E_ASTHMA,8344e9fffffffff,10.8
2024_E_ASTHMA,8344eafffffffff,10.7
2024_E_ASTHMA,8344ebfffffffff,10.5
2024_E_ASTHMA,8344ecfffffffff,11.4
2024_E_ASTHMA,8344edfffffffff,11.5
2024_E_ASTHMA,8344eefffffffff,11.0
2024_E_ASTHMA,8344f0fffffffff,10.0
2024_E_ASTHMA,8344f1fffffffff,11.2
2024_E_ASTHMA,8344f3fffffffff,10.9
2024_E_ASTHMA,8344f4fffffffff,10.3
2024_E_ASTHMA,8344f5fffffffff,10.7
2024_E_ASTHMA,8344f6fffffffff,10.0
2024_E_ASTHMA,834859fffffffff,10.4
2024_E_ASTHMA,83485afffffffff,3.7
2024_E_ASTHMA,83485bfffffffff,9.9
2024_E_ASTHMA,834880fffffffff,9.4
2024_E_ASTHMA,834881fffffffff,9.7
2024_E_ASTHMA,834882fffffffff,9.5
2024_E_ASTHMA,834883fffffffff,9.8
2024_E_ASTHMA,834886fffffffff,9.9
2024_E_ASTHMA,834888fffffffff,9.1
2024_E_ASTHMA,834889fffffffff,9.1
2024_E_ASTHMA,83488afffffffff,9.6
2024_E_ASTHMA,83488bfffffffff,9.5
2024_E_ASTHMA,83488cfffffffff,8.7
2024_E_ASTHMA,83488dfffffffff,8.8
2024_E_ASTHMA,83488efffffffff,9.8
2024_E_ASTHMA,834890fffffffff,9.6
2024_E_ASTHMA,834891fffffffff,9.7
2024_E_ASTHMA,834892fffffffff,9.8
2024_E_ASTHMA,834893fffffffff,10.1
2024_E_ASTHMA,834895fffffffff,9.6
2024_E_ASTHMA,834898fffffffff,9.6
2024_E_ASTHMA,834899fffffffff,9.7
2024_E_ASTHMA,83489afffffffff,9.8
2024_E_ASTHMA,83489bfffffffff,9.8
2024_E_ASTHMA,83489cfffffffff,9.4
2024_E_ASTHMA,83489dfffffffff,9.8
2024_E_ASTHMA,83489efffffffff,9.8
2024_E_ASTHMA,8348abfffffffff,8.7
2024_E_ASTHMA,8348b1fffffffff,9.8
2024_E_ASTHMA,8348b2fffffffff,9.5
2024_E_ASTHMA,8348b3fffffffff,9.8
2024_E_ASTHMA,8348c0fffffffff,11.2
2024_E_ASTHMA,8348c1fffffffff,11.0
2024_E_ASTHMA,8348c2fffffffff,11.1
2024_E_ASTHMA,8348c3fffffffff,11.3
2024_E_ASTHMA,8348c4fffffffff,11.3
2024_E_ASTHMA,8348c5fffffffff,10.9
2024_E_ASTHMA,8348c6fffffffff,10.5
2024_E_ASTHMA,8348c8fffffffff,14.0
2024_E_ASTHMA,8348c9fffffffff,14.0
2024_E_ASTHMA,8348cafffffffff,15.7
2024_E_ASTHMA,8348cbfffffffff,16.4
2024_E_ASTHMA,8348ccfffffffff,14.1
2024_E_ASTHMA,8348cdfffffffff,10.8
2024_E_ASTHMA,8348cefffffffff,11.7
2024_E_ASTHMA,8348d0fffffffff,10.8
2024_E_ASTHMA,8348d1fffffffff,11.1
2024_E_ASTHMA,8348d2fffffffff,10.4
2024_E_ASTHMA,8348d3fffffffff,11.3
2024_E_ASTHMA,8348d4fffffffff,8.7
2024_E_ASTHMA,8348d5fffffffff,11.1
2024_E_ASTHMA,8348d6fffffffff,10.4
2024_E_ASTHMA,8348d8fffffffff,11.0
2024_E_ASTHMA,8348d9fffffffff,15.0
2024_E_ASTHMA,8348dafffffffff,10.6
2024_E_ASTHMA,8348dbfffffffff,10.6
2024_E_ASTHMA,8348dcfffffffff,11.3
2024_E_ASTHMA,8348ddfffffffff,13.9
2024_E_ASTHMA,8348defffffffff,10.8
2024_E_ASTHMA,8348e3fffffffff,10.7
2024_E_ASTHMA,8348e8fffffffff,12.1
2024_E_ASTHMA,8348e9fffffffff,10.2
2024_E_ASTHMA,8348eafffffffff,11.6
2024_E_ASTHMA,8348ebfffffffff,11.1
2024_E_ASTHMA,8348ecfffffffff,10.7
2024_E_ASTHMA,8348edfffffffff,15.4
2024_E_ASTHMA,8348eefffffffff,10.3
2024_E_ASTHMA,8348f2fffffffff,9.6
2024_E_ASTHMA,8348f3fffffffff,10.7
2024_E_ASTHMA,8348f6fffffffff,9.9
2024_E_BURN,8312c9fffffffff,0.0338
2024_E_BURN,8312cafffffffff,0.5329
2024_E_BURN,8312cbfffffffff,0.4752
2024_E_BURN,8312d8fffffffff,0.2591
2024_E_BURN,8312d9fffffffff,0.3543
2024_E_BURN,8312dafffffffff,3.502
2024_E_BURN,8312dbfffffffff,0.3904
2024_E_BURN,8312ddfffffffff,0.1766
2024_E_BURN,8312defffffffff,1.7145
2024_E_BURN,832600fffffffff,0.0
2024_E_BURN,832601fffffffff,0.0
2024_E_BURN,832602fffffffff,0.0001
2024_E_BURN,832603fffffffff,0.0
2024_E_BURN,832604fffffffff,0.0
2024_E_BURN,832605fffffffff,0.0
2024_E_BURN,832606fffffffff,0.0
2024_E_BURN,832608fffffffff,0.0
2024_E_BURN,832609fffffffff,0.0
2024_E_BURN,83260afffffffff,0.0
2024_E_BURN,83260bfffffffff,0.0035
2024_E_BURN,83260cfffffffff,0.0
2024_E_BURN,83260dfffffffff,0.0
2024_E_BURN,83260efffffffff,0.0
2024_E_BURN,832610fffffffff,0.0981
2024_E_BURN,832611fffffffff,0.0052
2024_E_BURN,832612fffffffff,0.0985
2024_E_BURN,832613fffffffff,0.0087
2024_E_BURN,832614fffffffff,0.059
2024_E_BURN,832615fffffffff,0.022
2024_E_BURN,832616fffffffff,0.1361
2024_E_BURN,832618fffffffff,0.0
2024_E_BURN,832619fffffffff,0.0
2024_E_BURN,83261afffffffff,0.0
2024_E_BURN,83261bfffffffff,0.012
2024_E_BURN,83261cfffffffff,0.0
2024_E_BURN,83261dfffffffff,0.0
2024_E_BURN,83261efffffffff,0.0057
2024_E_BURN,832620fffffffff,0.0
2024_E_BURN,832621fffffffff,0.0
2024_E_BURN,832622fffffffff,0.0
2024_E_BURN,832623fffffffff,0.0
2024_E_BURN,832624fffffffff,0.0
2024_E_BURN,832625fffffffff,0.0
2024_E_BURN,832626fffffffff,0.0107
2024_E_BURN,832628fffffffff,0.0
2024_E_BURN,832629fffffffff,0.0
2024_E_BURN,83262afffffffff,0.0
2024_E_BURN,83262bfffffffff,0.0
2024_E_BURN,83262cfffffffff,0.0
2024_E_BURN,83262dfffffffff,0.0
2024_E_BURN,83262efffffffff,0.0
2024_E_BURN,832630fffffffff,0.0
2024_E_BURN,832631fffffffff,0.0
2024_E_BURN,832632fffffffff,0.0078
2024_E_BURN,832633fffffffff,0.0005
2024_E_BURN,832634fffffffff,0.0
2024_E_BURN,832635fffffffff,0.0003
2024_E_BURN,832636fffffffff,0.0111
2024_E_BURN,832640fffffffff,0.0
2024_E_BURN,832641fffffffff,0.0
2024_E_BURN,832642fffffffff,0.003
2024_E_BURN,832643fffffffff,0.0
2024_E_BURN,832644fffffffff,0.0
2024_E_BURN,832645fffffffff,0.0
2024_E_BURN,832646fffffffff,0.0
2024_E_BURN,832648fffffffff,0.0
2024_E_BURN,832649fffffffff,0.0009
2024_E_BURN,83264afffffffff,0.0
2024_E_BURN,83264bfffffffff,0.0
2024_E_BURN,83264cfffffffff,0.0
2024_E_BURN,83264dfffffffff,0.0
2024_E_BURN,83264efffffffff,0.0
2024_E_BURN,832650fffffffff,0.0
2024_E_BURN,832651fffffffff,0.0
2024_E_BURN,832652fffffffff,0.0
2024_E_BURN,832653fffffffff,0.0009
2024_E_BURN,832654fffffffff,0.0
2024_E_BURN,832655fffffffff,0.0
2024_E_BURN,832656fffffffff,0.0
2024_E_BURN,832658fffffffff,0.0001
2024_E_BURN,832659fffffffff,0.0
2024_E_BURN,83265afffffffff,0.0229
2024_E_BURN,83265bfffffffff,0.0
2024_E_BURN,83265cfffffffff,0.0024
2024_E_BURN,83265dfffffffff,0.0
2024_E_BURN,83265efffffffff,0.0531
2024_E_BURN,832660fffffffff,0.0
2024_E_BURN,832661fffffffff,0.0
2024_E_BURN,832662fffffffff,0.0
2024_E_BURN,832663fffffffff,0.0
2024_E_BURN,832664fffffffff,0.0
2024_E_BURN,832665fffffffff,0.0
2024_E_BURN,832666fffffffff,0.0
2024_E_BURN,832668fffffffff,0.0
2024_E_BURN,832669fffffffff,0.0
2024_E_BURN,83266afffffffff,0.0
2024_E_BURN,83266bfffffffff,0.0
2024_E_BURN,83266cfffffffff,0.0
2024_E_BURN,83266dfffffffff,0.0
2024_E_BURN,83266efffffffff,0.0
2024_E_BURN,832670fffffffff,0.0
2024_E_BURN,832671fffffffff,0.0
2024_E_BURN,832672fffffffff,0.0
2024_E_BURN,832673fffffffff,0.0
2024_E_BURN,832674fffffffff,0.0
2024_E_BURN,832675fffffffff,0.0
2024_E_BURN,832676fffffffff,0.0
2024_E_BURN,832680fffffffff,0.4348
2024_E_BURN,832681fffffffff,0.7472
2024_E_BURN,832682fffffffff,0.4011
2024_E_BURN,832683fffffffff,0.165
2024_E_BURN,832684fffffffff,0.3064
2024_E_BURN,832685fffffffff,0.8075
2024_E_BURN,832686fffffffff,0.1168
2024_E_BURN,832688fffffffff,0.2858
2024_E_BURN,832689fffffffff,0.1213
2024_E_BURN,83268afffffffff,0.1018
2024_E_BURN,83268bfffffffff,0.2577
2024_E_BURN,83268cfffffffff,0.0466
2024_E_BURN,83268dfffffffff,0.0408
2024_E_BURN,83268efffffffff,0.1083
2024_E_BURN,832690fffffffff,0.8851
2024_E_BURN,832691fffffffff,0.1095
2024_E_BURN,832692fffffffff,0.4052
2024_E_BURN,832693fffffffff,0.0895
2024_E_BURN,832694fffffffff,0.0633
2024_E_BURN,832695fffffffff,0.1469
2024_E_BURN,832696fffffffff,0.3141
2024_E_BURN,832698fffffffff,0.2098
2024_E_BURN,832699fffffffff,0.312
2024_E_BURN,83269afffffffff,0.0139
2024_E_BURN,83269bfffffffff,0.0129
2024_E_BURN,83269cfffffffff,0.2774
2024_E_BURN,83269dfffffffff,0.0948
2024_E_BURN,83269efffffffff,0.0383
2024_E_BURN,8326a0fffffffff,0.018
2024_E_BURN,8326a1fffffffff,0.0774
2024_E_BURN,8326a2fffffffff,0.0485
2024_E_BURN,8326a3fffffffff,0.2925
2024_E_BURN,8326a4fffffffff,0.048
2024_E_BURN,8326a5fffffffff,0.178
2024_E_BURN,8326a6fffffffff,0.1315
2024_E_BURN,8326a8fffffffff,0.09
2024_E_BURN,8326a9fffffffff,0.0208
2024_E_BURN,8326aafffffffff,0.0494
2024_E_BURN,8326abfffffffff,0.0111
2024_E_BURN,8326acfffffffff,0.0388
2024_E_BURN,8326adfffffffff,0.009
2024_E_BURN,8326aefffffffff,0.0433
2024_E_BURN,8326b0fffffffff,0.1404
2024_E_BURN,8326b1fffffffff,0.0242
2024_E_BURN,8326b2fffffffff,0.1018
2024_E_BURN,8326b3fffffffff,0.027
2024_E_BURN,8326b4fffffffff,0.1655
2024_E_BURN,8326b5fffffffff,0.0367
2024_E_BURN,8326b6fffffffff,0.2528
2024_E_BURN,8326c0fffffffff,0.9834
2024_E_BURN,8326c1fffffffff,0.001
2024_E_BURN,8326c2fffffffff,0.834
2024_E_BURN,8326c3fffffffff,0.0442
2024_E_BURN,8326c4fffffffff,1.159
2024_E_BURN,8326c5fffffffff,0.0388
2024_E_BURN,8326c6fffffffff,1.8877
2024_E_BURN,8326c8fffffffff,0.0062
2024_E_BURN,8326c9fffffffff,0.0
2024_E_BURN,8326cafffffffff,0.0522
2024_E_BURN,8326cbfffffffff,0.0029
2024_E_BURN,8326ccfffffffff,0.1157
2024_E_BURN,8326cdfffffffff,0.0039
2024_E_BURN,8326cefffffffff,0.0854
2024_E_BURN,8326d0fffffffff,0.2891
2024_E_BURN,8326d1fffffffff,0.5817
2024_E_BURN,8326d2fffffffff,0.0698
2024_E_BURN,8326d3fffffffff,0.0094
2024_E_BURN,8326d4fffffffff,0.0968
2024_E_BURN,8326d5fffffffff,0.6164
2024_E_BURN,8326d6fffffffff,0.1156
2024_E_BURN,8326d8fffffffff,0.0232
2024_E_BURN,8326d9fffffffff,0.208
2024_E_BURN,8326dafffffffff,0.0072
2024_E_BURN,8326dbfffffffff,0.0602
2024_E_BURN,8326dcfffffffff,0.1954
2024_E_BURN,8326ddfffffffff,0.0846
2024_E_BURN,8326defffffffff,0.0272
2024_E_BURN,8326e0fffffffff,0.3332
2024_E_BURN,8326e1fffffffff,0.2118
2024_E_BURN,8326e2fffffffff,0.0959
2024_E_BURN,8326e3fffffffff,0.0307
2024_E_BURN,8326e4fffffffff,0.1168
2024_E_BURN,8326e5fffffffff,0.0675
2024_E_BURN,8326e6fffffffff,0.1545
2024_E_BURN,8326e8fffffffff,0.0898
2024_E_BURN,8326e9fffffffff,0.0367
2024_E_BURN,8326eafffffffff,0.3047
2024_E_BURN,8326ebfffffffff,0.2727
2024_E_BURN,8326ecfffffffff,0.0056
2024_E_BURN,8326edfffffffff,0.0017
2024_E_BURN,8326eefffffffff,1.1133
2024_E_BURN,8326f0fffffffff,0.0086
2024_E_BURN,8326f1fffffffff,0.8795
2024_E_BURN,8326f2fffffffff,0.0915
2024_E_BURN,8326f3fffffffff,0.3299
2024_E_BURN,8326f4fffffffff,0.0012
2024_E_BURN,8326f5fffffffff,0.2355
2024_E_BURN,8326f6fffffffff,0.0019
2024_E_BURN,832708fffffffff,0.0
2024_E_BURN,832709fffffffff,0.0503
2024_E_BURN,83270afffffffff,0.0697
2024_E_BURN,83270bfffffffff,0.0007
2024_E_BURN,83270dfffffffff,0.0462
2024_E_BURN,83270efffffffff,0.0135
2024_E_BURN,832718fffffffff,0.0018
2024_E_BURN,832719fffffffff,0.0434
2024_E_BURN,83271afffffffff,0.0
2024_E_BURN,83271bfffffffff,0.0
2024_E_BURN,83271cfffffffff,0.0067
2024_E_BURN,83271dfffffffff,0.0704
2024_E_BURN,83271efffffffff,0.0049
2024_E_BURN,832740fffffffff,0.0
2024_E_BURN,832741fffffffff,0.0
2024_E_BURN,832742fffffffff,0.0
2024_E_BURN,832743fffffffff,0.0
2024_E_BURN,832744fffffffff,0.0
2024_E_BURN,832745fffffffff,0.0001
2024_E_BURN,832746fffffffff,0.0
2024_E_BURN,832748fffffffff,0.0
2024_E_BURN,832749fffffffff,0.0
2024_E_BURN,83274bfffffffff,0.0
2024_E_BURN,83274cfffffffff,0.0
2024_E_BURN,83274dfffffffff,0.0
2024_E_BURN,83274efffffffff,0.0
2024_E_BURN,832750fffffffff,0.0052
2024_E_BURN,832751fffffffff,0.0
2024_E_BURN,832752fffffffff,0.0
2024_E_BURN,832753fffffffff,0.0
2024_E_BURN,832754fffffffff,0.0067
2024_E_BURN,832755fffffffff,0.0
2024_E_BURN,832756fffffffff,0.0218
2024_E_BURN,832758fffffffff,0.0
2024_E_BURN,832759fffffffff,0.0
2024_E_BURN,83275afffffffff,0.0
2024_E_BURN,83275bfffffffff,0.0
2024_E_BURN,83275cfffffffff,0.0
2024_E_BURN,83275dfffffffff,0.0
2024_E_BURN,83275efffffffff,0.0
2024_E_BURN,832763fffffffff,0.0
2024_E_BURN,832768fffffffff,0.0
2024_E_BURN,83276afffffffff,0.0099
2024_E_BURN,83276bfffffffff,0.0264
2024_E_BURN,83276efffffffff,0.0
2024_E_BURN,832770fffffffff,0.0
2024_E_BURN,832771fffffffff,0.0
2024_E_BURN,832772fffffffff,0.0761
2024_E_BURN,832773fffffffff,0.0
2024_E_BURN,832780fffffffff,0.2243
2024_E_BURN,832781fffffffff,0.0243
2024_E_BURN,832782fffffffff,0.5536
2024_E_BURN,832783fffffffff,0.5182
2024_E_BURN,832784fffffffff,0.0261
2024_E_BURN,832785fffffffff,0.1066
2024_E_BURN,832786fffffffff,0.0818
2024_E_BURN,832788fffffffff,0.0664
2024_E_BURN,832789fffffffff,0.0776
2024_E_BURN,83278afffffffff,0.1648
2024_E_BURN,83278bfffffffff,0.022
2024_E_BURN,83278cfffffffff,0.0373
2024_E_BURN,83278dfffffffff,0.0638
2024_E_BURN,83278efffffffff,0.3032
2024_E_BURN,832790fffffffff,0.0708
2024_E_BURN,832791fffffffff,0.1667
2024_E_BURN,832792fffffffff,0.3614
2024_E_BURN,832793fffffffff,0.221
2024_E_BURN,832794fffffffff,0.0229
2024_E_BURN,832795fffffffff,0.118
2024_E_BURN,832796fffffffff,0.1744
2024_E_BURN,832798fffffffff,0.3131
2024_E_BURN,832799fffffffff,0.5681
2024_E_BURN,83279afffffffff,0.2711
2024_E_BURN,83279bfffffffff,0.2052
2024_E_BURN,83279cfffffffff,0.3218
2024_E_BURN,83279dfffffffff,1.1824
2024_E_BURN,83279efffffffff,0.0766
2024_E_BURN,8327a3fffffffff,0.0067
2024_E_BURN,8327a8fffffffff,0.0038
2024_E_BURN,8327a9fffffffff,0.0
2024_E_BURN,8327aafffffffff,0.0595
2024_E_BURN,8327abfffffffff,0.032
2024_E_BURN,8327acfffffffff,0.0
2024_E_BURN,8327adfffffffff,0.0
2024_E_BURN,8327aefffffffff,0.0102
2024_E_BURN,8327b3fffffffff,0.0785
2024_E_BURN,832800fffffffff,0.0
2024_E_BURN,832802fffffffff,3.0168
2024_E_BURN,832806fffffffff,2.5114
2024_E_BURN,832810fffffffff,1.2754
2024_E_BURN,832811fffffffff,1.7292
2024_E_BURN,832812fffffffff,0.7681
2024_E_BURN,832813fffffffff,1.3496
2024_E_BURN,832814fffffffff,4.4366
2024_E_BURN,832815fffffffff,2.462
2024_E_BURN,832816fffffffff,1.1081
2024_E_BURN,832818fffffffff,1.3355
2024_E_BURN,83281afffffffff,1.4786
2024_E_BURN,83281bfffffffff,0.0003
2024_E_BURN,83281cfffffffff,3.2764
2024_E_BURN,83281efffffffff,0.9397
2024_E_BURN,832830fffffffff,1.968
2024_E_BURN,832831fffffffff,1.582
2024_E_BURN,832832fffffffff,0.8393
2024_E_BURN,832833fffffffff,2.7282
2024_E_BURN,832834fffffffff,1.3954
2024_E_BURN,832835fffffffff,0.6023
2024_E_BURN,832836fffffffff,0.9704
2024_E_BURN,832880fffffffff,1.0783
2024_E_BURN,832881fffffffff,0.8998
2024_E_BURN,832882fffffffff,0.6745
2024_E_BURN,832883fffffffff,1.0239
2024_E_BURN,832884fffffffff,1.1594
2024_E_BURN,832885fffffffff,0.9061
2024_E_BURN,832886fffffffff,1.099
2024_E_BURN,832888fffffffff,0.5149
2024_E_BURN,832889fffffffff,2.4575
2024_E_BURN,83288afffffffff,0.2672
2024_E_BURN,83288bfffffffff,0.5039
2024_E_BURN,83288cfffffffff,0.1825
2024_E_BURN,83288dfffffffff,0.8259
2024_E_BURN,83288efffffffff,1.494
2024_E_BURN,832890fffffffff,0.2637
2024_E_BURN,832891fffffffff,0.3184
2024_E_BURN,832892fffffffff,0.1156
2024_E_BURN,832893fffffffff,0.2453
2024_E_BURN,832894fffffffff,0.469
2024_E_BURN,832895fffffffff,0.3678
2024_E_BURN,832896fffffffff,0.2808
2024_E_BURN,832898fffffffff,0.6968
2024_E_BURN,832899fffffffff,0.437
2024_E_BURN,83289afffffffff,0.7117
2024_E_BURN,83289bfffffffff,0.3255
2024_E_BURN,83289cfffffffff,1.1646
2024_E_BURN,83289dfffffffff,0.7201
2024_E_BURN,83289efffffffff,0.6855
2024_E_BURN,8328a0fffffffff,0.9619
2024_E_BURN,8328a1fffffffff,0.5873
2024_E_BURN,8328a2fffffffff,1.3626
2024_E_BURN,8328a3fffffffff,1.201
2024_E_BURN,8328a4fffffffff,0.8832
2024_E_BURN,8328a5fffffffff,0.5282
2024_E_BURN,8328a6fffffffff,1.3282
2024_E_BURN,8328a8fffffffff,0.3416
2024_E_BURN,8328a9fffffffff,0.5478
2024_E_BURN,8328aafffffffff,0.8955
2024_E_BURN,8328abfffffffff,0.9293
2024_E_BURN,8328acfffffffff,0.6483
2024_E_BURN,8328adfffffffff,0.8728
2024_E_BURN,8328aefffffffff,0.5623
2024_E_BURN,8328b0fffffffff,0.6549
2024_E_BURN,8328b1fffffffff,1.0411
2024_E_BURN,8328b2fffffffff,0.2611
2024_E_BURN,8328b3fffffffff,0.8766
2024_E_BURN,8328b4fffffffff,0.557
2024_E_BURN,8328b5fffffffff,1.2954
2024_E_BURN,8328b6fffffffff,0.2429
2024_E_BURN,8328c2fffffffff,0.0216
2024_E_BURN,8328c6fffffffff,0.0001
2024_E_BURN,8328d0fffffffff,0.1983
2024_E_BURN,8328d1fffffffff,0.0062
2024_E_BURN,8328d2fffffffff,3.1819
2024_E_BURN,8328d3fffffffff,0.1641
2024_E_BURN,8328d4fffffffff,0.6484
2024_E_BURN,8328d5fffffffff,0.0228
2024_E_BURN,8328d6fffffffff,2.7639
2024_E_BURN,8328defffffffff,0.0
2024_E_BURN,8328f0fffffffff,0.3032
2024_E_BURN,8328f1fffffffff,0.0
2024_E_BURN,8328f2fffffffff,0.6027
2024_E_BURN,8328f3fffffffff,0.0056
2024_E_BURN,8328f4fffffffff,1.5186
2024_E_BURN,8328f5fffffffff,0.013
2024_E_BURN,8328f6fffffffff,2.9157
2024_E_BURN,832912fffffffff,2.8611
2024_E_BURN,832913fffffffff,0.7605
2024_E_BURN,832916fffffffff,0.0
2024_E_BURN,83291afffffffff,4.0807
2024_E_BURN,832980fffffffff,0.1559
2024_E_BURN,832981fffffffff,0.0782
2024_E_BURN,832982fffffffff,0.2534
2024_E_BURN,832983fffffffff,0.1337
2024_E_BURN,832984fffffffff,0.1174
2024_E_BURN,832985fffffffff,0.1109
2024_E_BURN,832986fffffffff,0.0545
2024_E_BURN,832988fffffffff,0.1011
2024_E_BURN,832989fffffffff,0.7251
2024_E_BURN,83298afffffffff,0.121
2024_E_BURN,83298bfffffffff,0.4812
2024_E_BURN,83298cfffffffff,0.3587
2024_E_BURN,83298dfffffffff,1.8551
2024_E_BURN,83298efffffffff,0.0199
2024_E_BURN,832990fffffffff,0.2193
2024_E_BURN,832991fffffffff,0.2354
2024_E_BURN,832992fffffffff,0.004
2024_E_BURN,832993fffffffff,0.1675
2024_E_BURN,832994fffffffff,0.4847
2024_E_BURN,832995fffffffff,0.2144
2024_E_BURN,832996fffffffff,0.0701
2024_E_BURN,832998fffffffff,0.1611
2024_E_BURN,832999fffffffff,0.318
2024_E_BURN,83299afffffffff,0.4206
2024_E_BURN,83299bfffffffff,0.3087
2024_E_BURN,83299cfffffffff,0.062
2024_E_BURN,83299dfffffffff,0.0962
2024_E_BURN,83299efffffffff,0.0964
2024_E_BURN,8329a0fffffffff,1.021
2024_E_BURN,8329a1fffffffff,1.4726
2024_E_BURN,8329a2fffffffff,0.0578
2024_E_BURN,8329a3fffffffff,0.0101
2024_E_BURN,8329a4fffffffff,0.47
2024_E_BURN,8329a5fffffffff,0.0002
2024_E_BURN,8329a6fffffffff,0.0748
2024_E_BURN,8329a8fffffffff,0.2574
2024_E_BURN,8329a9fffffffff,0.5032
2024_E_BURN,8329aafffffffff,1.2747
2024_E_BURN,8329abfffffffff,1.9802
2024_E_BURN,8329acfffffffff,0.5539
2024_E_BURN,8329adfffffffff,0.678
2024_E_BURN,8329aefffffffff,1.0868
2024_E_BURN,8329b0fffffffff,0.0701
2024_E_BURN,8329b1fffffffff,0.0558
2024_E_BURN,8329b2fffffffff,0.4816
2024_E_BURN,8329b3fffffffff,0.1161
2024_E_BURN,8329b4fffffffff,0.0123
2024_E_BURN,8329b5fffffffff,0.0024
2024_E_BURN,8329b6fffffffff,0.6214
2024_E_BURN,832a06fffffffff,0.0
2024_E_BURN,832a10fffffffff,0.0
2024_E_BURN,832a12fffffffff,0.0257
2024_E_BURN,832a13fffffffff,0.0585
2024_E_BURN,832a14fffffffff,0.0
2024_E_BURN,832a15fffffffff,0.0
2024_E_BURN,832a16fffffffff,0.0149
2024_E_BURN,832a30fffffffff,0.0
2024_E_BURN,832a31fffffffff,0.0
2024_E_BURN,832a32fffffffff,0.0
2024_E_BURN,832a33fffffffff,0.0
2024_E_BURN,832a34fffffffff,0.0
2024_E_BURN,832a36fffffffff,0.0
2024_E_BURN,832a80fffffffff,0.0
2024_E_BURN,832a81fffffffff,0.0093
2024_E_BURN,832a82fffffffff,0.0
2024_E_BURN,832a83fffffffff,0.0
2024_E_BURN,832a84fffffffff,0.0
2024_E_BURN,832a85fffffffff,0.0
2024_E_BURN,832a86fffffffff,0.0
2024_E_BURN,832a88fffffffff,0.0043
2024_E_BURN,832a89fffffffff,0.0
2024_E_BURN,832a8afffffffff,0.0002
2024_E_BURN,832a8bfffffffff,0.0
2024_E_BURN,832a8cfffffffff,0.0575
2024_E_BURN,832a8dfffffffff,0.0
2024_E_BURN,832a8efffffffff,0.0368
2024_E_BURN,832a90fffffffff,0.0
2024_E_BURN,832a91fffffffff,0.0
2024_E_BURN,832a92fffffffff,0.0
2024_E_BURN,832a93fffffffff,0.0
2024_E_BURN,832a94fffffffff,0.0
2024_E_BURN,832a95fffffffff,0.0
2024_E_BURN,832a96fffffffff,0.0
2024_E_BURN,832a98fffffffff,0.0294
2024_E_BURN,832a99fffffffff,0.0
2024_E_BURN,832a9afffffffff,0.0567
2024_E_BURN,832a9bfffffffff,0.0397
2024_E_BURN,832a9cfffffffff,0.0136
2024_E_BURN,832a9dfffffffff,0.01
2024_E_BURN,832a9efffffffff,0.0
2024_E_BURN,832aa0fffffffff,0.0
2024_E_BURN,832aa1fffffffff,0.0
2024_E_BURN,832aa2fffffffff,0.0
2024_E_BURN,832aa3fffffffff,0.0
2024_E_BURN,832aa4fffffffff,0.0
2024_E_BURN,832aa5fffffffff,0.0
2024_E_BURN,832aa6fffffffff,0.0
2024_E_BURN,832aa8fffffffff,0.0
2024_E_BURN,832aa9fffffffff,0.044
2024_E_BURN,832aaafffffffff,0.0
2024_E_BURN,832aabfffffffff,0.0
2024_E_BURN,832aacfffffffff,0.0
2024_E_BURN,832aadfffffffff,0.0166
2024_E_BURN,832aaefffffffff,0.0
2024_E_BURN,832ab1fffffffff,0.0
2024_E_BURN,832ab2fffffffff,0.0
2024_E_BURN,832ab3fffffffff,0.0
2024_E_BURN,832ab5fffffffff,0.0
2024_E_BURN,832ab6fffffffff,0.0
2024_E_BURN,832ad0fffffffff,0.0191
2024_E_BURN,832ad2fffffffff,0.019
2024_E_BURN,832ad3fffffffff,0.012
2024_E_BURN,832ad4fffffffff,0.0
2024_E_BURN,832ad5fffffffff,0.0482
2024_E_BURN,832ad6fffffffff,0.0003
2024_E_BURN,832af0fffffffff,0.0035
2024_E_BURN,832af2fffffffff,0.0
2024_E_BURN,832af3fffffffff,0.0907
2024_E_BURN,832af6fffffffff,0.0
2024_E_BURN,832b10fffffffff,0.0
2024_E_BURN,832b11fffffffff,0.0
2024_E_BURN,832b12fffffffff,0.0
2024_E_BURN,832b13fffffffff,0.0
2024_E_BURN,832b18fffffffff,0.0
2024_E_BURN,832b1afffffffff,0.0
2024_E_BURN,832b1bfffffffff,0.0
2024_E_BURN,832b1efffffffff,0.0
2024_E_BURN,832b81fffffffff,0.0
2024_E_BURN,832b88fffffffff,0.0
2024_E_BURN,832b89fffffffff,0.0
2024_E_BURN,832b8afffffffff,0.0
2024_E_BURN,832b8bfffffffff,0.0
2024_E_BURN,832b8cfffffffff,0.0
2024_E_BURN,832b8dfffffffff,0.0
2024_E_BURN,832b8efffffffff,0.0
2024_E_BURN,832b99fffffffff,0.0
2024_E_BURN,832b9bfffffffff,0.0
2024_E_BURN,832ba8fffffffff,0.0
2024_E_BURN,832ba9fffffffff,0.0
2024_E_BURN,832babfffffffff,0.0
2024_E_BURN,832bacfffffffff,0.0
2024_E_BURN,832badfffffffff,0.0
2024_E_BURN,834412fffffffff,1.0498
2024_E_BURN,834413fffffffff,0.3927
2024_E_BURN,834414fffffffff,0.0
2024_E_BURN,834416fffffffff,0.0
2024_E_BURN,83441afffffffff,0.0277
2024_E_BURN,83441bfffffffff,0.0
2024_E_BURN,83441efffffffff,0.0057
2024_E_BURN,834440fffffffff,0.0
2024_E_BURN,834441fffffffff,0.0401
2024_E_BURN,834442fffffffff,0.0
2024_E_BURN,834443fffffffff,0.0
2024_E_BURN,834444fffffffff,0.0
2024_E_BURN,834445fffffffff,0.0017
2024_E_BURN,834446fffffffff,0.0
2024_E_BURN,834448fffffffff,0.0
2024_E_BURN,834449fffffffff,0.0179
2024_E_BURN,83444afffffffff,0.0034
2024_E_BURN,83444bfffffffff,0.0054
2024_E_BURN,83444cfffffffff,0.0032
2024_E_BURN,83444dfffffffff,0.0
2024_E_BURN,83444efffffffff,0.0
2024_E_BURN,834450fffffffff,0.02
2024_E_BURN,834451fffffffff,0.0944
2024_E_BURN,834452fffffffff,0.0761
2024_E_BURN,834453fffffffff,0.001
2024_E_BURN,834455fffffffff,0.0414
2024_E_BURN,834456fffffffff,0.0463
2024_E_BURN,834458fffffffff,0.0
2024_E_BURN,834459fffffffff,0.0
2024_E_BURN,83445afffffffff,0.0
2024_E_BURN,83445bfffffffff,0.0
2024_E_BURN,83445cfffffffff,0.0072
2024_E_BURN,83445dfffffffff,0.0
2024_E_BURN,83445efffffffff,0.0003
2024_E_BURN,834463fffffffff,0.0023
2024_E_BURN,834468fffffffff,0.0066
2024_E_BURN,834469fffffffff,0.001
2024_E_BURN,83446afffffffff,0.0257
2024_E_BURN,83446bfffffffff,0.0011
2024_E_BURN,83446cfffffffff,0.0428
2024_E_BURN,83446dfffffffff,0.0043
2024_E_BURN,83446efffffffff,0.3983
2024_E_BURN,834471fffffffff,0.0
2024_E_BURN,834473fffffffff,0.0
2024_E_BURN,8344a1fffffffff,0.3202
2024_E_BURN,8344a5fffffffff,0.5014
2024_E_BURN,8344a8fffffffff,0.0569
2024_E_BURN,8344a9fffffffff,0.0568
2024_E_BURN,8344abfffffffff,0.5589
2024_E_BURN,8344acfffffffff,0.6329
2024_E_BURN,8344adfffffffff,0.119
2024_E_BURN,8344aefffffffff,0.069
2024_E_BURN,8344c0fffffffff,0.0
2024_E_BURN,8344c1fffffffff,0.0
2024_E_BURN,8344c2fffffffff,0.0049
2024_E_BURN,8344c3fffffffff,0.0
2024_E_BURN,8344c4fffffffff,0.0
2024_E_BURN,8344c5fffffffff,0.0
2024_E_BURN,8344c6fffffffff,0.0
2024_E_BURN,8344c8fffffffff,0.0741
2024_E_BURN,8344c9fffffffff,0.0
2024_E_BURN,8344cafffffffff,0.1639
2024_E_BURN,8344cbfffffffff,0.0775
2024_E_BURN,8344ccfffffffff,0.0306
2024_E_BURN,8344cdfffffffff,0.0089
2024_E_BURN,8344cefffffffff,0.1409
2024_E_BURN,8344d0fffffffff,0.0065
2024_E_BURN,8344d1fffffffff,0.0009
2024_E_BURN,8344d2fffffffff,0.0
2024_E_BURN,8344d3fffffffff,0.0284
2024_E_BURN,8344d5fffffffff,0.0072
2024_E_BURN,8344d8fffffffff,0.0196
2024_E_BURN,8344d9fffffffff,0.0978
2024_E_BURN,8344dafffffffff,0.0026
2024_E_BURN,8344dbfffffffff,0.0091
2024_E_BURN,8344dcfffffffff,0.0
2024_E_BURN,8344ddfffffffff,0.0284
2024_E_BURN,8344defffffffff,0.0
2024_E_BURN,8344e0fffffffff,0.1599
2024_E_BURN,8344e1fffffffff,0.0
2024_E_BURN,8344e2fffffffff,0.0
2024_E_BURN,8344e3fffffffff,0.0
2024_E_BURN,8344e4fffffffff,0.1787
2024_E_BURN,8344e5fffffffff,0.0733
2024_E_BURN,8344e6fffffffff,0.002
2024_E_BURN,8344e8fffffffff,0.0069
2024_E_BURN,8344e9fffffffff,0.0067
2024_E_BURN,8344eafffffffff,0.0072
2024_E_BURN,8344ebfffffffff,0.0164
2024_E_BURN,8344ecfffffffff,0.0
2024_E_BURN,8344edfffffffff,0.0098
2024_E_BURN,8344eefffffffff,0.0
2024_E_BURN,8344f0fffffffff,0.2657
2024_E_BURN,8344f1fffffffff,0.3823
2024_E_BURN,8344f3fffffffff,0.0161
2024_E_BURN,8344f4fffffffff,0.0161
2024_E_BURN,8344f5fffffffff,0.0252
2024_E_BURN,8344f6fffffffff,0.041
2024_E_BURN,834859fffffffff,0.1587
2024_E_BURN,83485afffffffff,0.0009
2024_E_BURN,83485bfffffffff,0.0141
2024_E_BURN,834880fffffffff,0.0063
2024_E_BURN,834881fffffffff,0.1069
2024_E_BURN,834882fffffffff,0.0253
2024_E_BURN,834883fffffffff,0.0042
2024_E_BURN,834886fffffffff,0.0603
2024_E_BURN,834888fffffffff,0.0943
2024_E_BURN,834889fffffffff,0.025
2024_E_BURN,83488afffffffff,0.1427
2024_E_BURN,83488bfffffffff,0.0188
2024_E_BURN,83488cfffffffff,0.0264
2024_E_BURN,83488dfffffffff,0.0066
2024_E_BURN,83488efffffffff,0.1167
2024_E_BURN,834890fffffffff,0.0385
2024_E_BURN,834891fffffffff,0.0164
2024_E_BURN,834892fffffffff,0.1204
2024_E_BURN,834893fffffffff,0.0014
2024_E_BURN,834895fffffffff,0.2418
2024_E_BURN,834898fffffffff,0.0325
2024_E_BURN,834899fffffffff,0.1185
2024_E_BURN,83489afffffffff,0.0495
2024_E_BURN,83489bfffffffff,0.1186
2024_E_BURN,83489cfffffffff,0.0124
2024_E_BURN,83489dfffffffff,0.0424
2024_E_BURN,83489efffffffff,0.0109
2024_E_BURN,8348abfffffffff,0.0031
2024_E_BURN,8348b1fffffffff,0.0201
2024_E_BURN,8348b2fffffffff,0.0
2024_E_BURN,8348b3fffffffff,0.1801
2024_E_BURN,8348c0fffffffff,0.4217
2024_E_BURN,8348c1fffffffff,1.04
2024_E_BURN,8348c2fffffffff,0.0219
2024_E_BURN,8348c3fffffffff,0.315
2024_E_BURN,8348c4fffffffff,0.1397
2024_E_BURN,8348c5fffffffff,0.2813
2024_E_BURN,8348c6fffffffff,0.0105
2024_E_BURN,8348c8fffffffff,0.0058
2024_E_BURN,8348c9fffffffff,0.2369
2024_E_BURN,8348cafffffffff,0.054
2024_E_BURN,8348cbfffffffff,0.0215
2024_E_BURN,8348ccfffffffff,1.0209
2024_E_BURN,8348cdfffffffff,0.8229
2024_E_BURN,8348cefffffffff,0.187
2024_E_BURN,8348d0fffffffff,0.0869
2024_E_BURN,8348d1fffffffff,0.0957
2024_E_BURN,8348d2fffffffff,0.1308
2024_E_BURN,8348d3fffffffff,0.0692
2024_E_BURN,8348d4fffffffff,0.0406
2024_E_BURN,8348d5fffffffff,0.0178
2024_E_BURN,8348d6fffffffff,0.0087
2024_E_BURN,8348d8fffffffff,0.1263
2024_E_BURN,8348d9fffffffff,0.0494
2024_E_BURN,8348dafffffffff,0.1951
2024_E_BURN,8348dbfffffffff,0.0938
2024_E_BURN,8348dcfffffffff,0.0828
2024_E_BURN,8348ddfffffffff,0.0512
2024_E_BURN,8348defffffffff,0.0507
2024_E_BURN,8348e3fffffffff,0.4459
2024_E_BURN,8348e8fffffffff,0.5239
2024_E_BURN,8348e9fffffffff,0.002
2024_E_BURN,8348eafffffffff,0.9596
2024_E_BURN,8348ebfffffffff,2.0575
2024_E_BURN,8348ecfffffffff,1.1067
2024_E_BURN,8348edfffffffff,0.0992
2024_E_BURN,8348eefffffffff,0.4266
2024_E_BURN,8348f2fffffffff,0.1221
2024_E_BURN,8348f3fffffffff,0.0089
2024_E_BURN,8348f6fffffffff,0.0036
2024_E_CANCER,8312c9fffffffff,9.0
2024_E_CANCER,8312cafffffffff,11.4
2024_E_CANCER,8312cbfffffffff,7.8
2024_E_CANCER,8312d8fffffffff,12.3
2024_E_CANCER,8312d9fffffffff,11.6
2024_E_CANCER,8312dafffffffff,10.6
2024_E_CANCER,8312dbfffffffff,11.0
2024_E_CANCER,8312ddfffffffff,11.2
2024_E_CANCER,8312defffffffff,12.9
2024_E_CANCER,832600fffffffff,9.6
2024_E_CANCER,832601fffffffff,9.5
2024_E_CANCER,832602fffffffff,10.5
2024_E_CANCER,832603fffffffff,9.9
2024_E_CANCER,832604fffffffff,9.5
2024_E_CANCER,832605fffffffff,9.8
2024_E_CANCER,832606fffffffff,9.7
2024_E_CANCER,832608fffffffff,10.0
2024_E_CANCER,832609fffffffff,10.2
2024_E_CANCER,83260afffffffff,9.6
2024_E_CANCER,83260bfffffffff,10.0
2024_E_CANCER,83260cfffffffff,10.2
2024_E_CANCER,83260dfffffffff,9.5
2024_E_CANCER,83260efffffffff,9.6
2024_E_CANCER,832610fffffffff,7.3
2024_E_CANCER,832611fffffffff,9.9
2024_E_CANCER,832612fffffffff,9.3
2024_E_CANCER,832613fffffffff,10.1
2024_E_CANCER,832614fffffffff,9.1
2024_E_CANCER,832615fffffffff,9.4
2024_E_CANCER,832616fffffffff,8.1
2024_E_CANCER,832618fffffffff,9.9
2024_E_CANCER,832619fffffffff,10.6
2024_E_CANCER,83261afffffffff,10.2
2024_E_CANCER,83261bfffffffff,11.0
2024_E_CANCER,83261cfffffffff,10.9
2024_E_CANCER,83261dfffffffff,9.9
2024_E_CANCER,83261efffffffff,10.6
2024_E_CANCER,832620fffffffff,10.4
2024_E_CANCER,832621fffffffff,9.2
2024_E_CANCER,832622fffffffff,10.2
2024_E_CANCER,832623fffffffff,10.0
2024_E_CANCER,832624fffffffff,10.5
2024_E_CANCER,832625fffffffff,10.4
2024_E_CANCER,832626fffffffff,9.6
2024_E_CANCER,832628fffffffff,10.2
2024_E_CANCER,832629fffffffff,9.8
2024_E_CANCER,83262afffffffff,10.3
2024_E_CANCER,83262bfffffffff,9.6
2024_E_CANCER,83262cfffffffff,9.2
2024_E_CANCER,83262dfffffffff,9.9
2024_E_CANCER,83262efffffffff,10.1
2024_E_CANCER,832630fffffffff,11.6
2024_E_CANCER,832631fffffffff,10.0
2024_E_CANCER,832632fffffffff,7.3
2024_E_CANCER,832633fffffffff,10.4
2024_E_CANCER,832634fffffffff,10.8
2024_E_CANCER,832635fffffffff,10.6
2024_E_CANCER,832636fffffffff,9.9
2024_E_CANCER,832640fffffffff,9.5
2024_E_CANCER,832641fffffffff,10.2
2024_E_CANCER,832642fffffffff,9.8
2024_E_CANCER,832643fffffffff,9.9
2024_E_CANCER,832644fffffffff,9.9
2024_E_CANCER,832645fffffffff,9.9
2024_E_CANCER,832646fffffffff,9.5
2024_E_CANCER,832648fffffffff,9.8
2024_E_CANCER,832649fffffffff,9.2
2024_E_CANCER,83264afffffffff,8.7
2024_E_CANCER,83264bfffffffff,9.5
2024_E_CANCER,83264cfffffffff,8.7
2024_E_CANCER,83264dfffffffff,8.7
2024_E_CANCER,83264efffffffff,9.6
2024_E_CANCER,832650fffffffff,10.3
2024_E_CANCER,832651fffffffff,9.6
2024_E_CANCER,832652fffffffff,10.0
2024_E_CANCER,832653fffffffff,9.8
2024_E_CANCER,832654fffffffff,10.2
2024_E_CANCER,832655fffffffff,9.4
2024_E_CANCER,832656fffffffff,9.1
2024_E_CANCER,832658fffffffff,10.2
2024_E_CANCER,832659fffffffff,8.0
2024_E_CANCER,83265afffffffff,10.4
2024_E_CANCER,83265bfffffffff,9.1
2024_E_CANCER,83265cfffffffff,10.6
2024_E_CANCER,83265dfffffffff,9.2
2024_E_CANCER,83265efffffffff,10.9
2024_E_CANCER,832660fffffffff,9.8
2024_E_CANCER,832661fffffffff,9.1
2024_E_CANCER,832662fffffffff,9.5
2024_E_CANCER,832663fffffffff,10.0
2024_E_CANCER,832664fffffffff,8.6
2024_E_CANCER,832665fffffffff,9.8
2024_E_CANCER,832666fffffffff,9.2
2024_E_CANCER,832668fffffffff,8.8
2024_E_CANCER,832669fffffffff,9.6
2024_E_CANCER,83266afffffffff,9.5
2024_E_CANCER,83266bfffffffff,9.1
2024_E_CANCER,83266cfffffffff,9.3
2024_E_CANCER,83266dfffffffff,9.3
2024_E_CANCER,83266efffffffff,9.5
2024_E_CANCER,832670fffffffff,10.1
2024_E_CANCER,832671fffffffff,10.1
2024_E_CANCER,832672fffffffff,10.1
2024_E_CANCER,832673fffffffff,10.1
2024_E_CANCER,832674fffffffff,9.4
2024_E_CANCER,832675fffffffff,10.3
2024_E_CANCER,832676fffffffff,9.6
2024_E_CANCER,832680fffffffff,10.0
2024_E_CANCER,832681fffffffff,9.3
2024_E_CANCER,832682fffffffff,9.3
2024_E_CANCER,832683fffffffff,8.4
2024_E_CANCER,832684fffffffff,9.5
2024_E_CANCER,832685fffffffff,11.3
2024_E_CANCER,832686fffffffff,9.5
2024_E_CANCER,832688fffffffff,10.0
2024_E_CANCER,832689fffffffff,9.5
2024_E_CANCER,83268afffffffff,10.6
2024_E_CANCER,83268bfffffffff,10.1
2024_E_CANCER,83268cfffffffff,9.3
2024_E_CANCER,83268dfffffffff,10.1
2024_E_CANCER,83268efffffffff,11.5
2024_E_CANCER,832690fffffffff,9.7
2024_E_CANCER,832691fffffffff,8.7
2024_E_CANCER,832692fffffffff,8.3
2024_E_CANCER,832693fffffffff,9.8
2024_E_CANCER,832694fffffffff,9.2
2024_E_CANCER,832695fffffffff,9.3
2024_E_CANCER,832696fffffffff,6.8
2024_E_CANCER,832698fffffffff,10.6
2024_E_CANCER,832699fffffffff,10.3
2024_E_CANCER,83269afffffffff,7.9
2024_E_CANCER,83269bfffffffff,7.5
2024_E_CANCER,83269cfffffffff,10.5
2024_E_CANCER,83269dfffffffff,11.4
2024_E_CANCER,83269efffffffff,9.7
2024_E_CANCER,8326a0fffffffff,9.5
2024_E_CANCER,8326a1fffffffff,10.8
2024_E_CANCER,8326a2fffffffff,9.0
2024_E_CANCER,8326a3fffffffff,11.1
2024_E_CANCER,8326a4fffffffff,8.5
2024_E_CANCER,8326a5fffffffff,10.9
2024_E_CANCER,8326a6fffffffff,10.2
2024_E_CANCER,8326a8fffffffff,9.8
2024_E_CANCER,8326a9fffffffff,10.3
2024_E_CANCER,8326aafffffffff,8.4
2024_E_CANCER,8326abfffffffff,9.9
2024_E_CANCER,8326acfffffffff,10.2
2024_E_CANCER,8326adfffffffff,10.9
2024_E_CANCER,8326aefffffffff,9.5
2024_E_CANCER,8326b0fffffffff,9.2
2024_E_CANCER,8326b1fffffffff,10.2
2024_E_CANCER,8326b2fffffffff,9.6
2024_E_CANCER,8326b3fffffffff,9.1
2024_E_CANCER,8326b4fffffffff,11.6
2024_E_CANCER,8326b5fffffffff,9.9
2024_E_CANCER,8326b6fffffffff,9.5
2024_E_CANCER,8326c0fffffffff,9.2
2024_E_CANCER,8326c1fffffffff,8.4
2024_E_CANCER,8326c2fffffffff,9.1
2024_E_CANCER,8326c3fffffffff,8.9
2024_E_CANCER,8326c4fffffffff,10.2
2024_E_CANCER,8326c5fffffffff,8.9
2024_E_CANCER,8326c6fffffffff,9.8
2024_E_CANCER,8326c8fffffffff,8.3
2024_E_CANCER,8326c9fffffffff,9.7
2024_E_CANCER,8326cafffffffff,9.4
2024_E_CANCER,8326cbfffffffff,8.3
2024_E_CANCER,8326ccfffffffff,9.0
2024_E_CANCER,8326cdfffffffff,9.7
2024_E_CANCER,8326cefffffffff,9.9
2024_E_CANCER,8326d0fffffffff,8.2
2024_E_CANCER,8326d1fffffffff,9.7
2024_E_CANCER,8326d2fffffffff,10.5
2024_E_CANCER,8326d3fffffffff,7.7
2024_E_CANCER,8326d4fffffffff,10.1
2024_E_CANCER,8326d5fffffffff,8.9
2024_E_CANCER,8326d6fffffffff,9.0
2024_E_CANCER,8326d8fffffffff,10.5
2024_E_CANCER,8326d9fffffffff,10.5
2024_E_CANCER,8326dafffffffff,8.8
2024_E_CANCER,8326dbfffffffff,9.8
2024_E_CANCER,8326dcfffffffff,9.5
2024_E_CANCER,8326ddfffffffff,10.0
2024_E_CANCER,8326defffffffff,8.6
2024_E_CANCER,8326e0fffffffff,10.3
2024_E_CANCER,8326e1fffffffff,10.8
2024_E_CANCER,8326e2fffffffff,10.4
2024_E_CANCER,8326e3fffffffff,9.6
2024_E_CANCER,8326e4fffffffff,10.1
2024_E_CANCER,8326e5fffffffff,10.0
2024_E_CANCER,8326e6fffffffff,11.2
2024_E_CANCER,8326e8fffffffff,8.8
2024_E_CANCER,8326e9fffffffff,9.7
2024_E_CANCER,8326eafffffffff,8.9
2024_E_CANCER,8326ebfffffffff,9.4
2024_E_CANCER,8326ecfffffffff,9.5
2024_E_CANCER,8326edfffffffff,9.8
2024_E_CANCER,8326eefffffffff,9.5
2024_E_CANCER,8326f0fffffffff,9.0
2024_E_CANCER,8326f1fffffffff,10.1
2024_E_CANCER,8326f2fffffffff,9.3
2024_E_CANCER,8326f3fffffffff,8.0
2024_E_CANCER,8326f4fffffffff,10.8
2024_E_CANCER,8326f5fffffffff,11.0
2024_E_CANCER,8326f6fffffffff,10.1
2024_E_CANCER,832708fffffffff,11.5
2024_E_CANCER,832709fffffffff,11.8
2024_E_CANCER,83270afffffffff,9.7
2024_E_CANCER,83270bfffffffff,11.2
2024_E_CANCER,83270dfffffffff,12.0
2024_E_CANCER,83270efffffffff,11.1
2024_E_CANCER,832718fffffffff,10.8
2024_E_CANCER,832719fffffffff,9.8
2024_E_CANCER,83271afffffffff,10.8
2024_E_CANCER,83271bfffffffff,10.9
2024_E_CANCER,83271cfffffffff,11.0
2024_E_CANCER,83271dfffffffff,10.1
2024_E_CANCER,83271efffffffff,10.9
2024_E_CANCER,832740fffffffff,11.8
2024_E_CANCER,832741fffffffff,10.9
2024_E_CANCER,832742fffffffff,10.9
2024_E_CANCER,832743fffffffff,9.5
2024_E_CANCER,832744fffffffff,11.6
2024_E_CANCER,832745fffffffff,11.9
2024_E_CANCER,832746fffffffff,11.6
2024_E_CANCER,832748fffffffff,9.2
2024_E_CANCER,832749fffffffff,9.9
2024_E_CANCER,83274bfffffffff,9.3
2024_E_CANCER,83274cfffffffff,10.3
2024_E_CANCER,83274dfffffffff,9.6
2024_E_CANCER,83274efffffffff,10.0
2024_E_CANCER,832750fffffffff,11.4
2024_E_CANCER,832751fffffffff,9.7
2024_E_CANCER,832752fffffffff,9.3
2024_E_CANCER,832753fffffffff,9.6
2024_E_CANCER,832754fffffffff,11.1
2024_E_CANCER,832755fffffffff,12.6
2024_E_CANCER,832756fffffffff,10.5
2024_E_CANCER,832758fffffffff,9.4
2024_E_CANCER,832759fffffffff,8.9
2024_E_CANCER,83275afffffffff,10.0
2024_E_CANCER,83275bfffffffff,10.4
2024_E_CANCER,83275cfffffffff,10.0
2024_E_CANCER,83275dfffffffff,9.5
2024_E_CANCER,83275efffffffff,9.7
2024_E_CANCER,832763fffffffff,11.1
2024_E_CANCER,832768fffffffff,12.2
2024_E_CANCER,83276afffffffff,11.7
2024_E_CANCER,83276bfffffffff,10.9
2024_E_CANCER,83276efffffffff,12.4
2024_E_CANCER,832770fffffffff,0.6
2024_E_CANCER,832771fffffffff,12.3
2024_E_CANCER,832772fffffffff,11.9
2024_E_CANCER,832773fffffffff,12.1
2024_E_CANCER,832780fffffffff,10.8
2024_E_CANCER,832781fffffffff,10.8
2024_E_CANCER,832782fffffffff,11.1
2024_E_CANCER,832783fffffffff,11.1
2024_E_CANCER,832784fffffffff,11.2
2024_E_CANCER,832785fffffffff,8.9
2024_E_CANCER,832786fffffffff,10.2
2024_E_CANCER,832788fffffffff,9.9
2024_E_CANCER,832789fffffffff,8.5
2024_E_CANCER,83278afffffffff,10.6
2024_E_CANCER,83278bfffffffff,10.4
2024_E_CANCER,83278cfffffffff,10.4
2024_E_CANCER,83278dfffffffff,11.0
2024_E_CANCER,83278efffffffff,10.4
2024_E_CANCER,832790fffffffff,10.0
2024_E_CANCER,832791fffffffff,11.4
2024_E_CANCER,832792fffffffff,10.9
2024_E_CANCER,832793fffffffff,11.1
2024_E_CANCER,832794fffffffff,10.0
2024_E_CANCER,832795fffffffff,9.3
2024_E_CANCER,832796fffffffff,10.2
2024_E_CANCER,832798fffffffff,8.1
2024_E_CANCER,832799fffffffff,10.0
2024_E_CANCER,83279afffffffff,11.4
2024_E_CANCER,83279bfffffffff,10.7
2024_E_CANCER,83279cfffffffff,10.8
2024_E_CANCER,83279dfffffffff,9.5
2024_E_CANCER,83279efffffffff,10.5
2024_E_CANCER,8327a3fffffffff,10.9
2024_E_CANCER,8327a8fffffffff,8.5
2024_E_CANCER,8327a9fffffffff,10.9
2024_E_CANCER,8327aafffffffff,7.8
2024_E_CANCER,8327abfffffffff,9.6
2024_E_CANCER,8327acfffffffff,10.2
2024_E_CANCER,8327adfffffffff,10.1
2024_E_CANCER,8327aefffffffff,9.4
2024_E_CANCER,8327b3fffffffff,9.3
2024_E_CANCER,832800fffffffff,10.9
2024_E_CANCER,832802fffffffff,9.9
2024_E_CANCER,832806fffffffff,9.4
2024_E_CANCER,832810fffffffff,11.2
2024_E_CANCER,832811fffffffff,11.8
2024_E_CANCER,832812fffffffff,11.1
2024_E_CANCER,832813fffffffff,11.1
2024_E_CANCER,832814fffffffff,11.7
2024_E_CANCER,832815fffffffff,10.9
2024_E_CANCER,832816fffffffff,9.2
2024_E_CANCER,832818fffffffff,11.9
2024_E_CANCER,83281afffffffff,11.5
2024_E_CANCER,83281bfffffffff,11.6
2024_E_CANCER,83281cfffffffff,11.4
2024_E_CANCER,83281efffffffff,11.8
2024_E_CANCER,832830fffffffff,9.6
2024_E_CANCER,832831fffffffff,11.1
2024_E_CANCER,832832fffffffff,10.2
2024_E_CANCER,832833fffffffff,9.1
2024_E_CANCER,832834fffffffff,8.4
2024_E_CANCER,832835fffffffff,13.4
2024_E_CANCER,832836fffffffff,8.3
2024_E_CANCER,832880fffffffff,12.0
2024_E_CANCER,832881fffffffff,11.8
2024_E_CANCER,832882fffffffff,12.2
2024_E_CANCER,832883fffffffff,12.5
2024_E_CANCER,832884fffffffff,8.7
2024_E_CANCER,832885fffffffff,8.0
2024_E_CANCER,832886fffffffff,11.5
2024_E_CANCER,832888fffffffff,8.6
2024_E_CANCER,832889fffffffff,7.7
2024_E_CANCER,83288afffffffff,10.8
2024_E_CANCER,83288bfffffffff,10.9
2024_E_CANCER,83288cfffffffff,10.7
2024_E_CANCER,83288dfffffffff,9.7
2024_E_CANCER,83288efffffffff,11.8
2024_E_CANCER,832890fffffffff,11.2
2024_E_CANCER,832891fffffffff,11.5
2024_E_CANCER,832892fffffffff,10.0
2024_E_CANCER,832893fffffffff,10.4
2024_E_CANCER,832894fffffffff,9.1
2024_E_CANCER,832895fffffffff,11.5
2024_E_CANCER,832896fffffffff,10.9
2024_E_CANCER,832898fffffffff,11.2
2024_E_CANCER,832899fffffffff,11.5
2024_E_CANCER,83289afffffffff,11.4
2024_E_CANCER,83289bfffffffff,11.1
2024_E_CANCER,83289cfffffffff,13.0
2024_E_CANCER,83289dfffffffff,11.7
2024_E_CANCER,83289efffffffff,11.0
2024_E_CANCER,8328a0fffffffff,8.1
2024_E_CANCER,8328a1fffffffff,9.4
2024_E_CANCER,8328a2fffffffff,9.0
2024_E_CANCER,8328a3fffffffff,7.8
2024_E_CANCER,8328a4fffffffff,8.2
2024_E_CANCER,8328a5fffffffff,8.3
2024_E_CANCER,8328a6fffffffff,7.9
2024_E_CANCER,8328a8fffffffff,11.4
2024_E_CANCER,8328a9fffffffff,11.7
2024_E_CANCER,8328aafffffffff,11.6
2024_E_CANCER,8328abfffffffff,11.8
2024_E_CANCER,8328acfffffffff,11.1
2024_E_CANCER,8328adfffffffff,12.0
2024_E_CANCER,8328aefffffffff,9.9
2024_E_CANCER,8328b0fffffffff,8.6
2024_E_CANCER,8328b1fffffffff,8.9
2024_E_CANCER,8328b2fffffffff,9.1
2024_E_CANCER,8328b3fffffffff,9.3
2024_E_CANCER,8328b4fffffffff,8.2
2024_E_CANCER,8328b5fffffffff,7.5
2024_E_CANCER,8328b6fffffffff,9.1
2024_E_CANCER,8328c2fffffffff,10.3
2024_E_CANCER,8328c6fffffffff,10.5
2024_E_CANCER,8328d0fffffffff,10.3
2024_E_CANCER,8328d1fffffffff,11.5
2024_E_CANCER,8328d2fffffffff,11.9
2024_E_CANCER,8328d3fffffffff,10.0
2024_E_CANCER,8328d4fffffffff,10.5
2024_E_CANCER,8328d5fffffffff,10.7
2024_E_CANCER,8328d6fffffffff,10.0
2024_E_CANCER,8328defffffffff,13.0
2024_E_CANCER,8328f0fffffffff,9.5
2024_E_CANCER,8328f1fffffffff,10.8
2024_E_CANCER,8328f2fffffffff,10.6
2024_E_CANCER,8328f3fffffffff,10.7
2024_E_CANCER,8328f4fffffffff,10.4
2024_E_CANCER,8328f5fffffffff,10.4
2024_E_CANCER,8328f6fffffffff,9.5
2024_E_CANCER,832912fffffffff,6.2
2024_E_CANCER,832913fffffffff,6.9
2024_E_CANCER,83291afffffffff,10.7
2024_E_CANCER,832980fffffffff,6.5
2024_E_CANCER,832981fffffffff,8.2
2024_E_CANCER,832982fffffffff,10.6
2024_E_CANCER,832983fffffffff,7.0
2024_E_CANCER,832984fffffffff,8.5
2024_E_CANCER,832985fffffffff,9.5
2024_E_CANCER,832986fffffffff,9.1
2024_E_CANCER,832988fffffffff,10.2
2024_E_CANCER,832989fffffffff,10.1
2024_E_CANCER,83298afffffffff,8.6
2024_E_CANCER,83298bfffffffff,8.6
2024_E_CANCER,83298cfffffffff,10.6
2024_E_CANCER,83298dfffffffff,11.4
2024_E_CANCER,83298efffffffff,9.1
2024_E_CANCER,832990fffffffff,11.0
2024_E_CANCER,832991fffffffff,8.9
2024_E_CANCER,832992fffffffff,10.8
2024_E_CANCER,832993fffffffff,10.2
2024_E_CANCER,832994fffffffff,7.6
2024_E_CANCER,832995fffffffff,12.6
2024_E_CANCER,832996fffffffff,8.1
2024_E_CANCER,832998fffffffff,10.1
2024_E_CANCER,832999fffffffff,9.3
2024_E_CANCER,83299afffffffff,7.2
2024_E_CANCER,83299bfffffffff,7.5
2024_E_CANCER,83299cfffffffff,9.3
2024_E_CANCER,83299dfffffffff,8.7
2024_E_CANCER,83299efffffffff,9.4
2024_E_CANCER,8329a0fffffffff,8.1
2024_E_CANCER,8329a1fffffffff,7.7
2024_E_CANCER,8329a2fffffffff,8.1
2024_E_CANCER,8329a3fffffffff,7.3
2024_E_CANCER,8329a4fffffffff,8.6
2024_E_CANCER,8329a5fffffffff,6.3
2024_E_CANCER,8329a6fffffffff,9.1
2024_E_CANCER,8329a8fffffffff,5.2
2024_E_CANCER,8329a9fffffffff,6.6
2024_E_CANCER,8329aafffffffff,10.4
2024_E_CANCER,8329abfffffffff,10.0
2024_E_CANCER,8329acfffffffff,8.5
2024_E_CANCER,8329adfffffffff,10.0
2024_E_CANCER,8329aefffffffff,10.8
2024_E_CANCER,8329b0fffffffff,11.4
2024_E_CANCER,8329b1fffffffff,10.3
2024_E_CANCER,8329b2fffffffff,11.1
2024_E_CANCER,8329b3fffffffff,11.7
2024_E_CANCER,8329b4fffffffff,10.7
2024_E_CANCER,8329b5fffffffff,9.5
2024_E_CANCER,8329b6fffffffff,13.1
2024_E_CANCER,832a06fffffffff,11.5
2024_E_CANCER,832a10fffffffff,8.4
2024_E_CANCER,832a12fffffffff,9.9
2024_E_CANCER,832a13fffffffff,9.1
2024_E_CANCER,832a14fffffffff,10.3
2024_E_CANCER,832a15fffffffff,10.3
2024_E_CANCER,832a16fffffffff,10.0
2024_E_CANCER,832a30fffffffff,9.5
2024_E_CANCER,832a31fffffffff,11.4
2024_E_CANCER,832a32fffffffff,10.2
2024_E_CANCER,832a33fffffffff,9.7
2024_E_CANCER,832a34fffffffff,10.2
2024_E_CANCER,832a36fffffffff,10.9
2024_E_CANCER,832a80fffffffff,10.1
2024_E_CANCER,832a81fffffffff,11.0
2024_E_CANCER,832a82fffffffff,10.0
2024_E_CANCER,832a83fffffffff,10.5
2024_E_CANCER,832a84fffffffff,10.3
2024_E_CANCER,832a85fffffffff,10.5
2024_E_CANCER,832a86fffffffff,10.0
2024_E_CANCER,832a88fffffffff,10.1
2024_E_CANCER,832a89fffffffff,8.4
2024_E_CANCER,832a8afffffffff,10.7
2024_E_CANCER,832a8bfffffffff,8.9
2024_E_CANCER,832a8cfffffffff,10.1
2024_E_CANCER,832a8dfffffffff,8.8
2024_E_CANCER,832a8efffffffff,11.2
2024_E_CANCER,832a90fffffffff,9.4
2024_E_CANCER,832a91fffffffff,9.3
2024_E_CANCER,832a92fffffffff,9.7
2024_E_CANCER,832a93fffffffff,9.3
2024_E_CANCER,832a94fffffffff,9.7
2024_E_CANCER,832a95fffffffff,9.3
2024_E_CANCER,832a96fffffffff,9.4
2024_E_CANCER,832a98fffffffff,9.5
2024_E_CANCER,832a99fffffffff,10.9
2024_E_CANCER,832a9afffffffff,9.3
2024_E_CANCER,832a9bfffffffff,9.9
2024_E_CANCER,832a9cfffffffff,10.0
2024_E_CANCER,832a9dfffffffff,10.2
2024_E_CANCER,832a9efffffffff,9.4
2024_E_CANCER,832aa0fffffffff,10.7
2024_E_CANCER,832aa1fffffffff,9.9
2024_E_CANCER,832aa2fffffffff,10.3
2024_E_CANCER,832aa3fffffffff,10.1
2024_E_CANCER,832aa4fffffffff,9.7
2024_E_CANCER,832aa5fffffffff,10.3
2024_E_CANCER,832aa6fffffffff,9.8
2024_E_CANCER,832aa8fffffffff,8.8
2024_E_CANCER,832aa9fffffffff,9.3
2024_E_CANCER,832aaafffffffff,9.6
2024_E_CANCER,832aabfffffffff,9.2
2024_E_CANCER,832aacfffffffff,9.3
2024_E_CANCER,832aadfffffffff,9.6
2024_E_CANCER,832aaefffffffff,9.7
2024_E_CANCER,832ab1fffffffff,10.1
2024_E_CANCER,832ab2fffffffff,8.4
2024_E_CANCER,832ab3fffffffff,9.8
2024_E_CANCER,832ab5fffffffff,9.9
2024_E_CANCER,832ab6fffffffff,9.8
2024_E_CANCER,832ad0fffffffff,8.2
2024_E_CANCER,832ad2fffffffff,7.9
2024_E_CANCER,832ad3fffffffff,9.8
2024_E_CANCER,832ad4fffffffff,8.3
2024_E_CANCER,832ad5fffffffff,8.6
2024_E_CANCER,832ad6fffffffff,7.6
2024_E_CANCER,832af0fffffffff,9.1
2024_E_CANCER,832af2fffffffff,8.5
2024_E_CANCER,832af3fffffffff,9.4
2024_E_CANCER,832af6fffffffff,9.6
2024_E_CANCER,832b10fffffffff,11.5
2024_E_CANCER,832b11fffffffff,10.2
2024_E_CANCER,832b12fffffffff,11.4
2024_E_CANCER,832b13fffffffff,12.2
2024_E_CANCER,832b18fffffffff,10.9
2024_E_CANCER,832b1afffffffff,10.1
2024_E_CANCER,832b1bfffffffff,10.7
2024_E_CANCER,832b1efffffffff,11.2
2024_E_CANCER,832b81fffffffff,9.1
2024_E_CANCER,832b88fffffffff,11.5
2024_E_CANCER,832b89fffffffff,10.2
2024_E_CANCER,832b8afffffffff,9.3
2024_E_CANCER,832b8bfffffffff,10.0
2024_E_CANCER,832b8cfffffffff,9.9
2024_E_CANCER,832b8dfffffffff,10.7
2024_E_CANCER,832b8efffffffff,9.3
2024_E_CANCER,832b99fffffffff,9.6
2024_E_CANCER,832b9bfffffffff,9.5
2024_E_CANCER,832ba8fffffffff,13.0
2024_E_CANCER,832ba9fffffffff,10.9
2024_E_CANCER,832babfffffffff,10.3
2024_E_CANCER,832bacfffffffff,12.4
2024_E_CANCER,832badfffffffff,12.5
2024_E_CANCER,834412fffffffff,9.0
2024_E_CANCER,834413fffffffff,11.3
2024_E_CANCER,834414fffffffff,11.5
2024_E_CANCER,834416fffffffff,11.3
2024_E_CANCER,83441afffffffff,10.0
2024_E_CANCER,83441bfffffffff,13.6
2024_E_CANCER,83441efffffffff,13.5
2024_E_CANCER,834440fffffffff,8.0
2024_E_CANCER,834441fffffffff,8.9
2024_E_CANCER,834442fffffffff,8.6
2024_E_CANCER,834443fffffffff,8.0
2024_E_CANCER,834444fffffffff,8.3
2024_E_CANCER,834445fffffffff,8.3
2024_E_CANCER,834446fffffffff,7.3
2024_E_CANCER,834448fffffffff,9.4
2024_E_CANCER,834449fffffffff,9.6
2024_E_CANCER,83444afffffffff,8.8
2024_E_CANCER,83444bfffffffff,10.4
2024_E_CANCER,83444cfffffffff,8.6
2024_E_CANCER,83444dfffffffff,9.5
2024_E_CANCER,83444efffffffff,8.8
2024_E_CANCER,834450fffffffff,9.0
2024_E_CANCER,834451fffffffff,8.4
2024_E_CANCER,834452fffffffff,9.3
2024_E_CANCER,834453fffffffff,8.5
2024_E_CANCER,834455fffffffff,8.7
2024_E_CANCER,834456fffffffff,10.8
2024_E_CANCER,834458fffffffff,8.0
2024_E_CANCER,834459fffffffff,7.6
2024_E_CANCER,83445afffffffff,8.2
2024_E_CANCER,83445bfffffffff,8.4
2024_E_CANCER,83445cfffffffff,8.0
2024_E_CANCER,83445dfffffffff,7.8
2024_E_CANCER,83445efffffffff,7.9
2024_E_CANCER,834463fffffffff,9.9
2024_E_CANCER,834468fffffffff,9.6
2024_E_CANCER,834469fffffffff,9.9
2024_E_CANCER,83446afffffffff,9.8
2024_E_CANCER,83446bfffffffff,9.1
2024_E_CANCER,83446cfffffffff,6.7
2024_E_CANCER,83446dfffffffff,9.0
2024_E_CANCER,83446efffffffff,8.7
2024_E_CANCER,834471fffffffff,8.1
2024_E_CANCER,834473fffffffff,7.4
2024_E_CANCER,8344a1fffffffff,5.4
2024_E_CANCER,8344a5fffffffff,5.5
2024_E_CANCER,8344a8fffffffff,10.3
2024_E_CANCER,8344a9fffffffff,9.1
2024_E_CANCER,8344abfffffffff,5.7
2024_E_CANCER,8344acfffffffff,5.7
2024_E_CANCER,8344adfffffffff,10.5
2024_E_CANCER,8344aefffffffff,11.1
2024_E_CANCER,8344c0fffffffff,8.6
2024_E_CANCER,8344c1fffffffff,7.6
2024_E_CANCER,8344c2fffffffff,7.6
2024_E_CANCER,8344c3fffffffff,9.5
2024_E_CANCER,8344c4fffffffff,8.7
2024_E_CANCER,8344c5fffffffff,8.3
2024_E_CANCER,8344c6fffffffff,8.4
2024_E_CANCER,8344c8fffffffff,10.3
2024_E_CANCER,8344c9fffffffff,10.0
2024_E_CANCER,8344cafffffffff,8.4
2024_E_CANCER,8344cbfffffffff,9.6
2024_E_CANCER,8344ccfffffffff,9.2
2024_E_CANCER,8344cdfffffffff,9.6
2024_E_CANCER,8344cefffffffff,11.1
2024_E_CANCER,8344d0fffffffff,9.3
2024_E_CANCER,8344d1fffffffff,8.3
2024_E_CANCER,8344d2fffffffff,9.6
2024_E_CANCER,8344d3fffffffff,8.4
2024_E_CANCER,8344d5fffffffff,7.8
2024_E_CANCER,8344d8fffffffff,8.8
2024_E_CANCER,8344d9fffffffff,10.3
2024_E_CANCER,8344dafffffffff,8.7
2024_E_CANCER,8344dbfffffffff,9.7
2024_E_CANCER,8344dcfffffffff,9.1
2024_E_CANCER,8344ddfffffffff,10.2
2024_E_CANCER,8344defffffffff,8.3
2024_E_CANCER,8344e0fffffffff,9.6
2024_E_CANCER,8344e1fffffffff,9.6
2024_E_CANCER,8344e2fffffffff,9.4
2024_E_CANCER,8344e3fffffffff,8.6
2024_E_CANCER,8344e4fffffffff,10.9
2024_E_CANCER,8344e5fffffffff,9.0
2024_E_CANCER,8344e6fffffffff,10.8
2024_E_CANCER,8344e8fffffffff,9.0
2024_E_CANCER,8344e9fffffffff,9.6
2024_E_CANCER,8344eafffffffff,9.0
2024_E_CANCER,8344ebfffffffff,9.3
2024_E_CANCER,8344ecfffffffff,8.3
2024_E_CANCER,8344edfffffffff,7.9
2024_E_CANCER,8344eefffffffff,8.0
2024_E_CANCER,8344f0fffffffff,9.3
2024_E_CANCER,8344f1fffffffff,8.1
2024_E_CANCER,8344f3fffffffff,8.6
2024_E_CANCER,8344f4fffffffff,12.0
2024_E_CANCER,8344f5fffffffff,10.6
2024_E_CANCER,8344f6fffffffff,11.2
2024_E_CANCER,834859fffffffff,6.9
2024_E_CANCER,83485afffffffff,3.9
2024_E_CANCER,83485bfffffffff,9.6
2024_E_CANCER,834880fffffffff,5.6
2024_E_CANCER,834881fffffffff,5.5
2024_E_CANCER,834882fffffffff,7.2
2024_E_CANCER,834883fffffffff,7.5
2024_E_CANCER,834886fffffffff,5.8
2024_E_CANCER,834888fffffffff,8.3
2024_E_CANCER,834889fffffffff,5.7
2024_E_CANCER,83488afffffffff,9.0
2024_E_CANCER,83488bfffffffff,7.1
2024_E_CANCER,83488cfffffffff,10.0
2024_E_CANCER,83488dfffffffff,10.2
2024_E_CANCER,83488efffffffff,9.8
2024_E_CANCER,834890fffffffff,9.9
2024_E_CANCER,834891fffffffff,8.7
2024_E_CANCER,834892fffffffff,9.7
2024_E_CANCER,834893fffffffff,8.7
2024_E_CANCER,834895fffffffff,7.2
2024_E_CANCER,834898fffffffff,11.3
2024_E_CANCER,834899fffffffff,10.7
2024_E_CANCER,83489afffffffff,8.6
2024_E_CANCER,83489bfffffffff,10.8
2024_E_CANCER,83489cfffffffff,8.4
2024_E_CANCER,83489dfffffffff,12.4
2024_E_CANCER,83489efffffffff,8.8
2024_E_CANCER,8348abfffffffff,11.1
2024_E_CANCER,8348b1fffffffff,5.0
2024_E_CANCER,8348b2fffffffff,5.5
2024_E_CANCER,8348b3fffffffff,5.9
2024_E_CANCER,8348c0fffffffff,10.3
2024_E_CANCER,8348c1fffffffff,11.2
2024_E_CANCER,8348c2fffffffff,9.7
2024_E_CANCER,8348c3fffffffff,11.5
2024_E_CANCER,8348c4fffffffff,9.2
2024_E_CANCER,8348c5fffffffff,10.4
2024_E_CANCER,8348c6fffffffff,5.8
2024_E_CANCER,8348c8fffffffff,8.7
2024_E_CANCER,8348c9fffffffff,7.9
2024_E_CANCER,8348cafffffffff,7.1
2024_E_CANCER,8348cbfffffffff,7.2
2024_E_CANCER,8348ccfffffffff,8.7
2024_E_CANCER,8348cdfffffffff,11.8
2024_E_CANCER,8348cefffffffff,11.2
2024_E_CANCER,8348d0fffffffff,7.0
2024_E_CANCER,8348d1fffffffff,10.2
2024_E_CANCER,8348d2fffffffff,7.5
2024_E_CANCER,8348d3fffffffff,8.9
2024_E_CANCER,8348d4fffffffff,5.4
2024_E_CANCER,8348d5fffffffff,7.3
2024_E_CANCER,8348d6fffffffff,6.1
2024_E_CANCER,8348d8fffffffff,9.2
2024_E_CANCER,8348d9fffffffff,7.1
2024_E_CANCER,8348dafffffffff,9.0
2024_E_CANCER,8348dbfffffffff,8.9
2024_E_CANCER,8348dcfffffffff,9.0
2024_E_CANCER,8348ddfffffffff,7.7
2024_E_CANCER,8348defffffffff,8.1
2024_E_CANCER,8348e3fffffffff,10.6
2024_E_CANCER,8348e8fffffffff,10.3
2024_E_CANCER,8348e9fffffffff,5.8
2024_E_CANCER,8348eafffffffff,7.7
2024_E_CANCER,8348ebfffffffff,11.6
2024_E_CANCER,8348ecfffffffff,8.9
2024_E_CANCER,8348edfffffffff,8.1
2024_E_CANCER,8348eefffffffff,12.1
2024_E_CANCER,8348f2fffffffff,9.0
2024_E_CANCER,8348f3fffffffff,5.5
2024_E_CANCER,8348f6fffffffff,7.4
2024_E_CFLD,8312c9fffffffff,0.0
2024_E_CFLD,8312cafffffffff,0.0
2024_E_CFLD,8312cbfffffffff,0.0
2024_E_CFLD,8312d8fffffffff,0.0
2024_E_CFLD,8312d9fffffffff,0.0
2024_E_CFLD,8312dafffffffff,0.0
2024_E_CFLD,8312dbfffffffff,0.0
2024_E_CFLD,8312ddfffffffff,0.0
2024_E_CFLD,8312defffffffff,0.0
2024_E_CFLD,832600fffffffff,0.0
2024_E_CFLD,832601fffffffff,0.0
2024_E_CFLD,832602fffffffff,0.0
2024_E_CFLD,832603fffffffff,0.0
2024_E_CFLD,832604fffffffff,0.0
2024_E_CFLD,832605fffffffff,0.0
2024_E_CFLD,832606fffffffff,0.0
2024_E_CFLD,832608fffffffff,0.0
2024_E_CFLD,832609fffffffff,0.0
2024_E_CFLD,83260afffffffff,0.0
2024_E_CFLD,83260bfffffffff,0.0
2024_E_CFLD,83260cfffffffff,0.0
2024_E_CFLD,83260dfffffffff,0.0
2024_E_CFLD,83260efffffffff,0.0
2024_E_CFLD,832610fffffffff,0.0
2024_E_CFLD,832611fffffffff,0.0
2024_E_CFLD,832612fffffffff,0.0
2024_E_CFLD,832613fffffffff,0.0
2024_E_CFLD,832614fffffffff,0.0
2024_E_CFLD,832615fffffffff,0.0
2024_E_CFLD,832616fffffffff,0.0
2024_E_CFLD,832618fffffffff,0.0
2024_E_CFLD,832619fffffffff,0.0
2024_E_CFLD,83261afffffffff,0.0
2024_E_CFLD,83261bfffffffff,0.0
2024_E_CFLD,83261cfffffffff,0.0
2024_E_CFLD,83261dfffffffff,0.0
2024_E_CFLD,83261efffffffff,0.0
2024_E_CFLD,832620fffffffff,0.0
2024_E_CFLD,832621fffffffff,0.0
2024_E_CFLD,832622fffffffff,0.0
2024_E_CFLD,832623fffffffff,0.0
2024_E_CFLD,832624fffffffff,0.0
2024_E_CFLD,832625fffffffff,0.0
2024_E_CFLD,832626fffffffff,0.0
2024_E_CFLD,832628fffffffff,0.0
2024_E_CFLD,832629fffffffff,0.0
2024_E_CFLD,83262afffffffff,0.0
2024_E_CFLD,83262bfffffffff,0.0
2024_E_CFLD,83262cfffffffff,0.0
2024_E_CFLD,83262dfffffffff,0.0
2024_E_CFLD,83262efffffffff,0.0
2024_E_CFLD,832630fffffffff,0.0
2024_E_CFLD,832631fffffffff,0.0
2024_E_CFLD,832632fffffffff,0.0
2024_E_CFLD,832633fffffffff,0.0
2024_E_CFLD,832634fffffffff,0.0
2024_E_CFLD,832635fffffffff,0.0
2024_E_CFLD,832636fffffffff,0.0
2024_E_CFLD,832640fffffffff,0.0
2024_E_CFLD,832641fffffffff,0.0
2024_E_CFLD,832642fffffffff,0.0
2024_E_CFLD,832643fffffffff,0.0
2024_E_CFLD,832644fffffffff,0.0
2024_E_CFLD,832645fffffffff,0.0
2024_E_CFLD,832646fffffffff,0.0
2024_E_CFLD,832648fffffffff,0.0
2024_E_CFLD,832649fffffffff,0.0
2024_E_CFLD,83264afffffffff,0.0
2024_E_CFLD,83264bfffffffff,0.0
2024_E_CFLD,83264cfffffffff,0.0
2024_E_CFLD,83264dfffffffff,0.0
2024_E_CFLD,83264efffffffff,0.0
2024_E_CFLD,832650fffffffff,0.0
2024_E_CFLD,832651fffffffff,0.0
2024_E_CFLD,832652fffffffff,0.0
2024_E_CFLD,832653fffffffff,0.0
2024_E_CFLD,832654fffffffff,0.0
2024_E_CFLD,832655fffffffff,0.0
2024_E_CFLD,832656fffffffff,0.0
2024_E_CFLD,832658fffffffff,0.0
2024_E_CFLD,832659fffffffff,0.0
2024_E_CFLD,83265afffffffff,0.0
2024_E_CFLD,83265bfffffffff,0.0
2024_E_CFLD,83265cfffffffff,0.0
2024_E_CFLD,83265dfffffffff,0.0
2024_E_CFLD,83265efffffffff,0.0
2024_E_CFLD,832660fffffffff,0.0
2024_E_CFLD,832661fffffffff,0.0
2024_E_CFLD,832662fffffffff,0.0
2024_E_CFLD,832663fffffffff,0.0
2024_E_CFLD,832664fffffffff,0.0005
2024_E_CFLD,832665fffffffff,0.0
2024_E_CFLD,832666fffffffff,0.0
2024_E_CFLD,832668fffffffff,0.0
2024_E_CFLD,832669fffffffff,0.0
2024_E_CFLD,83266afffffffff,0.0
2024_E_CFLD,83266bfffffffff,0.0
2024_E_CFLD,83266cfffffffff,0.0
2024_E_CFLD,83266dfffffffff,0.0
2024_E_CFLD,83266efffffffff,0.0
2024_E_CFLD,832670fffffffff,0.0
2024_E_CFLD,832671fffffffff,0.0
2024_E_CFLD,832672fffffffff,0.0
2024_E_CFLD,832673fffffffff,0.0
2024_E_CFLD,832674fffffffff,0.0
2024_E_CFLD,832675fffffffff,0.0
2024_E_CFLD,832676fffffffff,0.0
2024_E_CFLD,832680fffffffff,0.0
2024_E_CFLD,832681fffffffff,0.0
2024_E_CFLD,832682fffffffff,0.0
2024_E_CFLD,832683fffffffff,0.0
2024_E_CFLD,832684fffffffff,0.0
2024_E_CFLD,832685fffffffff,0.0
2024_E_CFLD,832686fffffffff,0.0
2024_E_CFLD,832688fffffffff,0.0
2024_E_CFLD,832689fffffffff,0.0
2024_E_CFLD,83268afffffffff,0.0
2024_E_CFLD,83268bfffffffff,0.0
2024_E_CFLD,83268cfffffffff,0.0
2024_E_CFLD,83268dfffffffff,0.0
2024_E_CFLD,83268efffffffff,0.0
2024_E_CFLD,832690fffffffff,0.0
2024_E_CFLD,832691fffffffff,0.0
2024_E_CFLD,832692fffffffff,0.0
2024_E_CFLD,832693fffffffff,0.0
2024_E_CFLD,832694fffffffff,0.0
2024_E_CFLD,832695fffffffff,0.0
2024_E_CFLD,832696fffffffff,0.0
2024_E_CFLD,832698fffffffff,0.0
2024_E_CFLD,832699fffffffff,0.0
2024_E_CFLD,83269afffffffff,0.0
2024_E_CFLD,83269bfffffffff,0.0
2024_E_CFLD,83269cfffffffff,0.0
2024_E_CFLD,83269dfffffffff,0.0
2024_E_CFLD,83269efffffffff,0.0
2024_E_CFLD,8326a0fffffffff,0.0
2024_E_CFLD,8326a1fffffffff,0.0
2024_E_CFLD,8326a2fffffffff,0.0
2024_E_CFLD,8326a3fffffffff,0.0
2024_E_CFLD,8326a4fffffffff,0.0
2024_E_CFLD,8326a5fffffffff,0.0
2024_E_CFLD,8326a6fffffffff,0.0
2024_E_CFLD,8326a8fffffffff,0.0
2024_E_CFLD,8326a9fffffffff,0.0
2024_E_CFLD,8326aafffffffff,0.0
2024_E_CFLD,8326abfffffffff,0.0
2024_E_CFLD,8326acfffffffff,0.0
2024_E_CFLD,8326adfffffffff,0.0
2024_E_CFLD,8326aefffffffff,0.0
2024_E_CFLD,8326b0fffffffff,0.0
2024_E_CFLD,8326b1fffffffff,0.0
2024_E_CFLD,8326b2fffffffff,0.0
2024_E_CFLD,8326b3fffffffff,0.0
2024_E_CFLD,8326b4fffffffff,0.0
2024_E_CFLD,8326b5fffffffff,0.0
2024_E_CFLD,8326b6fffffffff,0.0
2024_E_CFLD,8326c0fffffffff,0.0
2024_E_CFLD,8326c1fffffffff,0.0
2024_E_CFLD,8326c2fffffffff,0.0
2024_E_CFLD,8326c3fffffffff,0.0
2024_E_CFLD,8326c4fffffffff,0.0
2024_E_CFLD,8326c5fffffffff,0.0
2024_E_CFLD,8326c6fffffffff,0.0
2024_E_CFLD,8326c8fffffffff,0.0
2024_E_CFLD,8326c9fffffffff,0.0
2024_E_CFLD,8326cafffffffff,0.0
2024_E_CFLD,8326cbfffffffff,0.0
2024_E_CFLD,8326ccfffffffff,0.0
2024_E_CFLD,8326cdfffffffff,0.0
2024_E_CFLD,8326cefffffffff,0.0
2024_E_CFLD,8326d0fffffffff,0.0
2024_E_CFLD,8326d1fffffffff,0.0
2024_E_CFLD,8326d2fffffffff,0.0
2024_E_CFLD,8326d3fffffffff,0.0
2024_E_CFLD,8326d4fffffffff,0.0
2024_E_CFLD,8326d5fffffffff,0.0
2024_E_CFLD,8326d6fffffffff,0.0
2024_E_CFLD,8326d8fffffffff,0.0
2024_E_CFLD,8326d9fffffffff,0.0
2024_E_CFLD,8326dafffffffff,0.0
2024_E_CFLD,8326dbfffffffff,0.0
2024_E_CFLD,8326dcfffffffff,0.0
2024_E_CFLD,8326ddfffffffff,0.0
2024_E_CFLD,8326defffffffff,0.0
2024_E_CFLD,8326e0fffffffff,0.0
2024_E_CFLD,8326e1fffffffff,0.0
2024_E_CFLD,8326e2fffffffff,0.0
2024_E_CFLD,8326e3fffffffff,0.0
2024_E_CFLD,8326e4fffffffff,0.0
2024_E_CFLD,8326e5fffffffff,0.0
2024_E_CFLD,8326e6fffffffff,0.0
2024_E_CFLD,8326e8fffffffff,0.0
2024_E_CFLD,8326e9fffffffff,0.0
2024_E_CFLD,8326eafffffffff,0.0
2024_E_CFLD,8326ebfffffffff,0.0
2024_E_CFLD,8326ecfffffffff,0.0
2024_E_CFLD,8326edfffffffff,0.0
2024_E_CFLD,8326eefffffffff,0.0
2024_E_CFLD,8326f0fffffffff,0.0
2024_E_CFLD,8326f1fffffffff,0.0
2024_E_CFLD,8326f2fffffffff,0.0
2024_E_CFLD,8326f3fffffffff,0.0
2024_E_CFLD,8326f4fffffffff,0.0
2024_E_CFLD,8326f5fffffffff,0.0
2024_E_CFLD,8326f6fffffffff,0.0
2024_E_CFLD,832708fffffffff,0.0
2024_E_CFLD,832709fffffffff,0.0
2024_E_CFLD,83270afffffffff,0.0
2024_E_CFLD,83270bfffffffff,0.0
2024_E_CFLD,83270dfffffffff,0.0
2024_E_CFLD,83270efffffffff,0.0
2024_E_CFLD,832718fffffffff,0.0
2024_E_CFLD,832719fffffffff,0.0
2024_E_CFLD,83271afffffffff,0.0
2024_E_CFLD,83271bfffffffff,0.0
2024_E_CFLD,83271cfffffffff,0.0
2024_E_CFLD,83271dfffffffff,0.0
2024_E_CFLD,83271efffffffff,0.0
2024_E_CFLD,832740fffffffff,0.0039
2024_E_CFLD,832741fffffffff,0.0031
2024_E_CFLD,832742fffffffff,0.0005
2024_E_CFLD,832743fffffffff,0.0026
2024_E_CFLD,832744fffffffff,0.0008
2024_E_CFLD,832745fffffffff,0.0032
2024_E_CFLD,832746fffffffff,0.0004
2024_E_CFLD,832748fffffffff,0.0002
2024_E_CFLD,832749fffffffff,0.0
2024_E_CFLD,83274bfffffffff,0.0001
2024_E_CFLD,83274cfffffffff,0.0
2024_E_CFLD,83274dfffffffff,0.0
2024_E_CFLD,83274efffffffff,0.0023
2024_E_CFLD,832750fffffffff,0.0
2024_E_CFLD,832751fffffffff,0.0
2024_E_CFLD,832752fffffffff,0.0
2024_E_CFLD,832753fffffffff,0.0
2024_E_CFLD,832754fffffffff,0.004
2024_E_CFLD,832755fffffffff,0.0
2024_E_CFLD,832756fffffffff,0.0004
2024_E_CFLD,832758fffffffff,0.0
2024_E_CFLD,832759fffffffff,0.0001
2024_E_CFLD,83275afffffffff,0.0
2024_E_CFLD,83275bfffffffff,0.0
2024_E_CFLD,83275cfffffffff,0.0
2024_E_CFLD,83275dfffffffff,0.0008
2024_E_CFLD,83275efffffffff,0.0
2024_E_CFLD,832763fffffffff,0.0036
2024_E_CFLD,832768fffffffff,0.0038
2024_E_CFLD,83276afffffffff,0.0
2024_E_CFLD,83276bfffffffff,0.0051
2024_E_CFLD,83276efffffffff,0.0041
2024_E_CFLD,832770fffffffff,0.0
2024_E_CFLD,832771fffffffff,0.0025
2024_E_CFLD,832772fffffffff,0.0
2024_E_CFLD,832773fffffffff,0.0
2024_E_CFLD,832780fffffffff,0.0
2024_E_CFLD,832781fffffffff,0.0
2024_E_CFLD,832782fffffffff,0.0
2024_E_CFLD,832783fffffffff,0.0
2024_E_CFLD,832784fffffffff,0.0
2024_E_CFLD,832785fffffffff,0.0
2024_E_CFLD,832786fffffffff,0.0
2024_E_CFLD,832788fffffffff,0.0
2024_E_CFLD,832789fffffffff,0.0
2024_E_CFLD,83278afffffffff,0.0
2024_E_CFLD,83278bfffffffff,0.0
2024_E_CFLD,83278cfffffffff,0.0
2024_E_CFLD,83278dfffffffff,0.0
2024_E_CFLD,83278efffffffff,0.0
2024_E_CFLD,832790fffffffff,0.0
2024_E_CFLD,832791fffffffff,0.0
2024_E_CFLD,832792fffffffff,0.0
2024_E_CFLD,832793fffffffff,0.0
2024_E_CFLD,832794fffffffff,0.0
2024_E_CFLD,832795fffffffff,0.0
2024_E_CFLD,832796fffffffff,0.0
2024_E_CFLD,832798fffffffff,0.0
2024_E_CFLD,832799fffffffff,0.0
2024_E_CFLD,83279afffffffff,0.0
2024_E_CFLD,83279bfffffffff,0.0
2024_E_CFLD,83279cfffffffff,0.0
2024_E_CFLD,83279dfffffffff,0.0
2024_E_CFLD,83279efffffffff,0.0
2024_E_CFLD,8327a3fffffffff,0.0
2024_E_CFLD,8327a8fffffffff,0.0
2024_E_CFLD,8327a9fffffffff,0.0
2024_E_CFLD,8327aafffffffff,0.0
2024_E_CFLD,8327abfffffffff,0.0
2024_E_CFLD,8327acfffffffff,0.0
2024_E_CFLD,8327adfffffffff,0.0
2024_E_CFLD,8327aefffffffff,0.0
2024_E_CFLD,8327b3fffffffff,0.0
2024_E_CFLD,832800fffffffff,3.5623
2024_E_CFLD,832802fffffffff,0.4203
2024_E_CFLD,832806fffffffff,1.0419
2024_E_CFLD,832810fffffffff,0.0
2024_E_CFLD,832811fffffffff,0.0
2024_E_CFLD,832812fffffffff,0.0
2024_E_CFLD,832813fffffffff,0.0
2024_E_CFLD,832814fffffffff,0.0
2024_E_CFLD,832815fffffffff,0.0
2024_E_CFLD,832816fffffffff,0.0
2024_E_CFLD,832818fffffffff,1.2958
2024_E_CFLD,83281afffffffff,0.0
2024_E_CFLD,83281bfffffffff,2.3156
2024_E_CFLD,83281cfffffffff,1.3035
2024_E_CFLD,83281efffffffff,0.0
2024_E_CFLD,832830fffffffff,0.661
2024_E_CFLD,832831fffffffff,1.1797
2024_E_CFLD,832832fffffffff,0.0
2024_E_CFLD,832833fffffffff,0.0
2024_E_CFLD,832834fffffffff,0.5647
2024_E_CFLD,832835fffffffff,3.1056
2024_E_CFLD,832836fffffffff,0.0
2024_E_CFLD,832880fffffffff,0.0
2024_E_CFLD,832881fffffffff,0.0
2024_E_CFLD,832882fffffffff,0.0
2024_E_CFLD,832883fffffffff,0.0
2024_E_CFLD,832884fffffffff,0.0
2024_E_CFLD,832885fffffffff,0.0
2024_E_CFLD,832886fffffffff,0.0
2024_E_CFLD,832888fffffffff,0.0
2024_E_CFLD,832889fffffffff,0.0
2024_E_CFLD,83288afffffffff,0.0
2024_E_CFLD,83288bfffffffff,0.0
2024_E_CFLD,83288cfffffffff,0.0
2024_E_CFLD,83288dfffffffff,0.0
2024_E_CFLD,83288efffffffff,0.0
2024_E_CFLD,832890fffffffff,0.0
2024_E_CFLD,832891fffffffff,0.0
2024_E_CFLD,832892fffffffff,0.0
2024_E_CFLD,832893fffffffff,0.0
2024_E_CFLD,832894fffffffff,0.0
2024_E_CFLD,832895fffffffff,0.0
2024_E_CFLD,832896fffffffff,0.0
2024_E_CFLD,832898fffffffff,0.0
2024_E_CFLD,832899fffffffff,0.0
2024_E_CFLD,83289afffffffff,0.0
2024_E_CFLD,83289bfffffffff,0.0
2024_E_CFLD,83289cfffffffff,0.0
2024_E_CFLD,83289dfffffffff,0.0
2024_E_CFLD,83289efffffffff,0.0
2024_E_CFLD,8328a0fffffffff,0.0
2024_E_CFLD,8328a1fffffffff,0.0
2024_E_CFLD,8328a2fffffffff,0.0
2024_E_CFLD,8328a3fffffffff,0.0
2024_E_CFLD,8328a4fffffffff,0.0
2024_E_CFLD,8328a5fffffffff,0.0
2024_E_CFLD,8328a6fffffffff,0.0
2024_E_CFLD,8328a8fffffffff,0.0
2024_E_CFLD,8328a9fffffffff,0.0
2024_E_CFLD,8328aafffffffff,0.0
2024_E_CFLD,8328abfffffffff,0.0
2024_E_CFLD,8328acfffffffff,0.0
2024_E_CFLD,8328adfffffffff,0.0
2024_E_CFLD,8328aefffffffff,0.0
2024_E_CFLD,8328b0fffffffff,0.0
2024_E_CFLD,8328b1fffffffff,0.0
2024_E_CFLD,8328b2fffffffff,0.0
2024_E_CFLD,8328b3fffffffff,0.0
2024_E_CFLD,8328b4fffffffff,0.0
2024_E_CFLD,8328b5fffffffff,0.0
2024_E_CFLD,8328b6fffffffff,0.0
2024_E_CFLD,8328c2fffffffff,2.4123
2024_E_CFLD,8328c6fffffffff,7.1388
2024_E_CFLD,8328d0fffffffff,0.1002
2024_E_CFLD,8328d1fffffffff,2.0021
2024_E_CFLD,8328d2fffffffff,0.0
2024_E_CFLD,8328d3fffffffff,0.0
2024_E_CFLD,8328d4fffffffff,0.0
2024_E_CFLD,8328d5fffffffff,1.9661
2024_E_CFLD,8328d6fffffffff,0.0
2024_E_CFLD,8328defffffffff,3.625
2024_E_CFLD,8328f0fffffffff,0.1174
2024_E_CFLD,8328f1fffffffff,3.8764
2024_E_CFLD,8328f2fffffffff,0.0
2024_E_CFLD,8328f3fffffffff,0.811
2024_E_CFLD,8328f4fffffffff,0.0
2024_E_CFLD,8328f5fffffffff,1.4396
2024_E_CFLD,8328f6fffffffff,0.0004
2024_E_CFLD,832912fffffffff,0.6993
2024_E_CFLD,832913fffffffff,0.1053
2024_E_CFLD,832916fffffffff,0.0
2024_E_CFLD,83291afffffffff,1.1839
2024_E_CFLD,832980fffffffff,0.0
2024_E_CFLD,832981fffffffff,0.0
2024_E_CFLD,832982fffffffff,0.0
2024_E_CFLD,832983fffffffff,0.0
2024_E_CFLD,832984fffffffff,0.0
2024_E_CFLD,832985fffffffff,0.0
2024_E_CFLD,832986fffffffff,0.0
2024_E_CFLD,832988fffffffff,0.0
2024_E_CFLD,832989fffffffff,0.0
2024_E_CFLD,83298afffffffff,0.0
2024_E_CFLD,83298bfffffffff,0.0
2024_E_CFLD,83298cfffffffff,0.0
2024_E_CFLD,83298dfffffffff,0.0
2024_E_CFLD,83298efffffffff,0.0
2024_E_CFLD,832990fffffffff,0.0
2024_E_CFLD,832991fffffffff,0.0
2024_E_CFLD,832992fffffffff,0.0
2024_E_CFLD,832993fffffffff,0.0
2024_E_CFLD,832994fffffffff,0.0
2024_E_CFLD,832995fffffffff,0.0
2024_E_CFLD,832996fffffffff,0.0
2024_E_CFLD,832998fffffffff,0.0
2024_E_CFLD,832999fffffffff,0.0
2024_E_CFLD,83299afffffffff,0.0
2024_E_CFLD,83299bfffffffff,0.0
2024_E_CFLD,83299cfffffffff,0.0
2024_E_CFLD,83299dfffffffff,0.0
2024_E_CFLD,83299efffffffff,0.0
2024_E_CFLD,8329a0fffffffff,0.012
2024_E_CFLD,8329a1fffffffff,0.019
2024_E_CFLD,8329a2fffffffff,0.0
2024_E_CFLD,8329a3fffffffff,0.0
2024_E_CFLD,8329a4fffffffff,0.1168
2024_E_CFLD,8329a5fffffffff,0.32
2024_E_CFLD,8329a6fffffffff,0.0
2024_E_CFLD,8329a8fffffffff,0.0001
2024_E_CFLD,8329a9fffffffff,0.0004
2024_E_CFLD,8329aafffffffff,0.0
2024_E_CFLD,8329abfffffffff,0.0
2024_E_CFLD,8329acfffffffff,0.0291
2024_E_CFLD,8329adfffffffff,0.4196
2024_E_CFLD,8329aefffffffff,0.0
2024_E_CFLD,8329b0fffffffff,0.0
2024_E_CFLD,8329b1fffffffff,0.0
2024_E_CFLD,8329b2fffffffff,0.0
2024_E_CFLD,8329b3fffffffff,0.0
2024_E_CFLD,8329b4fffffffff,0.0
2024_E_CFLD,8329b5fffffffff,0.0
2024_E_CFLD,8329b6fffffffff,0.0
2024_E_CFLD,832a06fffffffff,3.6872
2024_E_CFLD,832a10fffffffff,1.0551
2024_E_CFLD,832a12fffffffff,0.0001
2024_E_CFLD,832a13fffffffff,1.1607
2024_E_CFLD,832a14fffffffff,0.2114
2024_E_CFLD,832a15fffffffff,2.7359
2024_E_CFLD,832a16fffffffff,0.2085
2024_E_CFLD,832a30fffffffff,1.7628
2024_E_CFLD,832a31fffffffff,3.5624
2024_E_CFLD,832a32fffffffff,0.0
2024_E_CFLD,832a33fffffffff,0.4632
2024_E_CFLD,832a34fffffffff,3.5554
2024_E_CFLD,832a36fffffffff,0.0
2024_E_CFLD,832a80fffffffff,0.0
2024_E_CFLD,832a81fffffffff,0.0
2024_E_CFLD,832a82fffffffff,0.0
2024_E_CFLD,832a83fffffffff,0.0
2024_E_CFLD,832a84fffffffff,0.0
2024_E_CFLD,832a85fffffffff,0.0
2024_E_CFLD,832a86fffffffff,0.0
2024_E_CFLD,832a88fffffffff,0.0
2024_E_CFLD,832a89fffffffff,0.0
2024_E_CFLD,832a8afffffffff,0.0
2024_E_CFLD,832a8bfffffffff,0.0
2024_E_CFLD,832a8cfffffffff,0.0
2024_E_CFLD,832a8dfffffffff,0.2955
2024_E_CFLD,832a8efffffffff,0.0
2024_E_CFLD,832a90fffffffff,0.0
2024_E_CFLD,832a91fffffffff,0.0
2024_E_CFLD,832a92fffffffff,0.0
2024_E_CFLD,832a93fffffffff,0.0
2024_E_CFLD,832a94fffffffff,0.0004
2024_E_CFLD,832a95fffffffff,0.0
2024_E_CFLD,832a96fffffffff,0.0
2024_E_CFLD,832a98fffffffff,0.0
2024_E_CFLD,832a99fffffffff,0.0
2024_E_CFLD,832a9afffffffff,0.0
2024_E_CFLD,832a9bfffffffff,0.0
2024_E_CFLD,832a9cfffffffff,0.0
2024_E_CFLD,832a9dfffffffff,0.0
2024_E_CFLD,832a9efffffffff,0.0
2024_E_CFLD,832aa0fffffffff,0.0
2024_E_CFLD,832aa1fffffffff,0.0
2024_E_CFLD,832aa2fffffffff,0.0
2024_E_CFLD,832aa3fffffffff,0.0
2024_E_CFLD,832aa4fffffffff,0.0
2024_E_CFLD,832aa5fffffffff,0.0
2024_E_CFLD,832aa6fffffffff,0.0002
2024_E_CFLD,832aa8fffffffff,1.8119
2024_E_CFLD,832aa9fffffffff,3.1782
2024_E_CFLD,832aaafffffffff,0.0475
2024_E_CFLD,832aabfffffffff,2.0584
2024_E_CFLD,832aacfffffffff,0.6353
2024_E_CFLD,832aadfffffffff,2.0055
2024_E_CFLD,832aaefffffffff,0.0
2024_E_CFLD,832ab1fffffffff,0.0003
2024_E_CFLD,832ab2fffffffff,0.0017
2024_E_CFLD,832ab3fffffffff,0.0006
2024_E_CFLD,832ab5fffffffff,0.0013
2024_E_CFLD,832ab6fffffffff,0.0012
2024_E_CFLD,832ad0fffffffff,0.4134
2024_E_CFLD,832ad2fffffffff,0.0
2024_E_CFLD,832ad3fffffffff,1.0007
2024_E_CFLD,832ad4fffffffff,0.3605
2024_E_CFLD,832ad5fffffffff,1.7102
2024_E_CFLD,832ad6fffffffff,0.0
2024_E_CFLD,832af0fffffffff,2.4704
2024_E_CFLD,832af2fffffffff,0.8084
2024_E_CFLD,832af3fffffffff,1.5141
2024_E_CFLD,832af6fffffffff,2.8158
2024_E_CFLD,832b10fffffffff,0.0
2024_E_CFLD,832b11fffffffff,0.0
2024_E_CFLD,832b12fffffffff,0.0
2024_E_CFLD,832b13fffffffff,0.0
2024_E_CFLD,832b18fffffffff,6.5949
2024_E_CFLD,832b1afffffffff,2.7805
2024_E_CFLD,832b1bfffffffff,9.3544
2024_E_CFLD,832b1efffffffff,0.0
2024_E_CFLD,832b81fffffffff,0.0
2024_E_CFLD,832b88fffffffff,0.0
2024_E_CFLD,832b89fffffffff,0.0005
2024_E_CFLD,832b8afffffffff,0.0013
2024_E_CFLD,832b8bfffffffff,0.0
2024_E_CFLD,832b8cfffffffff,0.0
2024_E_CFLD,832b8dfffffffff,0.0
2024_E_CFLD,832b8efffffffff,0.0
2024_E_CFLD,832b99fffffffff,0.0008
2024_E_CFLD,832b9bfffffffff,0.0031
2024_E_CFLD,832ba8fffffffff,0.0
2024_E_CFLD,832ba9fffffffff,0.0
2024_E_CFLD,832babfffffffff,0.0
2024_E_CFLD,832bacfffffffff,0.0
2024_E_CFLD,832badfffffffff,0.0
2024_E_CFLD,834412fffffffff,2.3595
2024_E_CFLD,834413fffffffff,1.5427
2024_E_CFLD,834414fffffffff,3.0922
2024_E_CFLD,834416fffffffff,2.2074
2024_E_CFLD,83441afffffffff,0.5438
2024_E_CFLD,83441bfffffffff,3.5435
2024_E_CFLD,83441efffffffff,1.3686
2024_E_CFLD,834440fffffffff,0.0904
2024_E_CFLD,834441fffffffff,0.0
2024_E_CFLD,834442fffffffff,0.0037
2024_E_CFLD,834443fffffffff,0.0
2024_E_CFLD,834444fffffffff,3.2173
2024_E_CFLD,834445fffffffff,0.4591
2024_E_CFLD,834446fffffffff,2.2603
2024_E_CFLD,834448fffffffff,0.0
2024_E_CFLD,834449fffffffff,0.0
2024_E_CFLD,83444afffffffff,0.0
2024_E_CFLD,83444bfffffffff,0.0
2024_E_CFLD,83444cfffffffff,0.0
2024_E_CFLD,83444dfffffffff,0.0
2024_E_CFLD,83444efffffffff,0.0
2024_E_CFLD,834450fffffffff,1.0229
2024_E_CFLD,834451fffffffff,0.0002
2024_E_CFLD,834452fffffffff,0.8136
2024_E_CFLD,834453fffffffff,0.0017
2024_E_CFLD,834455fffffffff,1.6114
2024_E_CFLD,834456fffffffff,3.3602
2024_E_CFLD,834458fffffffff,0.0
2024_E_CFLD,834459fffffffff,0.0
2024_E_CFLD,83445afffffffff,0.0
2024_E_CFLD,83445bfffffffff,0.0
2024_E_CFLD,83445cfffffffff,0.0
2024_E_CFLD,83445dfffffffff,0.0
2024_E_CFLD,83445efffffffff,0.0
2024_E_CFLD,834463fffffffff,3.8585
2024_E_CFLD,834468fffffffff,0.0005
2024_E_CFLD,834469fffffffff,0.0
2024_E_CFLD,83446afffffffff,0.0
2024_E_CFLD,83446bfffffffff,0.0
2024_E_CFLD,83446cfffffffff,1.1944
2024_E_CFLD,83446dfffffffff,0.0
2024_E_CFLD,83446efffffffff,2.0158
2024_E_CFLD,834471fffffffff,4.4081
2024_E_CFLD,834473fffffffff,4.0359
2024_E_CFLD,8344a1fffffffff,0.4065
2024_E_CFLD,8344a5fffffffff,1.3179
2024_E_CFLD,8344a8fffffffff,0.2259
2024_E_CFLD,8344a9fffffffff,0.0218
2024_E_CFLD,8344abfffffffff,1.6283
2024_E_CFLD,8344acfffffffff,0.025
2024_E_CFLD,8344adfffffffff,0.1905
2024_E_CFLD,8344aefffffffff,0.4555
2024_E_CFLD,8344c0fffffffff,0.0
2024_E_CFLD,8344c1fffffffff,0.0
2024_E_CFLD,8344c2fffffffff,0.0
2024_E_CFLD,8344c3fffffffff,0.0
2024_E_CFLD,8344c4fffffffff,0.0
2024_E_CFLD,8344c5fffffffff,0.0
2024_E_CFLD,8344c6fffffffff,0.0
2024_E_CFLD,8344c8fffffffff,0.0
2024_E_CFLD,8344c9fffffffff,0.0
2024_E_CFLD,8344cafffffffff,0.0
2024_E_CFLD,8344cbfffffffff,0.0
2024_E_CFLD,8344ccfffffffff,0.0
2024_E_CFLD,8344cdfffffffff,0.0
2024_E_CFLD,8344cefffffffff,0.0
2024_E_CFLD,8344d0fffffffff,2.8565
2024_E_CFLD,8344d1fffffffff,0.0236
2024_E_CFLD,8344d2fffffffff,3.5172
2024_E_CFLD,8344d3fffffffff,0.8657
2024_E_CFLD,8344d5fffffffff,1.2031
2024_E_CFLD,8344d8fffffffff,0.0
2024_E_CFLD,8344d9fffffffff,0.0
2024_E_CFLD,8344dafffffffff,0.0
2024_E_CFLD,8344dbfffffffff,0.0
2024_E_CFLD,8344dcfffffffff,0.0
2024_E_CFLD,8344ddfffffffff,0.0
2024_E_CFLD,8344defffffffff,0.0
2024_E_CFLD,8344e0fffffffff,0.2628
2024_E_CFLD,8344e1fffffffff,0.0001
2024_E_CFLD,8344e2fffffffff,0.2698
2024_E_CFLD,8344e3fffffffff,0.0
2024_E_CFLD,8344e4fffffffff,3.7608
2024_E_CFLD,8344e5fffffffff,1.8084
2024_E_CFLD,8344e6fffffffff,3.322
2024_E_CFLD,8344e8fffffffff,0.0
2024_E_CFLD,8344e9fffffffff,0.0
2024_E_CFLD,8344eafffffffff,0.0
2024_E_CFLD,8344ebfffffffff,0.0
2024_E_CFLD,8344ecfffffffff,0.0
2024_E_CFLD,8344edfffffffff,0.0
2024_E_CFLD,8344eefffffffff,0.0
2024_E_CFLD,8344f0fffffffff,0.8414
2024_E_CFLD,8344f1fffffffff,0.0009
2024_E_CFLD,8344f3fffffffff,1.7461
2024_E_CFLD,8344f4fffffffff,0.3375
2024_E_CFLD,8344f5fffffffff,0.4407
2024_E_CFLD,8344f6fffffffff,0.5583
2024_E_CFLD,834859fffffffff,0.0
2024_E_CFLD,83485afffffffff,0.0
2024_E_CFLD,83485bfffffffff,0.0
2024_E_CFLD,834880fffffffff,0.0
2024_E_CFLD,834881fffffffff,0.0
2024_E_CFLD,834882fffffffff,0.0
2024_E_CFLD,834883fffffffff,0.0
2024_E_CFLD,834886fffffffff,0.0
2024_E_CFLD,834888fffffffff,0.0
2024_E_CFLD,834889fffffffff,0.0
2024_E_CFLD,83488afffffffff,0.0
2024_E_CFLD,83488bfffffffff,0.0
2024_E_CFLD,83488cfffffffff,0.0
2024_E_CFLD,83488dfffffffff,0.0
2024_E_CFLD,83488efffffffff,0.0
2024_E_CFLD,834890fffffffff,3.442
2024_E_CFLD,834891fffffffff,0.2184
2024_E_CFLD,834892fffffffff,3.5256
2024_E_CFLD,834893fffffffff,0.8556
2024_E_CFLD,834895fffffffff,1.3943
2024_E_CFLD,834898fffffffff,0.0
2024_E_CFLD,834899fffffffff,0.0
2024_E_CFLD,83489afffffffff,0.0
2024_E_CFLD,83489bfffffffff,0.0
2024_E_CFLD,83489cfffffffff,0.0
2024_E_CFLD,83489dfffffffff,0.0
2024_E_CFLD,83489efffffffff,0.0
2024_E_CFLD,8348abfffffffff,0.0
2024_E_CFLD,8348b1fffffffff,0.0
2024_E_CFLD,8348b2fffffffff,2.7485
2024_E_CFLD,8348b3fffffffff,1.2455
2024_E_CFLD,8348c0fffffffff,0.0
2024_E_CFLD,8348c1fffffffff,0.0
2024_E_CFLD,8348c2fffffffff,0.0
2024_E_CFLD,8348c3fffffffff,0.0
2024_E_CFLD,8348c4fffffffff,0.0
2024_E_CFLD,8348c5fffffffff,0.0
2024_E_CFLD,8348c6fffffffff,0.0
2024_E_CFLD,8348c8fffffffff,0.0
2024_E_CFLD,8348c9fffffffff,0.0
2024_E_CFLD,8348cafffffffff,0.0
2024_E_CFLD,8348cbfffffffff,0.0
2024_E_CFLD,8348ccfffffffff,0.0
2024_E_CFLD,8348cdfffffffff,0.0
2024_E_CFLD,8348cefffffffff,0.0
2024_E_CFLD,8348d0fffffffff,0.0
2024_E_CFLD,8348d1fffffffff,0.0
2024_E_CFLD,8348d2fffffffff,0.0
2024_E_CFLD,8348d3fffffffff,0.0
2024_E_CFLD,8348d4fffffffff,0.0
2024_E_CFLD,8348d5fffffffff,0.0
2024_E_CFLD,8348d6fffffffff,0.0
2024_E_CFLD,8348d8fffffffff,0.0
2024_E_CFLD,8348d9fffffffff,0.0
2024_E_CFLD,8348dafffffffff,0.0
2024_E_CFLD,8348dbfffffffff,0.0
2024_E_CFLD,8348dcfffffffff,0.0
2024_E_CFLD,8348ddfffffffff,0.0
2024_E_CFLD,8348defffffffff,0.0
2024_E_CFLD,8348e3fffffffff,0.0
2024_E_CFLD,8348e8fffffffff,0.0
2024_E_CFLD,8348e9fffffffff,0.0
2024_E_CFLD,8348eafffffffff,0.0
2024_E_CFLD,8348ebfffffffff,0.0
2024_E_CFLD,8348ecfffffffff,0.0
2024_E_CFLD,8348edfffffffff,0.0
2024_E_CFLD,8348eefffffffff,0.0
2024_E_CFLD,8348f2fffffffff,0.0
2024_E_CFLD,8348f3fffffffff,0.0
2024_E_CFLD,8348f6fffffffff,0.0
2024_E_CHD,8312c9fffffffff,8.9
2024_E_CHD,8312cafffffffff,8.8
2024_E_CHD,8312cbfffffffff,7.7
2024_E_CHD,8312d8fffffffff,9.5
2024_E_CHD,8312d9fffffffff,10.2
2024_E_CHD,8312dafffffffff,10.2
2024_E_CHD,8312dbfffffffff,8.4
2024_E_CHD,8312ddfffffffff,10.6
2024_E_CHD,8312defffffffff,11.3
2024_E_CHD,832600fffffffff,8.1
2024_E_CHD,832601fffffffff,7.6
2024_E_CHD,832602fffffffff,10.0
2024_E_CHD,832603fffffffff,8.8
2024_E_CHD,832604fffffffff,8.0
2024_E_CHD,832605fffffffff,7.9
2024_E_CHD,832606fffffffff,8.7
2024_E_CHD,832608fffffffff,8.1
2024_E_CHD,832609fffffffff,9.4
2024_E_CHD,83260afffffffff,7.7
2024_E_CHD,83260bfffffffff,8.8
2024_E_CHD,83260cfffffffff,8.3
2024_E_CHD,83260dfffffffff,7.4
2024_E_CHD,83260efffffffff,8.1
2024_E_CHD,832610fffffffff,11.1
2024_E_CHD,832611fffffffff,9.4
2024_E_CHD,832612fffffffff,10.5
2024_E_CHD,832613fffffffff,9.0
2024_E_CHD,832614fffffffff,9.0
2024_E_CHD,832615fffffffff,9.5
2024_E_CHD,832616fffffffff,7.9
2024_E_CHD,832618fffffffff,8.4
2024_E_CHD,832619fffffffff,9.0
2024_E_CHD,83261afffffffff,8.9
2024_E_CHD,83261bfffffffff,9.5
2024_E_CHD,83261cfffffffff,9.3
2024_E_CHD,83261dfffffffff,8.5
2024_E_CHD,83261efffffffff,8.9
2024_E_CHD,832620fffffffff,8.4
2024_E_CHD,832621fffffffff,6.9
2024_E_CHD,832622fffffffff,9.3
2024_E_CHD,832623fffffffff,8.1
2024_E_CHD,832624fffffffff,9.1
2024_E_CHD,832625fffffffff,8.5
2024_E_CHD,832626fffffffff,7.3
2024_E_CHD,832628fffffffff,8.2
2024_E_CHD,832629fffffffff,7.7
2024_E_CHD,83262afffffffff,8.2
2024_E_CHD,83262bfffffffff,7.5
2024_E_CHD,83262cfffffffff,6.7
2024_E_CHD,83262dfffffffff,7.7
2024_E_CHD,83262efffffffff,8.1
2024_E_CHD,832630fffffffff,10.5
2024_E_CHD,832631fffffffff,8.7
2024_E_CHD,832632fffffffff,10.4
2024_E_CHD,832633fffffffff,9.2
2024_E_CHD,832634fffffffff,8.8
2024_E_CHD,832635fffffffff,8.4
2024_E_CHD,832636fffffffff,8.9
2024_E_CHD,832640fffffffff,7.7
2024_E_CHD,832641fffffffff,9.3
2024_E_CHD,832642fffffffff,9.3
2024_E_CHD,832643fffffffff,9.5
2024_E_CHD,832644fffffffff,8.1
2024_E_CHD,832645fffffffff,8.5
2024_E_CHD,832646fffffffff,8.2
2024_E_CHD,832648fffffffff,9.9
2024_E_CHD,832649fffffffff,8.6
2024_E_CHD,83264afffffffff,8.7
2024_E_CHD,83264bfffffffff,9.6
2024_E_CHD,83264cfffffffff,8.3
2024_E_CHD,83264dfffffffff,7.2
2024_E_CHD,83264efffffffff,9.7
2024_E_CHD,832650fffffffff,10.0
2024_E_CHD,832651fffffffff,9.3
2024_E_CHD,832652fffffffff,8.9
2024_E_CHD,832653fffffffff,9.6
2024_E_CHD,832654fffffffff,9.1
2024_E_CHD,832655fffffffff,8.3
2024_E_CHD,832656fffffffff,7.5
2024_E_CHD,832658fffffffff,11.1
2024_E_CHD,832659fffffffff,9.6
2024_E_CHD,83265afffffffff,11.1
2024_E_CHD,83265bfffffffff,10.1
2024_E_CHD,83265cfffffffff,11.3
2024_E_CHD,83265dfffffffff,9.6
2024_E_CHD,83265efffffffff,11.3
2024_E_CHD,832660fffffffff,8.5
2024_E_CHD,832661fffffffff,7.9
2024_E_CHD,832662fffffffff,7.3
2024_E_CHD,832663fffffffff,8.1
2024_E_CHD,832664fffffffff,7.5
2024_E_CHD,832665fffffffff,8.7
2024_E_CHD,832666fffffffff,7.5
2024_E_CHD,832668fffffffff,8.3
2024_E_CHD,832669fffffffff,10.0
2024_E_CHD,83266afffffffff,8.6
2024_E_CHD,83266bfffffffff,9.0
2024_E_CHD,83266cfffffffff,8.3
2024_E_CHD,83266dfffffffff,8.2
2024_E_CHD,83266efffffffff,8.7
2024_E_CHD,832670fffffffff,8.4
2024_E_CHD,832671fffffffff,8.7
2024_E_CHD,832672fffffffff,9.2
2024_E_CHD,832673fffffffff,9.5
2024_E_CHD,832674fffffffff,7.3
2024_E_CHD,832675fffffffff,8.3
2024_E_CHD,832676fffffffff,7.7
2024_E_CHD,832680fffffffff,8.4
2024_E_CHD,832681fffffffff,6.0
2024_E_CHD,832682fffffffff,8.8
2024_E_CHD,832683fffffffff,5.7
2024_E_CHD,832684fffffffff,8.7
2024_E_CHD,832685fffffffff,7.7
2024_E_CHD,832686fffffffff,9.2
2024_E_CHD,832688fffffffff,7.9
2024_E_CHD,832689fffffffff,8.3
2024_E_CHD,83268afffffffff,9.0
2024_E_CHD,83268bfffffffff,9.5
2024_E_CHD,83268cfffffffff,6.2
2024_E_CHD,83268dfffffffff,8.4
2024_E_CHD,83268efffffffff,8.4
2024_E_CHD,832690fffffffff,7.4
2024_E_CHD,832691fffffffff,7.5
2024_E_CHD,832692fffffffff,6.7
2024_E_CHD,832693fffffffff,8.2
2024_E_CHD,832694fffffffff,6.7
2024_E_CHD,832695fffffffff,7.8
2024_E_CHD,832696fffffffff,4.9
2024_E_CHD,832698fffffffff,8.2
2024_E_CHD,832699fffffffff,8.4
2024_E_CHD,83269afffffffff,9.1
2024_E_CHD,83269bfffffffff,10.6
2024_E_CHD,83269cfffffffff,7.9
2024_E_CHD,83269dfffffffff,7.7
2024_E_CHD,83269efffffffff,7.4
2024_E_CHD,8326a0fffffffff,7.9
2024_E_CHD,8326a1fffffffff,9.5
2024_E_CHD,8326a2fffffffff,6.8
2024_E_CHD,8326a3fffffffff,8.6
2024_E_CHD,8326a4fffffffff,7.0
2024_E_CHD,8326a5fffffffff,9.7
2024_E_CHD,8326a6fffffffff,8.2
2024_E_CHD,8326a8fffffffff,8.2
2024_E_CHD,8326a9fffffffff,8.7
2024_E_CHD,8326aafffffffff,6.6
2024_E_CHD,8326abfffffffff,7.9
2024_E_CHD,8326acfffffffff,9.4
2024_E_CHD,8326adfffffffff,9.4
2024_E_CHD,8326aefffffffff,7.5
2024_E_CHD,8326b0fffffffff,7.8
2024_E_CHD,8326b1fffffffff,8.5
2024_E_CHD,8326b2fffffffff,7.4
2024_E_CHD,8326b3fffffffff,7.5
2024_E_CHD,8326b4fffffffff,9.6
2024_E_CHD,8326b5fffffffff,8.9
2024_E_CHD,8326b6fffffffff,6.7
2024_E_CHD,8326c0fffffffff,9.3
2024_E_CHD,8326c1fffffffff,8.6
2024_E_CHD,8326c2fffffffff,9.3
2024_E_CHD,8326c3fffffffff,9.7
2024_E_CHD,8326c4fffffffff,9.4
2024_E_CHD,8326c5fffffffff,8.9
2024_E_CHD,8326c6fffffffff,9.2
2024_E_CHD,8326c8fffffffff,7.2
2024_E_CHD,8326c9fffffffff,9.1
2024_E_CHD,8326cafffffffff,8.2
2024_E_CHD,8326cbfffffffff,8.1
2024_E_CHD,8326ccfffffffff,10.2
2024_E_CHD,8326cdfffffffff,10.1
2024_E_CHD,8326cefffffffff,10.1
2024_E_CHD,8326d0fffffffff,7.9
2024_E_CHD,8326d1fffffffff,8.9
2024_E_CHD,8326d2fffffffff,11.2
2024_E_CHD,8326d3fffffffff,8.9
2024_E_CHD,8326d4fffffffff,9.1
2024_E_CHD,8326d5fffffffff,8.5
2024_E_CHD,8326d6fffffffff,9.6
2024_E_CHD,8326d8fffffffff,10.4
2024_E_CHD,8326d9fffffffff,9.5
2024_E_CHD,8326dafffffffff,8.3
2024_E_CHD,8326dbfffffffff,9.3
2024_E_CHD,8326dcfffffffff,10.3
2024_E_CHD,8326ddfffffffff,9.9
2024_E_CHD,8326defffffffff,9.5
2024_E_CHD,8326e0fffffffff,8.5
2024_E_CHD,8326e1fffffffff,9.5
2024_E_CHD,8326e2fffffffff,8.7
2024_E_CHD,8326e3fffffffff,8.3
2024_E_CHD,8326e4fffffffff,8.1
2024_E_CHD,8326e5fffffffff,7.7
2024_E_CHD,8326e6fffffffff,9.4
2024_E_CHD,8326e8fffffffff,10.4
2024_E_CHD,8326e9fffffffff,10.5
2024_E_CHD,8326eafffffffff,10.2
2024_E_CHD,8326ebfffffffff,11.3
2024_E_CHD,8326ecfffffffff,9.5
2024_E_CHD,8326edfffffffff,9.8
2024_E_CHD,8326eefffffffff,10.1
2024_E_CHD,8326f0fffffffff,8.2
2024_E_CHD,8326f1fffffffff,8.1
2024_E_CHD,8326f2fffffffff,8.3
2024_E_CHD,8326f3fffffffff,7.6
2024_E_CHD,8326f4fffffffff,9.0
2024_E_CHD,8326f5fffffffff,9.2
2024_E_CHD,8326f6fffffffff,8.3
2024_E_CHD,832708fffffffff,9.8
2024_E_CHD,832709fffffffff,9.2
2024_E_CHD,83270afffffffff,9.1
2024_E_CHD,83270bfffffffff,10.1
2024_E_CHD,83270dfffffffff,10.3
2024_E_CHD,83270efffffffff,8.9
2024_E_CHD,832718fffffffff,8.6
2024_E_CHD,832719fffffffff,7.9
2024_E_CHD,83271afffffffff,9.3
2024_E_CHD,83271bfffffffff,8.4
2024_E_CHD,83271cfffffffff,9.3
2024_E_CHD,83271dfffffffff,8.3
2024_E_CHD,83271efffffffff,10.0
2024_E_CHD,832740fffffffff,9.5
2024_E_CHD,832741fffffffff,9.0
2024_E_CHD,832742fffffffff,9.7
2024_E_CHD,832743fffffffff,7.2
2024_E_CHD,832744fffffffff,10.0
2024_E_CHD,832745fffffffff,9.7
2024_E_CHD,832746fffffffff,9.7
2024_E_CHD,832748fffffffff,7.0
2024_E_CHD,832749fffffffff,8.2
2024_E_CHD,83274bfffffffff,8.0
2024_E_CHD,83274cfffffffff,9.2
2024_E_CHD,83274dfffffffff,7.4
2024_E_CHD,83274efffffffff,8.9
2024_E_CHD,832750fffffffff,9.9
2024_E_CHD,832751fffffffff,8.2
2024_E_CHD,832752fffffffff,7.3
2024_E_CHD,832753fffffffff,7.7
2024_E_CHD,832754fffffffff,9.3
2024_E_CHD,832755fffffffff,10.2
2024_E_CHD,832756fffffffff,8.9
2024_E_CHD,832758fffffffff,7.1
2024_E_CHD,832759fffffffff,6.6
2024_E_CHD,83275afffffffff,8.3
2024_E_CHD,83275bfffffffff,8.4
2024_E_CHD,83275cfffffffff,8.2
2024_E_CHD,83275dfffffffff,7.0
2024_E_CHD,83275efffffffff,8.6
2024_E_CHD,832763fffffffff,10.0
2024_E_CHD,832768fffffffff,10.4
2024_E_CHD,83276afffffffff,10.5
2024_E_CHD,83276bfffffffff,9.5
2024_E_CHD,83276efffffffff,10.6
2024_E_CHD,832770fffffffff,0.6
2024_E_CHD,832771fffffffff,9.4
2024_E_CHD,832772fffffffff,9.1
2024_E_CHD,832773fffffffff,10.6
2024_E_CHD,832780fffffffff,8.5
2024_E_CHD,832781fffffffff,8.2
2024_E_CHD,832782fffffffff,9.2
2024_E_CHD,832783fffffffff,9.5
2024_E_CHD,832784fffffffff,8.7
2024_E_CHD,832785fffffffff,8.4
2024_E_CHD,832786fffffffff,8.6
2024_E_CHD,832788fffffffff,8.1
2024_E_CHD,832789fffffffff,8.1
2024_E_CHD,83278afffffffff,8.4
2024_E_CHD,83278bfffffffff,9.1
2024_E_CHD,83278cfffffffff,8.4
2024_E_CHD,83278dfffffffff,9.8
2024_E_CHD,83278efffffffff,8.4
2024_E_CHD,832790fffffffff,8.6
2024_E_CHD,832791fffffffff,9.0
2024_E_CHD,832792fffffffff,8.2
2024_E_CHD,832793fffffffff,8.9
2024_E_CHD,832794fffffffff,9.1
2024_E_CHD,832795fffffffff,8.6
2024_E_CHD,832796fffffffff,8.6
2024_E_CHD,832798fffffffff,8.7
2024_E_CHD,832799fffffffff,8.0
2024_E_CHD,83279afffffffff,8.3
2024_E_CHD,83279bfffffffff,9.0
2024_E_CHD,83279cfffffffff,9.1
2024_E_CHD,83279dfffffffff,8.9
2024_E_CHD,83279efffffffff,8.1
2024_E_CHD,8327a3fffffffff,8.4
2024_E_CHD,8327a8fffffffff,7.1
2024_E_CHD,8327a9fffffffff,8.6
2024_E_CHD,8327aafffffffff,6.3
2024_E_CHD,8327abfffffffff,8.1
2024_E_CHD,8327acfffffffff,8.1
2024_E_CHD,8327adfffffffff,8.5
2024_E_CHD,8327aefffffffff,7.7
2024_E_CHD,8327b3fffffffff,8.0
2024_E_CHD,832800fffffffff,8.9
2024_E_CHD,832802fffffffff,8.9
2024_E_CHD,832806fffffffff,9.1
2024_E_CHD,832810fffffffff,9.4
2024_E_CHD,832811fffffffff,10.3
2024_E_CHD,832812fffffffff,9.2
2024_E_CHD,832813fffffffff,10.4
2024_E_CHD,832814fffffffff,9.5
2024_E_CHD,832815fffffffff,9.2
2024_E_CHD,832816fffffffff,8.1
2024_E_CHD,832818fffffffff,11.0
2024_E_CHD,83281afffffffff,10.8
2024_E_CHD,83281bfffffffff,9.9
2024_E_CHD,83281cfffffffff,10.2
2024_E_CHD,83281efffffffff,10.3
2024_E_CHD,832830fffffffff,7.0
2024_E_CHD,832831fffffffff,8.4
2024_E_CHD,832832fffffffff,7.6
2024_E_CHD,832833fffffffff,8.2
2024_E_CHD,832834fffffffff,6.0
2024_E_CHD,832835fffffffff,8.1
2024_E_CHD,832836fffffffff,7.3
2024_E_CHD,832880fffffffff,10.2
2024_E_CHD,832881fffffffff,10.3
2024_E_CHD,832882fffffffff,9.9
2024_E_CHD,832883fffffffff,10.6
2024_E_CHD,832884fffffffff,7.8
2024_E_CHD,832885fffffffff,8.5
2024_E_CHD,832886fffffffff,9.2
2024_E_CHD,832888fffffffff,6.9
2024_E_CHD,832889fffffffff,6.6
2024_E_CHD,83288afffffffff,8.1
2024_E_CHD,83288bfffffffff,8.4
2024_E_CHD,83288cfffffffff,9.1
2024_E_CHD,83288dfffffffff,8.5
2024_E_CHD,83288efffffffff,9.5
2024_E_CHD,832890fffffffff,8.4
2024_E_CHD,832891fffffffff,9.4
2024_E_CHD,832892fffffffff,7.1
2024_E_CHD,832893fffffffff,7.9
2024_E_CHD,832894fffffffff,7.9
2024_E_CHD,832895fffffffff,9.6
2024_E_CHD,832896fffffffff,7.6
2024_E_CHD,832898fffffffff,9.4
2024_E_CHD,832899fffffffff,10.9
2024_E_CHD,83289afffffffff,9.3
2024_E_CHD,83289bfffffffff,9.3
2024_E_CHD,83289cfffffffff,10.5
2024_E_CHD,83289dfffffffff,10.1
2024_E_CHD,83289efffffffff,8.9
2024_E_CHD,8328a0fffffffff,8.2
2024_E_CHD,8328a1fffffffff,9.4
2024_E_CHD,8328a2fffffffff,9.6
2024_E_CHD,8328a3fffffffff,8.7
2024_E_CHD,8328a4fffffffff,8.2
2024_E_CHD,8328a5fffffffff,7.5
2024_E_CHD,8328a6fffffffff,8.4
2024_E_CHD,8328a8fffffffff,10.1
2024_E_CHD,8328a9fffffffff,8.8
2024_E_CHD,8328aafffffffff,11.1
2024_E_CHD,8328abfffffffff,10.3
2024_E_CHD,8328acfffffffff,11.2
2024_E_CHD,8328adfffffffff,12.1
2024_E_CHD,8328aefffffffff,10.2
2024_E_CHD,8328b0fffffffff,7.5
2024_E_CHD,8328b1fffffffff,8.2
2024_E_CHD,8328b2fffffffff,7.9
2024_E_CHD,8328b3fffffffff,8.8
2024_E_CHD,8328b4fffffffff,7.0
2024_E_CHD,8328b5fffffffff,8.1
2024_E_CHD,8328b6fffffffff,6.6
2024_E_CHD,8328c2fffffffff,9.0
2024_E_CHD,8328c6fffffffff,8.5
2024_E_CHD,8328d0fffffffff,7.2
2024_E_CHD,8328d1fffffffff,7.6
2024_E_CHD,8328d2fffffffff,9.0
2024_E_CHD,8328d3fffffffff,7.0
2024_E_CHD,8328d4fffffffff,7.1
2024_E_CHD,8328d5fffffffff,7.6
2024_E_CHD,8328d6fffffffff,7.7
2024_E_CHD,8328defffffffff,8.9
2024_E_CHD,8328f0fffffffff,7.1
2024_E_CHD,8328f1fffffffff,8.9
2024_E_CHD,8328f2fffffffff,8.5
2024_E_CHD,8328f3fffffffff,7.8
2024_E_CHD,8328f4fffffffff,8.5
2024_E_CHD,8328f5fffffffff,9.1
2024_E_CHD,8328f6fffffffff,9.2
2024_E_CHD,832912fffffffff,4.7
2024_E_CHD,832913fffffffff,5.2
2024_E_CHD,83291afffffffff,7.5
2024_E_CHD,832980fffffffff,6.4
2024_E_CHD,832981fffffffff,8.1
2024_E_CHD,832982fffffffff,8.7
2024_E_CHD,832983fffffffff,6.6
2024_E_CHD,832984fffffffff,8.3
2024_E_CHD,832985fffffffff,7.9
2024_E_CHD,832986fffffffff,8.4
2024_E_CHD,832988fffffffff,11.1
2024_E_CHD,832989fffffffff,8.2
2024_E_CHD,83298afffffffff,7.6
2024_E_CHD,83298bfffffffff,7.9
2024_E_CHD,83298cfffffffff,10.3
2024_E_CHD,83298dfffffffff,9.0
2024_E_CHD,83298efffffffff,9.4
2024_E_CHD,832990fffffffff,8.3
2024_E_CHD,832991fffffffff,6.6
2024_E_CHD,832992fffffffff,8.0
2024_E_CHD,832993fffffffff,8.1
2024_E_CHD,832994fffffffff,7.2
2024_E_CHD,832995fffffffff,11.5
2024_E_CHD,832996fffffffff,11.0
2024_E_CHD,832998fffffffff,9.3
2024_E_CHD,832999fffffffff,8.7
2024_E_CHD,83299afffffffff,7.3
2024_E_CHD,83299bfffffffff,7.7
2024_E_CHD,83299cfffffffff,8.4
2024_E_CHD,83299dfffffffff,8.3
2024_E_CHD,83299efffffffff,8.1
2024_E_CHD,8329a0fffffffff,6.9
2024_E_CHD,8329a1fffffffff,6.4
2024_E_CHD,8329a2fffffffff,8.8
2024_E_CHD,8329a3fffffffff,7.6
2024_E_CHD,8329a4fffffffff,6.5
2024_E_CHD,8329a5fffffffff,5.3
2024_E_CHD,8329a6fffffffff,9.1
2024_E_CHD,8329a8fffffffff,6.7
2024_E_CHD,8329a9fffffffff,6.8
2024_E_CHD,8329aafffffffff,8.5
2024_E_CHD,8329abfffffffff,8.3
2024_E_CHD,8329acfffffffff,7.3
2024_E_CHD,8329adfffffffff,7.3
2024_E_CHD,8329aefffffffff,10.1
2024_E_CHD,8329b0fffffffff,10.7
2024_E_CHD,8329b1fffffffff,11.2
2024_E_CHD,8329b2fffffffff,8.6
2024_E_CHD,8329b3fffffffff,11.8
2024_E_CHD,8329b4fffffffff,10.1
2024_E_CHD,8329b5fffffffff,10.2
2024_E_CHD,8329b6fffffffff,9.9
2024_E_CHD,832a06fffffffff,8.0
2024_E_CHD,832a10fffffffff,5.8
2024_E_CHD,832a12fffffffff,7.6
2024_E_CHD,832a13fffffffff,6.9
2024_E_CHD,832a14fffffffff,7.2
2024_E_CHD,832a15fffffffff,7.3
2024_E_CHD,832a16fffffffff,8.1
2024_E_CHD,832a30fffffffff,6.4
2024_E_CHD,832a31fffffffff,8.0
2024_E_CHD,832a32fffffffff,7.6
2024_E_CHD,832a33fffffffff,6.8
2024_E_CHD,832a34fffffffff,7.8
2024_E_CHD,832a36fffffffff,8.0
2024_E_CHD,832a80fffffffff,9.5
2024_E_CHD,832a81fffffffff,10.6
2024_E_CHD,832a82fffffffff,10.0
2024_E_CHD,832a83fffffffff,11.3
2024_E_CHD,832a84fffffffff,8.5
2024_E_CHD,832a85fffffffff,9.5
2024_E_CHD,832a86fffffffff,9.7
2024_E_CHD,832a88fffffffff,9.4
2024_E_CHD,832a89fffffffff,8.7
2024_E_CHD,832a8afffffffff,9.0
2024_E_CHD,832a8bfffffffff,8.1
2024_E_CHD,832a8cfffffffff,8.1
2024_E_CHD,832a8dfffffffff,8.1
2024_E_CHD,832a8efffffffff,10.3
2024_E_CHD,832a90fffffffff,8.5
2024_E_CHD,832a91fffffffff,9.7
2024_E_CHD,832a92fffffffff,8.6
2024_E_CHD,832a93fffffffff,8.2
2024_E_CHD,832a94fffffffff,8.9
2024_E_CHD,832a95fffffffff,8.4
2024_E_CHD,832a96fffffffff,8.3
2024_E_CHD,832a98fffffffff,10.9
2024_E_CHD,832a99fffffffff,9.8
2024_E_CHD,832a9afffffffff,10.2
2024_E_CHD,832a9bfffffffff,10.4
2024_E_CHD,832a9cfffffffff,10.1
2024_E_CHD,832a9dfffffffff,11.1
2024_E_CHD,832a9efffffffff,10.0
2024_E_CHD,832aa0fffffffff,9.6
2024_E_CHD,832aa1fffffffff,8.4
2024_E_CHD,832aa2fffffffff,9.5
2024_E_CHD,832aa3fffffffff,8.9
2024_E_CHD,832aa4fffffffff,8.1
2024_E_CHD,832aa5fffffffff,8.9
2024_E_CHD,832aa6fffffffff,8.2
2024_E_CHD,832aa8fffffffff,6.5
2024_E_CHD,832aa9fffffffff,8.3
2024_E_CHD,832aaafffffffff,7.1
2024_E_CHD,832aabfffffffff,7.7
2024_E_CHD,832aacfffffffff,7.0
2024_E_CHD,832aadfffffffff,8.1
2024_E_CHD,832aaefffffffff,7.7
2024_E_CHD,832ab1fffffffff,9.4
2024_E_CHD,832ab2fffffffff,6.8
2024_E_CHD,832ab3fffffffff,8.5
2024_E_CHD,832ab5fffffffff,8.6
2024_E_CHD,832ab6fffffffff,8.1
2024_E_CHD,832ad0fffffffff,8.6
2024_E_CHD,832ad2fffffffff,9.4
2024_E_CHD,832ad3fffffffff,8.9
2024_E_CHD,832ad4fffffffff,8.6
2024_E_CHD,832ad5fffffffff,7.6
2024_E_CHD,832ad6fffffffff,7.0
2024_E_CHD,832af0fffffffff,7.3
2024_E_CHD,832af2fffffffff,9.4
2024_E_CHD,832af3fffffffff,10.0
2024_E_CHD,832af6fffffffff,7.8
2024_E_CHD,832b10fffffffff,11.3
2024_E_CHD,832b11fffffffff,10.3
2024_E_CHD,832b12fffffffff,11.2
2024_E_CHD,832b13fffffffff,11.5
2024_E_CHD,832b18fffffffff,10.3
2024_E_CHD,832b1afffffffff,8.8
2024_E_CHD,832b1bfffffffff,8.2
2024_E_CHD,832b1efffffffff,11.4
2024_E_CHD,832b81fffffffff,8.9
2024_E_CHD,832b88fffffffff,9.7
2024_E_CHD,832b89fffffffff,7.8
2024_E_CHD,832b8afffffffff,7.9
2024_E_CHD,832b8bfffffffff,8.4
2024_E_CHD,832b8cfffffffff,8.1
2024_E_CHD,832b8dfffffffff,8.0
2024_E_CHD,832b8efffffffff,8.4
2024_E_CHD,832b99fffffffff,7.3
2024_E_CHD,832b9bfffffffff,7.3
2024_E_CHD,832ba8fffffffff,12.4
2024_E_CHD,832ba9fffffffff,9.7
2024_E_CHD,832babfffffffff,7.8
2024_E_CHD,832bacfffffffff,11.8
2024_E_CHD,832badfffffffff,11.7
2024_E_CHD,834412fffffffff,10.0
2024_E_CHD,834413fffffffff,9.3
2024_E_CHD,834414fffffffff,7.3
2024_E_CHD,834416fffffffff,8.7
2024_E_CHD,83441afffffffff,8.7
2024_E_CHD,83441bfffffffff,12.7
2024_E_CHD,83441efffffffff,10.0
2024_E_CHD,834440fffffffff,9.1
2024_E_CHD,834441fffffffff,8.8
2024_E_CHD,834442fffffffff,9.7
2024_E_CHD,834443fffffffff,9.9
2024_E_CHD,834444fffffffff,8.7
2024_E_CHD,834445fffffffff,8.4
2024_E_CHD,834446fffffffff,7.3
2024_E_CHD,834448fffffffff,10.4
2024_E_CHD,834449fffffffff,10.6
2024_E_CHD,83444afffffffff,10.1
2024_E_CHD,83444bfffffffff,10.3
2024_E_CHD,83444cfffffffff,9.2
2024_E_CHD,83444dfffffffff,9.6
2024_E_CHD,83444efffffffff,9.7
2024_E_CHD,834450fffffffff,9.0
2024_E_CHD,834451fffffffff,8.8
2024_E_CHD,834452fffffffff,9.3
2024_E_CHD,834453fffffffff,10.4
2024_E_CHD,834455fffffffff,8.5
2024_E_CHD,834456fffffffff,8.6
2024_E_CHD,834458fffffffff,9.9
2024_E_CHD,834459fffffffff,10.3
2024_E_CHD,83445afffffffff,9.1
2024_E_CHD,83445bfffffffff,9.2
2024_E_CHD,83445cfffffffff,8.4
2024_E_CHD,83445dfffffffff,9.6
2024_E_CHD,83445efffffffff,9.2
2024_E_CHD,834463fffffffff,9.1
2024_E_CHD,834468fffffffff,10.0
2024_E_CHD,834469fffffffff,9.9
2024_E_CHD,83446afffffffff,10.3
2024_E_CHD,83446bfffffffff,9.2
2024_E_CHD,83446cfffffffff,6.9
2024_E_CHD,83446dfffffffff,8.0
2024_E_CHD,83446efffffffff,8.5
2024_E_CHD,834471fffffffff,9.2
2024_E_CHD,834473fffffffff,9.7
2024_E_CHD,8344a1fffffffff,5.3
2024_E_CHD,8344a5fffffffff,9.1
2024_E_CHD,8344a8fffffffff,9.2
2024_E_CHD,8344a9fffffffff,7.9
2024_E_CHD,8344abfffffffff,4.0
2024_E_CHD,8344acfffffffff,6.4
2024_E_CHD,8344adfffffffff,10.5
2024_E_CHD,8344aefffffffff,8.3
2024_E_CHD,8344c0fffffffff,8.8
2024_E_CHD,8344c1fffffffff,6.4
2024_E_CHD,8344c2fffffffff,8.0
2024_E_CHD,8344c3fffffffff,9.1
2024_E_CHD,8344c4fffffffff,8.9
2024_E_CHD,8344c5fffffffff,8.6
2024_E_CHD,8344c6fffffffff,8.9
2024_E_CHD,8344c8fffffffff,9.5
2024_E_CHD,8344c9fffffffff,10.0
2024_E_CHD,8344cafffffffff,7.6
2024_E_CHD,8344cbfffffffff,10.5
2024_E_CHD,8344ccfffffffff,8.1
2024_E_CHD,8344cdfffffffff,9.3
2024_E_CHD,8344cefffffffff,9.2
2024_E_CHD,8344d0fffffffff,7.9
2024_E_CHD,8344d1fffffffff,8.9
2024_E_CHD,8344d2fffffffff,9.8
2024_E_CHD,8344d3fffffffff,9.1
2024_E_CHD,8344d5fffffffff,7.0
2024_E_CHD,8344d8fffffffff,7.8
2024_E_CHD,8344d9fffffffff,9.2
2024_E_CHD,8344dafffffffff,8.1
2024_E_CHD,8344dbfffffffff,8.7
2024_E_CHD,8344dcfffffffff,8.4
2024_E_CHD,8344ddfffffffff,8.2
2024_E_CHD,8344defffffffff,8.1
2024_E_CHD,8344e0fffffffff,9.7
2024_E_CHD,8344e1fffffffff,9.9
2024_E_CHD,8344e2fffffffff,9.2
2024_E_CHD,8344e3fffffffff,9.5
2024_E_CHD,8344e4fffffffff,10.2
2024_E_CHD,8344e5fffffffff,8.4
2024_E_CHD,8344e6fffffffff,10.2
2024_E_CHD,8344e8fffffffff,8.7
2024_E_CHD,8344e9fffffffff,9.8
2024_E_CHD,8344eafffffffff,8.6
2024_E_CHD,8344ebfffffffff,9.3
2024_E_CHD,8344ecfffffffff,10.4
2024_E_CHD,8344edfffffffff,9.9
2024_E_CHD,8344eefffffffff,9.2
2024_E_CHD,8344f0fffffffff,8.1
2024_E_CHD,8344f1fffffffff,8.7
2024_E_CHD,8344f3fffffffff,8.2
2024_E_CHD,8344f4fffffffff,11.0
2024_E_CHD,8344f5fffffffff,10.7
2024_E_CHD,8344f6fffffffff,10.0
2024_E_CHD,834859fffffffff,7.7
2024_E_CHD,83485afffffffff,3.7
2024_E_CHD,83485bfffffffff,11.1
2024_E_CHD,834880fffffffff,8.6
2024_E_CHD,834881fffffffff,7.8
2024_E_CHD,834882fffffffff,9.3
2024_E_CHD,834883fffffffff,10.0
2024_E_CHD,834886fffffffff,10.0
2024_E_CHD,834888fffffffff,8.9
2024_E_CHD,834889fffffffff,7.8
2024_E_CHD,83488afffffffff,9.0
2024_E_CHD,83488bfffffffff,7.1
2024_E_CHD,83488cfffffffff,9.2
2024_E_CHD,83488dfffffffff,8.6
2024_E_CHD,83488efffffffff,11.2
2024_E_CHD,834890fffffffff,9.5
2024_E_CHD,834891fffffffff,9.0
2024_E_CHD,834892fffffffff,9.5
2024_E_CHD,834893fffffffff,9.1
2024_E_CHD,834895fffffffff,8.8
2024_E_CHD,834898fffffffff,9.2
2024_E_CHD,834899fffffffff,10.3
2024_E_CHD,83489afffffffff,8.0
2024_E_CHD,83489bfffffffff,9.7
2024_E_CHD,83489cfffffffff,7.7
2024_E_CHD,83489dfffffffff,11.8
2024_E_CHD,83489efffffffff,8.3
2024_E_CHD,8348abfffffffff,8.5
2024_E_CHD,8348b1fffffffff,8.2
2024_E_CHD,8348b2fffffffff,7.7
2024_E_CHD,8348b3fffffffff,9.7
2024_E_CHD,8348c0fffffffff,11.4
2024_E_CHD,8348c1fffffffff,11.3
2024_E_CHD,8348c2fffffffff,9.4
2024_E_CHD,8348c3fffffffff,11.5
2024_E_CHD,8348c4fffffffff,10.5
2024_E_CHD,8348c5fffffffff,10.2
2024_E_CHD,8348c6fffffffff,6.4
2024_E_CHD,8348c8fffffffff,12.1
2024_E_CHD,8348c9fffffffff,10.4
2024_E_CHD,8348cafffffffff,11.5
2024_E_CHD,8348cbfffffffff,12.9
2024_E_CHD,8348ccfffffffff,10.7
2024_E_CHD,8348cdfffffffff,9.6
2024_E_CHD,8348cefffffffff,11.4
2024_E_CHD,8348d0fffffffff,6.8
2024_E_CHD,8348d1fffffffff,9.3
2024_E_CHD,8348d2fffffffff,8.3
2024_E_CHD,8348d3fffffffff,8.8
2024_E_CHD,8348d4fffffffff,7.1
2024_E_CHD,8348d5fffffffff,7.6
2024_E_CHD,8348d6fffffffff,6.9
2024_E_CHD,8348d8fffffffff,8.2
2024_E_CHD,8348d9fffffffff,11.0
2024_E_CHD,8348dafffffffff,9.9
2024_E_CHD,8348dbfffffffff,9.4
2024_E_CHD,8348dcfffffffff,10.4
2024_E_CHD,8348ddfffffffff,10.6
2024_E_CHD,8348defffffffff,9.6
2024_E_CHD,8348e3fffffffff,10.2
2024_E_CHD,8348e8fffffffff,9.9
2024_E_CHD,8348e9fffffffff,7.5
2024_E_CHD,8348eafffffffff,8.6
2024_E_CHD,8348ebfffffffff,10.3
2024_E_CHD,8348ecfffffffff,8.9
2024_E_CHD,8348edfffffffff,11.6
2024_E_CHD,8348eefffffffff,10.1
2024_E_CHD,8348f2fffffffff,10.7
2024_E_CHD,8348f3fffffffff,8.6
2024_E_CHD,8348f6fffffffff,10.7
2024_E_DIABETES,8312c9fffffffff,12.5
2024_E_DIABETES,8312cafffffffff,11.1
2024_E_DIABETES,8312cbfffffffff,11.3
2024_E_DIABETES,8312d8fffffffff,13.3
2024_E_DIABETES,8312d9fffffffff,13.5
2024_E_DIABETES,8312dafffffffff,15.8
2024_E_DIABETES,8312dbfffffffff,12.3
2024_E_DIABETES,8312ddfffffffff,14.2
2024_E_DIABETES,8312defffffffff,15.6
2024_E_DIABETES,832600fffffffff,10.4
2024_E_DIABETES,832601fffffffff,11.7
2024_E_DIABETES,832602fffffffff,13.2
2024_E_DIABETES,832603fffffffff,12.5
2024_E_DIABETES,832604fffffffff,10.3
2024_E_DIABETES,832605fffffffff,11.5
2024_E_DIABETES,832606fffffffff,11.2
2024_E_DIABETES,832608fffffffff,12.7
2024_E_DIABETES,832609fffffffff,13.4
2024_E_DIABETES,83260afffffffff,11.3
2024_E_DIABETES,83260bfffffffff,13.1
2024_E_DIABETES,83260cfffffffff,12.9
2024_E_DIABETES,83260dfffffffff,11.9
2024_E_DIABETES,83260efffffffff,12.2
2024_E_DIABETES,832610fffffffff,16.8
2024_E_DIABETES,832611fffffffff,13.4
2024_E_DIABETES,832612fffffffff,15.6
2024_E_DIABETES,832613fffffffff,12.9
2024_E_DIABETES,832614fffffffff,12.2
2024_E_DIABETES,832615fffffffff,12.9
2024_E_DIABETES,832616fffffffff,10.8
2024_E_DIABETES,832618fffffffff,12.1
2024_E_DIABETES,832619fffffffff,12.9
2024_E_DIABETES,83261afffffffff,12.6
2024_E_DIABETES,83261bfffffffff,13.7
2024_E_DIABETES,83261cfffffffff,13.0
2024_E_DIABETES,83261dfffffffff,12.2
2024_E_DIABETES,83261efffffffff,12.5
2024_E_DIABETES,832620fffffffff,12.1
2024_E_DIABETES,832621fffffffff,10.5
2024_E_DIABETES,832622fffffffff,12.4
2024_E_DIABETES,832623fffffffff,11.7
2024_E_DIABETES,832624fffffffff,13.5
2024_E_DIABETES,832625fffffffff,12.5
2024_E_DIABETES,832626fffffffff,10.6
2024_E_DIABETES,832628fffffffff,12.6
2024_E_DIABETES,832629fffffffff,12.1
2024_E_DIABETES,83262afffffffff,12.8
2024_E_DIABETES,83262bfffffffff,12.0
2024_E_DIABETES,83262cfffffffff,10.3
2024_E_DIABETES,83262dfffffffff,11.6
2024_E_DIABETES,83262efffffffff,11.9
2024_E_DIABETES,832630fffffffff,13.0
2024_E_DIABETES,832631fffffffff,10.8
2024_E_DIABETES,832632fffffffff,15.9
2024_E_DIABETES,832633fffffffff,11.5
2024_E_DIABETES,832634fffffffff,11.9
2024_E_DIABETES,832635fffffffff,11.3
2024_E_DIABETES,832636fffffffff,13.0
2024_E_DIABETES,832640fffffffff,12.1
2024_E_DIABETES,832641fffffffff,14.3
2024_E_DIABETES,832642fffffffff,13.4
2024_E_DIABETES,832643fffffffff,13.8
2024_E_DIABETES,832644fffffffff,12.4
2024_E_DIABETES,832645fffffffff,12.9
2024_E_DIABETES,832646fffffffff,12.4
2024_E_DIABETES,832648fffffffff,16.4
2024_E_DIABETES,832649fffffffff,14.6
2024_E_DIABETES,83264afffffffff,16.4
2024_E_DIABETES,83264bfffffffff,15.1
2024_E_DIABETES,83264cfffffffff,13.5
2024_E_DIABETES,83264dfffffffff,12.8
2024_E_DIABETES,83264efffffffff,16.0
2024_E_DIABETES,832650fffffffff,14.1
2024_E_DIABETES,832651fffffffff,13.5
2024_E_DIABETES,832652fffffffff,13.4
2024_E_DIABETES,832653fffffffff,13.8
2024_E_DIABETES,832654fffffffff,12.9
2024_E_DIABETES,832655fffffffff,12.3
2024_E_DIABETES,832656fffffffff,11.7
2024_E_DIABETES,832658fffffffff,16.5
2024_E_DIABETES,832659fffffffff,17.8
2024_E_DIABETES,83265afffffffff,16.7
2024_E_DIABETES,83265bfffffffff,17.1
2024_E_DIABETES,83265cfffffffff,15.8
2024_E_DIABETES,83265dfffffffff,15.0
2024_E_DIABETES,83265efffffffff,16.1
2024_E_DIABETES,832660fffffffff,13.1
2024_E_DIABETES,832661fffffffff,12.6
2024_E_DIABETES,832662fffffffff,11.5
2024_E_DIABETES,832663fffffffff,12.3
2024_E_DIABETES,832664fffffffff,12.8
2024_E_DIABETES,832665fffffffff,13.4
2024_E_DIABETES,832666fffffffff,11.9
2024_E_DIABETES,832668fffffffff,13.4
2024_E_DIABETES,832669fffffffff,15.8
2024_E_DIABETES,83266afffffffff,13.6
2024_E_DIABETES,83266bfffffffff,14.7
2024_E_DIABETES,83266cfffffffff,13.0
2024_E_DIABETES,83266dfffffffff,13.5
2024_E_DIABETES,83266efffffffff,13.3
2024_E_DIABETES,832670fffffffff,13.0
2024_E_DIABETES,832671fffffffff,13.3
2024_E_DIABETES,832672fffffffff,13.5
2024_E_DIABETES,832673fffffffff,13.5
2024_E_DIABETES,832674fffffffff,11.9
2024_E_DIABETES,832675fffffffff,12.6
2024_E_DIABETES,832676fffffffff,12.3
2024_E_DIABETES,832680fffffffff,11.4
2024_E_DIABETES,832681fffffffff,8.4
2024_E_DIABETES,832682fffffffff,11.9
2024_E_DIABETES,832683fffffffff,8.4
2024_E_DIABETES,832684fffffffff,12.7
2024_E_DIABETES,832685fffffffff,10.4
2024_E_DIABETES,832686fffffffff,13.3
2024_E_DIABETES,832688fffffffff,11.7
2024_E_DIABETES,832689fffffffff,12.1
2024_E_DIABETES,83268afffffffff,13.1
2024_E_DIABETES,83268bfffffffff,14.7
2024_E_DIABETES,83268cfffffffff,9.0
2024_E_DIABETES,83268dfffffffff,11.4
2024_E_DIABETES,83268efffffffff,11.2
2024_E_DIABETES,832690fffffffff,11.7
2024_E_DIABETES,832691fffffffff,12.8
2024_E_DIABETES,832692fffffffff,11.1
2024_E_DIABETES,832693fffffffff,13.0
2024_E_DIABETES,832694fffffffff,10.5
2024_E_DIABETES,832695fffffffff,12.2
2024_E_DIABETES,832696fffffffff,9.3
2024_E_DIABETES,832698fffffffff,11.2
2024_E_DIABETES,832699fffffffff,12.0
2024_E_DIABETES,83269afffffffff,16.2
2024_E_DIABETES,83269bfffffffff,17.5
2024_E_DIABETES,83269cfffffffff,10.8
2024_E_DIABETES,83269dfffffffff,10.3
2024_E_DIABETES,83269efffffffff,12.0
2024_E_DIABETES,8326a0fffffffff,11.7
2024_E_DIABETES,8326a1fffffffff,13.1
2024_E_DIABETES,8326a2fffffffff,10.6
2024_E_DIABETES,8326a3fffffffff,11.8
2024_E_DIABETES,8326a4fffffffff,10.6
2024_E_DIABETES,8326a5fffffffff,13.3
2024_E_DIABETES,8326a6fffffffff,11.8
2024_E_DIABETES,8326a8fffffffff,11.5
2024_E_DIABETES,8326a9fffffffff,12.3
2024_E_DIABETES,8326aafffffffff,9.9
2024_E_DIABETES,8326abfffffffff,10.7
2024_E_DIABETES,8326acfffffffff,13.5
2024_E_DIABETES,8326adfffffffff,13.0
2024_E_DIABETES,8326aefffffffff,11.1
2024_E_DIABETES,8326b0fffffffff,12.2
2024_E_DIABETES,8326b1fffffffff,12.5
2024_E_DIABETES,8326b2fffffffff,10.7
2024_E_DIABETES,8326b3fffffffff,11.7
2024_E_DIABETES,8326b4fffffffff,13.7
2024_E_DIABETES,8326b5fffffffff,13.2
2024_E_DIABETES,8326b6fffffffff,10.0
2024_E_DIABETES,8326c0fffffffff,13.9
2024_E_DIABETES,8326c1fffffffff,13.8
2024_E_DIABETES,8326c2fffffffff,14.8
2024_E_DIABETES,8326c3fffffffff,15.0
2024_E_DIABETES,8326c4fffffffff,13.9
2024_E_DIABETES,8326c5fffffffff,13.4
2024_E_DIABETES,8326c6fffffffff,14.0
2024_E_DIABETES,8326c8fffffffff,12.4
2024_E_DIABETES,8326c9fffffffff,14.9
2024_E_DIABETES,8326cafffffffff,13.4
2024_E_DIABETES,8326cbfffffffff,14.6
2024_E_DIABETES,8326ccfffffffff,15.7
2024_E_DIABETES,8326cdfffffffff,16.0
2024_E_DIABETES,8326cefffffffff,15.3
2024_E_DIABETES,8326d0fffffffff,13.6
2024_E_DIABETES,8326d1fffffffff,14.3
2024_E_DIABETES,8326d2fffffffff,16.6
2024_E_DIABETES,8326d3fffffffff,16.3
2024_E_DIABETES,8326d4fffffffff,13.5
2024_E_DIABETES,8326d5fffffffff,14.3
2024_E_DIABETES,8326d6fffffffff,15.0
2024_E_DIABETES,8326d8fffffffff,16.7
2024_E_DIABETES,8326d9fffffffff,14.8
2024_E_DIABETES,8326dafffffffff,14.5
2024_E_DIABETES,8326dbfffffffff,15.5
2024_E_DIABETES,8326dcfffffffff,16.6
2024_E_DIABETES,8326ddfffffffff,15.7
2024_E_DIABETES,8326defffffffff,17.1
2024_E_DIABETES,8326e0fffffffff,13.2
2024_E_DIABETES,8326e1fffffffff,14.5
2024_E_DIABETES,8326e2fffffffff,13.4
2024_E_DIABETES,8326e3fffffffff,13.1
2024_E_DIABETES,8326e4fffffffff,12.3
2024_E_DIABETES,8326e5fffffffff,12.4
2024_E_DIABETES,8326e6fffffffff,14.1
2024_E_DIABETES,8326e8fffffffff,16.4
2024_E_DIABETES,8326e9fffffffff,16.1
2024_E_DIABETES,8326eafffffffff,15.8
2024_E_DIABETES,8326ebfffffffff,17.2
2024_E_DIABETES,8326ecfffffffff,14.5
2024_E_DIABETES,8326edfffffffff,14.9
2024_E_DIABETES,8326eefffffffff,15.3
2024_E_DIABETES,8326f0fffffffff,13.5
2024_E_DIABETES,8326f1fffffffff,12.7
2024_E_DIABETES,8326f2fffffffff,12.8
2024_E_DIABETES,8326f3fffffffff,13.2
2024_E_DIABETES,8326f4fffffffff,13.5
2024_E_DIABETES,8326f5fffffffff,13.7
2024_E_DIABETES,8326f6fffffffff,12.0
2024_E_DIABETES,832708fffffffff,14.3
2024_E_DIABETES,832709fffffffff,13.4
2024_E_DIABETES,83270afffffffff,13.9
2024_E_DIABETES,83270bfffffffff,14.4
2024_E_DIABETES,83270dfffffffff,15.2
2024_E_DIABETES,83270efffffffff,12.7
2024_E_DIABETES,832718fffffffff,11.9
2024_E_DIABETES,832719fffffffff,11.8
2024_E_DIABETES,83271afffffffff,12.7
2024_E_DIABETES,83271bfffffffff,11.6
2024_E_DIABETES,83271cfffffffff,12.8
2024_E_DIABETES,83271dfffffffff,12.0
2024_E_DIABETES,83271efffffffff,14.2
2024_E_DIABETES,832740fffffffff,13.1
2024_E_DIABETES,832741fffffffff,12.8
2024_E_DIABETES,832742fffffffff,13.9
2024_E_DIABETES,832743fffffffff,10.7
2024_E_DIABETES,832744fffffffff,13.8
2024_E_DIABETES,832745fffffffff,13.6
2024_E_DIABETES,832746fffffffff,13.5
2024_E_DIABETES,832748fffffffff,10.7
2024_E_DIABETES,832749fffffffff,12.1
2024_E_DIABETES,83274bfffffffff,12.3
2024_E_DIABETES,83274cfffffffff,13.1
2024_E_DIABETES,83274dfffffffff,11.0
2024_E_DIABETES,83274efffffffff,13.2
2024_E_DIABETES,832750fffffffff,13.6
2024_E_DIABETES,832751fffffffff,11.5
2024_E_DIABETES,832752fffffffff,11.0
2024_E_DIABETES,832753fffffffff,11.2
2024_E_DIABETES,832754fffffffff,13.2
2024_E_DIABETES,832755fffffffff,13.8
2024_E_DIABETES,832756fffffffff,13.1
2024_E_DIABETES,832758fffffffff,10.6
2024_E_DIABETES,832759fffffffff,11.0
2024_E_DIABETES,83275afffffffff,12.3
2024_E_DIABETES,83275bfffffffff,12.7
2024_E_DIABETES,83275cfffffffff,11.8
2024_E_DIABETES,83275dfffffffff,10.4
2024_E_DIABETES,83275efffffffff,12.5
2024_E_DIABETES,832763fffffffff,14.2
2024_E_DIABETES,832768fffffffff,14.2
2024_E_DIABETES,83276afffffffff,14.4
2024_E_DIABETES,83276bfffffffff,13.4
2024_E_DIABETES,83276efffffffff,14.5
2024_E_DIABETES,832770fffffffff,0.9
2024_E_DIABETES,832771fffffffff,13.0
2024_E_DIABETES,832772fffffffff,13.1
2024_E_DIABETES,832773fffffffff,14.3
2024_E_DIABETES,832780fffffffff,11.0
2024_E_DIABETES,832781fffffffff,10.5
2024_E_DIABETES,832782fffffffff,11.3
2024_E_DIABETES,832783fffffffff,12.1
2024_E_DIABETES,832784fffffffff,11.4
2024_E_DIABETES,832785fffffffff,12.1
2024_E_DIABETES,832786fffffffff,11.3
2024_E_DIABETES,832788fffffffff,10.6
2024_E_DIABETES,832789fffffffff,10.7
2024_E_DIABETES,83278afffffffff,10.9
2024_E_DIABETES,83278bfffffffff,12.0
2024_E_DIABETES,83278cfffffffff,11.4
2024_E_DIABETES,83278dfffffffff,13.1
2024_E_DIABETES,83278efffffffff,11.0
2024_E_DIABETES,832790fffffffff,11.3
2024_E_DIABETES,832791fffffffff,11.3
2024_E_DIABETES,832792fffffffff,10.3
2024_E_DIABETES,832793fffffffff,11.3
2024_E_DIABETES,832794fffffffff,11.7
2024_E_DIABETES,832795fffffffff,11.9
2024_E_DIABETES,832796fffffffff,11.2
2024_E_DIABETES,832798fffffffff,13.4
2024_E_DIABETES,832799fffffffff,11.6
2024_E_DIABETES,83279afffffffff,11.2
2024_E_DIABETES,83279bfffffffff,12.6
2024_E_DIABETES,83279cfffffffff,12.0
2024_E_DIABETES,83279dfffffffff,12.5
2024_E_DIABETES,83279efffffffff,10.7
2024_E_DIABETES,8327a3fffffffff,10.6
2024_E_DIABETES,8327a8fffffffff,10.9
2024_E_DIABETES,8327a9fffffffff,11.8
2024_E_DIABETES,8327aafffffffff,9.3
2024_E_DIABETES,8327abfffffffff,11.7
2024_E_DIABETES,8327acfffffffff,11.3
2024_E_DIABETES,8327adfffffffff,12.1
2024_E_DIABETES,8327aefffffffff,10.7
2024_E_DIABETES,8327b3fffffffff,10.8
2024_E_DIABETES,832800fffffffff,12.3
2024_E_DIABETES,832802fffffffff,13.2
2024_E_DIABETES,832806fffffffff,13.8
2024_E_DIABETES,832810fffffffff,13.5
2024_E_DIABETES,832811fffffffff,14.6
2024_E_DIABETES,832812fffffffff,13.2
2024_E_DIABETES,832813fffffffff,14.8
2024_E_DIABETES,832814fffffffff,13.7
2024_E_DIABETES,832815fffffffff,13.5
2024_E_DIABETES,832816fffffffff,12.2
2024_E_DIABETES,832818fffffffff,15.1
2024_E_DIABETES,83281afffffffff,14.7
2024_E_DIABETES,83281bfffffffff,13.5
2024_E_DIABETES,83281cfffffffff,14.6
2024_E_DIABETES,83281efffffffff,14.2
2024_E_DIABETES,832830fffffffff,11.6
2024_E_DIABETES,832831fffffffff,12.5
2024_E_DIABETES,832832fffffffff,11.6
2024_E_DIABETES,832833fffffffff,13.0
2024_E_DIABETES,832834fffffffff,10.6
2024_E_DIABETES,832835fffffffff,11.2
2024_E_DIABETES,832836fffffffff,12.4
2024_E_DIABETES,832880fffffffff,13.9
2024_E_DIABETES,832881fffffffff,13.7
2024_E_DIABETES,832882fffffffff,13.2
2024_E_DIABETES,832883fffffffff,13.9
2024_E_DIABETES,832884fffffffff,11.8
2024_E_DIABETES,832885fffffffff,12.7
2024_E_DIABETES,832886fffffffff,12.8
2024_E_DIABETES,832888fffffffff,10.9
2024_E_DIABETES,832889fffffffff,11.1
2024_E_DIABETES,83288afffffffff,11.9
2024_E_DIABETES,83288bfffffffff,12.1
2024_E_DIABETES,83288cfffffffff,12.4
2024_E_DIABETES,83288dfffffffff,13.0
2024_E_DIABETES,83288efffffffff,12.9
2024_E_DIABETES,832890fffffffff,10.6
2024_E_DIABETES,832891fffffffff,12.0
2024_E_DIABETES,832892fffffffff,9.3
2024_E_DIABETES,832893fffffffff,10.2
2024_E_DIABETES,832894fffffffff,11.7
2024_E_DIABETES,832895fffffffff,12.9
2024_E_DIABETES,832896fffffffff,10.7
2024_E_DIABETES,832898fffffffff,12.5
2024_E_DIABETES,832899fffffffff,14.7
2024_E_DIABETES,83289afffffffff,11.8
2024_E_DIABETES,83289bfffffffff,11.9
2024_E_DIABETES,83289cfffffffff,13.4
2024_E_DIABETES,83289dfffffffff,13.7
2024_E_DIABETES,83289efffffffff,11.3
2024_E_DIABETES,8328a0fffffffff,12.5
2024_E_DIABETES,8328a1fffffffff,13.0
2024_E_DIABETES,8328a2fffffffff,14.4
2024_E_DIABETES,8328a3fffffffff,13.0
2024_E_DIABETES,8328a4fffffffff,12.6
2024_E_DIABETES,8328a5fffffffff,11.3
2024_E_DIABETES,8328a6fffffffff,13.4
2024_E_DIABETES,8328a8fffffffff,13.7
2024_E_DIABETES,8328a9fffffffff,12.2
2024_E_DIABETES,8328aafffffffff,14.5
2024_E_DIABETES,8328abfffffffff,13.7
2024_E_DIABETES,8328acfffffffff,15.0
2024_E_DIABETES,8328adfffffffff,16.5
2024_E_DIABETES,8328aefffffffff,13.7
2024_E_DIABETES,8328b0fffffffff,11.5
2024_E_DIABETES,8328b1fffffffff,12.6
2024_E_DIABETES,8328b2fffffffff,12.0
2024_E_DIABETES,8328b3fffffffff,13.2
2024_E_DIABETES,8328b4fffffffff,12.3
2024_E_DIABETES,8328b5fffffffff,13.5
2024_E_DIABETES,8328b6fffffffff,10.2
2024_E_DIABETES,8328c2fffffffff,13.0
2024_E_DIABETES,8328c6fffffffff,13.2
2024_E_DIABETES,8328d0fffffffff,11.1
2024_E_DIABETES,8328d1fffffffff,11.0
2024_E_DIABETES,8328d2fffffffff,12.8
2024_E_DIABETES,8328d3fffffffff,10.7
2024_E_DIABETES,8328d4fffffffff,10.3
2024_E_DIABETES,8328d5fffffffff,11.2
2024_E_DIABETES,8328d6fffffffff,12.2
2024_E_DIABETES,8328defffffffff,12.9
2024_E_DIABETES,8328f0fffffffff,10.8
2024_E_DIABETES,8328f1fffffffff,12.5
2024_E_DIABETES,8328f2fffffffff,13.1
2024_E_DIABETES,8328f3fffffffff,12.0
2024_E_DIABETES,8328f4fffffffff,12.1
2024_E_DIABETES,8328f5fffffffff,13.1
2024_E_DIABETES,8328f6fffffffff,13.5
2024_E_DIABETES,832912fffffffff,8.1
2024_E_DIABETES,832913fffffffff,9.1
2024_E_DIABETES,83291afffffffff,10.9
2024_E_DIABETES,832980fffffffff,9.2
2024_E_DIABETES,832981fffffffff,11.5
2024_E_DIABETES,832982fffffffff,11.4
2024_E_DIABETES,832983fffffffff,9.5
2024_E_DIABETES,832984fffffffff,13.7
2024_E_DIABETES,832985fffffffff,12.8
2024_E_DIABETES,832986fffffffff,12.0
2024_E_DIABETES,832988fffffffff,15.8
2024_E_DIABETES,832989fffffffff,11.6
2024_E_DIABETES,83298afffffffff,11.4
2024_E_DIABETES,83298bfffffffff,11.7
2024_E_DIABETES,83298cfffffffff,14.9
2024_E_DIABETES,83298dfffffffff,12.6
2024_E_DIABETES,83298efffffffff,13.8
2024_E_DIABETES,832990fffffffff,12.6
2024_E_DIABETES,832991fffffffff,10.6
2024_E_DIABETES,832992fffffffff,12.6
2024_E_DIABETES,832993fffffffff,12.6
2024_E_DIABETES,832994fffffffff,10.8
2024_E_DIABETES,832995fffffffff,15.6
2024_E_DIABETES,832996fffffffff,18.5
2024_E_DIABETES,832998fffffffff,12.6
2024_E_DIABETES,832999fffffffff,12.3
2024_E_DIABETES,83299afffffffff,14.9
2024_E_DIABETES,83299bfffffffff,12.6
2024_E_DIABETES,83299cfffffffff,11.7
2024_E_DIABETES,83299dfffffffff,12.1
2024_E_DIABETES,83299efffffffff,12.6
2024_E_DIABETES,8329a0fffffffff,12.3
2024_E_DIABETES,8329a1fffffffff,11.9
2024_E_DIABETES,8329a2fffffffff,14.7
2024_E_DIABETES,8329a3fffffffff,13.5
2024_E_DIABETES,8329a4fffffffff,10.3
2024_E_DIABETES,8329a5fffffffff,10.9
2024_E_DIABETES,8329a6fffffffff,15.1
2024_E_DIABETES,8329a8fffffffff,14.3
2024_E_DIABETES,8329a9fffffffff,13.2
2024_E_DIABETES,8329aafffffffff,13.0
2024_E_DIABETES,8329abfffffffff,13.0
2024_E_DIABETES,8329acfffffffff,12.7
2024_E_DIABETES,8329adfffffffff,11.2
2024_E_DIABETES,8329aefffffffff,15.3
2024_E_DIABETES,8329b0fffffffff,15.2
2024_E_DIABETES,8329b1fffffffff,17.0
2024_E_DIABETES,8329b2fffffffff,12.5
2024_E_DIABETES,8329b3fffffffff,16.6
2024_E_DIABETES,8329b4fffffffff,15.4
2024_E_DIABETES,8329b5fffffffff,16.8
2024_E_DIABETES,8329b6fffffffff,14.0
2024_E_DIABETES,832a06fffffffff,10.4
2024_E_DIABETES,832a10fffffffff,9.1
2024_E_DIABETES,832a12fffffffff,11.0
2024_E_DIABETES,832a13fffffffff,10.3
2024_E_DIABETES,832a14fffffffff,10.3
2024_E_DIABETES,832a15fffffffff,10.4
2024_E_DIABETES,832a16fffffffff,11.8
2024_E_DIABETES,832a30fffffffff,9.0
2024_E_DIABETES,832a31fffffffff,9.9
2024_E_DIABETES,832a32fffffffff,10.2
2024_E_DIABETES,832a33fffffffff,10.0
2024_E_DIABETES,832a34fffffffff,10.0
2024_E_DIABETES,832a36fffffffff,10.6
2024_E_DIABETES,832a80fffffffff,15.1
2024_E_DIABETES,832a81fffffffff,16.8
2024_E_DIABETES,832a82fffffffff,15.7
2024_E_DIABETES,832a83fffffffff,18.0
2024_E_DIABETES,832a84fffffffff,11.9
2024_E_DIABETES,832a85fffffffff,14.1
2024_E_DIABETES,832a86fffffffff,14.6
2024_E_DIABETES,832a88fffffffff,17.3
2024_E_DIABETES,832a89fffffffff,16.1
2024_E_DIABETES,832a8afffffffff,14.8
2024_E_DIABETES,832a8bfffffffff,13.4
2024_E_DIABETES,832a8cfffffffff,14.5
2024_E_DIABETES,832a8dfffffffff,16.3
2024_E_DIABETES,832a8efffffffff,16.5
2024_E_DIABETES,832a90fffffffff,13.3
2024_E_DIABETES,832a91fffffffff,15.0
2024_E_DIABETES,832a92fffffffff,13.4
2024_E_DIABETES,832a93fffffffff,13.1
2024_E_DIABETES,832a94fffffffff,13.9
2024_E_DIABETES,832a95fffffffff,13.5
2024_E_DIABETES,832a96fffffffff,13.0
2024_E_DIABETES,832a98fffffffff,17.5
2024_E_DIABETES,832a99fffffffff,15.9
2024_E_DIABETES,832a9afffffffff,16.2
2024_E_DIABETES,832a9bfffffffff,16.9
2024_E_DIABETES,832a9cfffffffff,16.4
2024_E_DIABETES,832a9dfffffffff,18.2
2024_E_DIABETES,832a9efffffffff,15.9
2024_E_DIABETES,832aa0fffffffff,13.1
2024_E_DIABETES,832aa1fffffffff,11.9
2024_E_DIABETES,832aa2fffffffff,13.0
2024_E_DIABETES,832aa3fffffffff,12.3
2024_E_DIABETES,832aa4fffffffff,11.3
2024_E_DIABETES,832aa5fffffffff,12.3
2024_E_DIABETES,832aa6fffffffff,11.4
2024_E_DIABETES,832aa8fffffffff,11.7
2024_E_DIABETES,832aa9fffffffff,14.3
2024_E_DIABETES,832aaafffffffff,12.7
2024_E_DIABETES,832aabfffffffff,14.7
2024_E_DIABETES,832aacfffffffff,10.8
2024_E_DIABETES,832aadfffffffff,12.6
2024_E_DIABETES,832aaefffffffff,11.6
2024_E_DIABETES,832ab1fffffffff,13.7
2024_E_DIABETES,832ab2fffffffff,11.1
2024_E_DIABETES,832ab3fffffffff,13.4
2024_E_DIABETES,832ab5fffffffff,11.8
2024_E_DIABETES,832ab6fffffffff,11.8
2024_E_DIABETES,832ad0fffffffff,15.2
2024_E_DIABETES,832ad2fffffffff,17.9
2024_E_DIABETES,832ad3fffffffff,14.9
2024_E_DIABETES,832ad4fffffffff,15.2
2024_E_DIABETES,832ad5fffffffff,12.0
2024_E_DIABETES,832ad6fffffffff,12.1
2024_E_DIABETES,832af0fffffffff,12.2
2024_E_DIABETES,832af2fffffffff,18.1
2024_E_DIABETES,832af3fffffffff,16.6
2024_E_DIABETES,832af6fffffffff,15.1
2024_E_DIABETES,832b10fffffffff,14.6
2024_E_DIABETES,832b11fffffffff,13.8
2024_E_DIABETES,832b12fffffffff,14.4
2024_E_DIABETES,832b13fffffffff,14.5
2024_E_DIABETES,832b18fffffffff,12.8
2024_E_DIABETES,832b1afffffffff,11.0
2024_E_DIABETES,832b1bfffffffff,9.8
2024_E_DIABETES,832b1efffffffff,14.7
2024_E_DIABETES,832b81fffffffff,13.0
2024_E_DIABETES,832b88fffffffff,12.7
2024_E_DIABETES,832b89fffffffff,10.7
2024_E_DIABETES,832b8afffffffff,11.3
2024_E_DIABETES,832b8bfffffffff,11.7
2024_E_DIABETES,832b8cfffffffff,11.2
2024_E_DIABETES,832b8dfffffffff,10.0
2024_E_DIABETES,832b8efffffffff,11.9
2024_E_DIABETES,832b99fffffffff,10.8
2024_E_DIABETES,832b9bfffffffff,10.1
2024_E_DIABETES,832ba8fffffffff,15.6
2024_E_DIABETES,832ba9fffffffff,12.7
2024_E_DIABETES,832babfffffffff,9.7
2024_E_DIABETES,832bacfffffffff,13.9
2024_E_DIABETES,832badfffffffff,13.9
2024_E_DIABETES,834412fffffffff,15.3
2024_E_DIABETES,834413fffffffff,13.2
2024_E_DIABETES,834414fffffffff,9.6
2024_E_DIABETES,834416fffffffff,12.2
2024_E_DIABETES,83441afffffffff,13.1
2024_E_DIABETES,83441bfffffffff,16.1
2024_E_DIABETES,83441efffffffff,12.9
2024_E_DIABETES,834440fffffffff,17.1
2024_E_DIABETES,834441fffffffff,15.1
2024_E_DIABETES,834442fffffffff,17.4
2024_E_DIABETES,834443fffffffff,18.9
2024_E_DIABETES,834444fffffffff,15.8
2024_E_DIABETES,834445fffffffff,14.4
2024_E_DIABETES,834446fffffffff,13.7
2024_E_DIABETES,834448fffffffff,17.8
2024_E_DIABETES,834449fffffffff,16.7
2024_E_DIABETES,83444afffffffff,17.7
2024_E_DIABETES,83444bfffffffff,16.0
2024_E_DIABETES,83444cfffffffff,16.9
2024_E_DIABETES,83444dfffffffff,16.3
2024_E_DIABETES,83444efffffffff,17.0
2024_E_DIABETES,834450fffffffff,14.6
2024_E_DIABETES,834451fffffffff,15.5
2024_E_DIABETES,834452fffffffff,15.0
2024_E_DIABETES,834453fffffffff,19.7
2024_E_DIABETES,834455fffffffff,14.2
2024_E_DIABETES,834456fffffffff,12.6
2024_E_DIABETES,834458fffffffff,19.0
2024_E_DIABETES,834459fffffffff,20.1
2024_E_DIABETES,83445afffffffff,16.9
2024_E_DIABETES,83445bfffffffff,16.2
2024_E_DIABETES,83445cfffffffff,15.9
2024_E_DIABETES,83445dfffffffff,18.1
2024_E_DIABETES,83445efffffffff,17.3
2024_E_DIABETES,834463fffffffff,14.6
2024_E_DIABETES,834468fffffffff,16.8
2024_E_DIABETES,834469fffffffff,16.5
2024_E_DIABETES,83446afffffffff,16.6
2024_E_DIABETES,83446bfffffffff,15.8
2024_E_DIABETES,83446cfffffffff,14.1
2024_E_DIABETES,83446dfffffffff,14.0
2024_E_DIABETES,83446efffffffff,14.6
2024_E_DIABETES,834471fffffffff,15.6
2024_E_DIABETES,834473fffffffff,18.9
2024_E_DIABETES,8344a1fffffffff,9.8
2024_E_DIABETES,8344a5fffffffff,16.9
2024_E_DIABETES,8344a8fffffffff,14.0
2024_E_DIABETES,8344a9fffffffff,12.8
2024_E_DIABETES,8344abfffffffff,5.5
2024_E_DIABETES,8344acfffffffff,10.6
2024_E_DIABETES,8344adfffffffff,15.5
2024_E_DIABETES,8344aefffffffff,11.2
2024_E_DIABETES,8344c0fffffffff,16.2
2024_E_DIABETES,8344c1fffffffff,12.6
2024_E_DIABETES,8344c2fffffffff,15.2
2024_E_DIABETES,8344c3fffffffff,15.8
2024_E_DIABETES,8344c4fffffffff,15.8
2024_E_DIABETES,8344c5fffffffff,16.0
2024_E_DIABETES,8344c6fffffffff,15.3
2024_E_DIABETES,8344c8fffffffff,15.6
2024_E_DIABETES,8344c9fffffffff,16.2
2024_E_DIABETES,8344cafffffffff,12.1
2024_E_DIABETES,8344cbfffffffff,16.9
2024_E_DIABETES,8344ccfffffffff,13.0
2024_E_DIABETES,8344cdfffffffff,15.3
2024_E_DIABETES,8344cefffffffff,13.7
2024_E_DIABETES,8344d0fffffffff,14.8
2024_E_DIABETES,8344d1fffffffff,17.8
2024_E_DIABETES,8344d2fffffffff,18.7
2024_E_DIABETES,8344d3fffffffff,18.4
2024_E_DIABETES,8344d5fffffffff,13.3
2024_E_DIABETES,8344d8fffffffff,13.0
2024_E_DIABETES,8344d9fffffffff,13.8
2024_E_DIABETES,8344dafffffffff,13.4
2024_E_DIABETES,8344dbfffffffff,13.1
2024_E_DIABETES,8344dcfffffffff,15.2
2024_E_DIABETES,8344ddfffffffff,12.8
2024_E_DIABETES,8344defffffffff,15.7
2024_E_DIABETES,8344e0fffffffff,15.1
2024_E_DIABETES,8344e1fffffffff,15.8
2024_E_DIABETES,8344e2fffffffff,15.5
2024_E_DIABETES,8344e3fffffffff,17.8
2024_E_DIABETES,8344e4fffffffff,14.1
2024_E_DIABETES,8344e5fffffffff,12.3
2024_E_DIABETES,8344e6fffffffff,14.9
2024_E_DIABETES,8344e8fffffffff,14.9
2024_E_DIABETES,8344e9fffffffff,15.0
2024_E_DIABETES,8344eafffffffff,14.5
2024_E_DIABETES,8344ebfffffffff,14.5
2024_E_DIABETES,8344ecfffffffff,20.3
2024_E_DIABETES,8344edfffffffff,19.6
2024_E_DIABETES,8344eefffffffff,18.1
2024_E_DIABETES,8344f0fffffffff,12.7
2024_E_DIABETES,8344f1fffffffff,15.1
2024_E_DIABETES,8344f3fffffffff,14.4
2024_E_DIABETES,8344f4fffffffff,15.4
2024_E_DIABETES,8344f5fffffffff,15.3
2024_E_DIABETES,8344f6fffffffff,14.2
2024_E_DIABETES,834859fffffffff,13.9
2024_E_DIABETES,83485afffffffff,5.8
2024_E_DIABETES,83485bfffffffff,17.1
2024_E_DIABETES,834880fffffffff,20.2
2024_E_DIABETES,834881fffffffff,17.8
2024_E_DIABETES,834882fffffffff,18.3
2024_E_DIABETES,834883fffffffff,19.7
2024_E_DIABETES,834886fffffffff,23.0
2024_E_DIABETES,834888fffffffff,17.3
2024_E_DIABETES,834889fffffffff,17.0
2024_E_DIABETES,83488afffffffff,16.5
2024_E_DIABETES,83488bfffffffff,14.0
2024_E_DIABETES,83488cfffffffff,16.4
2024_E_DIABETES,83488dfffffffff,14.9
2024_E_DIABETES,83488efffffffff,20.1
2024_E_DIABETES,834890fffffffff,16.5
2024_E_DIABETES,834891fffffffff,16.5
2024_E_DIABETES,834892fffffffff,16.9
2024_E_DIABETES,834893fffffffff,16.4
2024_E_DIABETES,834895fffffffff,18.2
2024_E_DIABETES,834898fffffffff,14.4
2024_E_DIABETES,834899fffffffff,16.2
2024_E_DIABETES,83489afffffffff,14.0
2024_E_DIABETES,83489bfffffffff,15.1
2024_E_DIABETES,83489cfffffffff,14.7
2024_E_DIABETES,83489dfffffffff,18.2
2024_E_DIABETES,83489efffffffff,14.8
2024_E_DIABETES,8348abfffffffff,13.9
2024_E_DIABETES,8348b1fffffffff,20.5
2024_E_DIABETES,8348b2fffffffff,19.3
2024_E_DIABETES,8348b3fffffffff,21.5
2024_E_DIABETES,8348c0fffffffff,17.4
2024_E_DIABETES,8348c1fffffffff,16.4
2024_E_DIABETES,8348c2fffffffff,13.9
2024_E_DIABETES,8348c3fffffffff,16.5
2024_E_DIABETES,8348c4fffffffff,17.0
2024_E_DIABETES,8348c5fffffffff,15.2
2024_E_DIABETES,8348c6fffffffff,12.5
2024_E_DIABETES,8348c8fffffffff,19.8
2024_E_DIABETES,8348c9fffffffff,17.6
2024_E_DIABETES,8348cafffffffff,19.9
2024_E_DIABETES,8348cbfffffffff,22.7
2024_E_DIABETES,8348ccfffffffff,17.8
2024_E_DIABETES,8348cdfffffffff,13.6
2024_E_DIABETES,8348cefffffffff,16.6
2024_E_DIABETES,8348d0fffffffff,11.9
2024_E_DIABETES,8348d1fffffffff,13.7
2024_E_DIABETES,8348d2fffffffff,15.7
2024_E_DIABETES,8348d3fffffffff,13.7
2024_E_DIABETES,8348d4fffffffff,15.0
2024_E_DIABETES,8348d5fffffffff,13.1
2024_E_DIABETES,8348d6fffffffff,13.4
2024_E_DIABETES,8348d8fffffffff,13.2
2024_E_DIABETES,8348d9fffffffff,18.8
2024_E_DIABETES,8348dafffffffff,17.0
2024_E_DIABETES,8348dbfffffffff,15.8
2024_E_DIABETES,8348dcfffffffff,16.8
2024_E_DIABETES,8348ddfffffffff,17.5
2024_E_DIABETES,8348defffffffff,16.8
2024_E_DIABETES,8348e3fffffffff,15.1
2024_E_DIABETES,8348e8fffffffff,16.1
2024_E_DIABETES,8348e9fffffffff,14.3
2024_E_DIABETES,8348eafffffffff,15.2
2024_E_DIABETES,8348ebfffffffff,16.1
2024_E_DIABETES,8348ecfffffffff,16.5
2024_E_DIABETES,8348edfffffffff,20.1
2024_E_DIABETES,8348eefffffffff,14.4
2024_E_DIABETES,8348f2fffffffff,19.8
2024_E_DIABETES,8348f3fffffffff,18.2
2024_E_DIABETES,8348f6fffffffff,22.3
2024_E_DISABL,8312c9fffffffff,15.6
2024_E_DISABL,8312cafffffffff,16.4
2024_E_DISABL,8312cbfffffffff,11.2
2024_E_DISABL,8312d8fffffffff,19.6
2024_E_DISABL,8312d9fffffffff,19.3
2024_E_DISABL,8312dafffffffff,22.0
2024_E_DISABL,8312dbfffffffff,17.5
2024_E_DISABL,8312ddfffffffff,16.7
2024_E_DISABL,8312defffffffff,26.0
2024_E_DISABL,832600fffffffff,11.7
2024_E_DISABL,832601fffffffff,12.1
2024_E_DISABL,832602fffffffff,12.3
2024_E_DISABL,832603fffffffff,13.0
2024_E_DISABL,832604fffffffff,10.6
2024_E_DISABL,832605fffffffff,11.7
2024_E_DISABL,832606fffffffff,11.8
2024_E_DISABL,832608fffffffff,12.7
2024_E_DISABL,832609fffffffff,16.1
2024_E_DISABL,83260afffffffff,13.0
2024_E_DISABL,83260bfffffffff,15.5
2024_E_DISABL,83260cfffffffff,11.7
2024_E_DISABL,83260dfffffffff,11.3
2024_E_DISABL,83260efffffffff,12.0
2024_E_DISABL,832610fffffffff,9.7
2024_E_DISABL,832611fffffffff,12.6
2024_E_DISABL,832612fffffffff,15.5
2024_E_DISABL,832613fffffffff,14.9
2024_E_DISABL,832614fffffffff,12.4
2024_E_DISABL,832615fffffffff,11.1
2024_E_DISABL,832616fffffffff,12.1
2024_E_DISABL,832618fffffffff,13.3
2024_E_DISABL,832619fffffffff,13.4
2024_E_DISABL,83261afffffffff,15.1
2024_E_DISABL,83261bfffffffff,16.6
2024_E_DISABL,83261cfffffffff,14.6
2024_E_DISABL,83261dfffffffff,12.7
2024_E_DISABL,83261efffffffff,13.9
2024_E_DISABL,832620fffffffff,12.5
2024_E_DISABL,832621fffffffff,10.3
2024_E_DISABL,832622fffffffff,11.6
2024_E_DISABL,832623fffffffff,12.6
2024_E_DISABL,832624fffffffff,14.6
2024_E_DISABL,832625fffffffff,14.7
2024_E_DISABL,832626fffffffff,9.9
2024_E_DISABL,832628fffffffff,12.5
2024_E_DISABL,832629fffffffff,11.7
2024_E_DISABL,83262afffffffff,14.2
2024_E_DISABL,83262bfffffffff,11.4
2024_E_DISABL,83262cfffffffff,9.2
2024_E_DISABL,83262dfffffffff,10.8
2024_E_DISABL,83262efffffffff,11.9
2024_E_DISABL,832630fffffffff,12.5
2024_E_DISABL,832631fffffffff,10.1
2024_E_DISABL,832632fffffffff,10.1
2024_E_DISABL,832633fffffffff,10.7
2024_E_DISABL,832634fffffffff,10.8
2024_E_DISABL,832635fffffffff,11.0
2024_E_DISABL,832636fffffffff,11.6
2024_E_DISABL,832640fffffffff,16.0
2024_E_DISABL,832641fffffffff,20.7
2024_E_DISABL,832642fffffffff,20.0
2024_E_DISABL,832643fffffffff,19.0
2024_E_DISABL,832644fffffffff,14.6
2024_E_DISABL,832645fffffffff,17.3
2024_E_DISABL,832646fffffffff,15.2
2024_E_DISABL,832648fffffffff,19.7
2024_E_DISABL,832649fffffffff,16.4
2024_E_DISABL,83264afffffffff,19.5
2024_E_DISABL,83264bfffffffff,19.5
2024_E_DISABL,83264cfffffffff,19.8
2024_E_DISABL,83264dfffffffff,13.0
2024_E_DISABL,83264efffffffff,21.1
2024_E_DISABL,832650fffffffff,19.1
2024_E_DISABL,832651fffffffff,18.8
2024_E_DISABL,832652fffffffff,15.7
2024_E_DISABL,832653fffffffff,16.3
2024_E_DISABL,832654fffffffff,14.7
2024_E_DISABL,832655fffffffff,14.4
2024_E_DISABL,832656fffffffff,13.0
2024_E_DISABL,832658fffffffff,23.0
2024_E_DISABL,832659fffffffff,20.0
2024_E_DISABL,83265afffffffff,22.8
2024_E_DISABL,83265bfffffffff,20.7
2024_E_DISABL,83265cfffffffff,24.3
2024_E_DISABL,83265dfffffffff,23.0
2024_E_DISABL,83265efffffffff,21.2
2024_E_DISABL,832660fffffffff,14.8
2024_E_DISABL,832661fffffffff,13.8
2024_E_DISABL,832662fffffffff,11.2
2024_E_DISABL,832663fffffffff,13.9
2024_E_DISABL,832664fffffffff,13.0
2024_E_DISABL,832665fffffffff,13.9
2024_E_DISABL,832666fffffffff,12.3
2024_E_DISABL,832668fffffffff,16.1
2024_E_DISABL,832669fffffffff,20.0
2024_E_DISABL,83266afffffffff,18.9
2024_E_DISABL,83266bfffffffff,18.3
2024_E_DISABL,83266cfffffffff,15.1
2024_E_DISABL,83266dfffffffff,15.8
2024_E_DISABL,83266efffffffff,16.3
2024_E_DISABL,832670fffffffff,14.7
2024_E_DISABL,832671fffffffff,16.8
2024_E_DISABL,832672fffffffff,14.0
2024_E_DISABL,832673fffffffff,15.3
2024_E_DISABL,832674fffffffff,10.3
2024_E_DISABL,832675fffffffff,12.5
2024_E_DISABL,832676fffffffff,13.1
2024_E_DISABL,832680fffffffff,11.3
2024_E_DISABL,832681fffffffff,9.7
2024_E_DISABL,832682fffffffff,16.7
2024_E_DISABL,832683fffffffff,8.9
2024_E_DISABL,832684fffffffff,15.4
2024_E_DISABL,832685fffffffff,14.6
2024_E_DISABL,832686fffffffff,21.0
2024_E_DISABL,832688fffffffff,17.5
2024_E_DISABL,832689fffffffff,23.4
2024_E_DISABL,83268afffffffff,17.3
2024_E_DISABL,83268bfffffffff,24.1
2024_E_DISABL,83268cfffffffff,11.6
2024_E_DISABL,83268dfffffffff,15.2
2024_E_DISABL,83268efffffffff,13.8
2024_E_DISABL,832690fffffffff,12.9
2024_E_DISABL,832691fffffffff,15.7
2024_E_DISABL,832692fffffffff,11.9
2024_E_DISABL,832693fffffffff,16.0
2024_E_DISABL,832694fffffffff,12.5
2024_E_DISABL,832695fffffffff,14.5
2024_E_DISABL,832696fffffffff,8.1
2024_E_DISABL,832698fffffffff,13.4
2024_E_DISABL,832699fffffffff,15.0
2024_E_DISABL,83269afffffffff,21.2
2024_E_DISABL,83269bfffffffff,16.3
2024_E_DISABL,83269cfffffffff,15.2
2024_E_DISABL,83269dfffffffff,13.3
2024_E_DISABL,83269efffffffff,17.1
2024_E_DISABL,8326a0fffffffff,10.7
2024_E_DISABL,8326a1fffffffff,15.6
2024_E_DISABL,8326a2fffffffff,16.6
2024_E_DISABL,8326a3fffffffff,15.5
2024_E_DISABL,8326a4fffffffff,12.3
2024_E_DISABL,8326a5fffffffff,16.8
2024_E_DISABL,8326a6fffffffff,12.3
2024_E_DISABL,8326a8fffffffff,13.9
2024_E_DISABL,8326a9fffffffff,13.1
2024_E_DISABL,8326aafffffffff,9.3
2024_E_DISABL,8326abfffffffff,12.7
2024_E_DISABL,8326acfffffffff,15.2
2024_E_DISABL,8326adfffffffff,14.4
2024_E_DISABL,8326aefffffffff,13.1
2024_E_DISABL,8326b0fffffffff,16.2
2024_E_DISABL,8326b1fffffffff,23.7
2024_E_DISABL,8326b2fffffffff,12.9
2024_E_DISABL,8326b3fffffffff,20.5
2024_E_DISABL,8326b4fffffffff,12.9
2024_E_DISABL,8326b5fffffffff,16.4
2024_E_DISABL,8326b6fffffffff,9.5
2024_E_DISABL,8326c0fffffffff,17.1
2024_E_DISABL,8326c1fffffffff,17.2
2024_E_DISABL,8326c2fffffffff,18.0
2024_E_DISABL,8326c3fffffffff,22.4
2024_E_DISABL,8326c4fffffffff,18.0
2024_E_DISABL,8326c5fffffffff,17.5
2024_E_DISABL,8326c6fffffffff,18.1
2024_E_DISABL,8326c8fffffffff,12.5
2024_E_DISABL,8326c9fffffffff,16.6
2024_E_DISABL,8326cafffffffff,14.7
2024_E_DISABL,8326cbfffffffff,14.6
2024_E_DISABL,8326ccfffffffff,21.8
2024_E_DISABL,8326cdfffffffff,19.6
2024_E_DISABL,8326cefffffffff,21.7
2024_E_DISABL,8326d0fffffffff,12.2
2024_E_DISABL,8326d1fffffffff,12.7
2024_E_DISABL,8326d2fffffffff,22.2
2024_E_DISABL,8326d3fffffffff,10.2
2024_E_DISABL,8326d4fffffffff,21.4
2024_E_DISABL,8326d5fffffffff,14.5
2024_E_DISABL,8326d6fffffffff,22.2
2024_E_DISABL,8326d8fffffffff,17.7
2024_E_DISABL,8326d9fffffffff,19.3
2024_E_DISABL,8326dafffffffff,16.0
2024_E_DISABL,8326dbfffffffff,16.6
2024_E_DISABL,8326dcfffffffff,20.0
2024_E_DISABL,8326ddfffffffff,21.3
2024_E_DISABL,8326defffffffff,17.3
2024_E_DISABL,8326e0fffffffff,14.9
2024_E_DISABL,8326e1fffffffff,18.0
2024_E_DISABL,8326e2fffffffff,16.3
2024_E_DISABL,8326e3fffffffff,14.7
2024_E_DISABL,8326e4fffffffff,14.1
2024_E_DISABL,8326e5fffffffff,14.6
2024_E_DISABL,8326e6fffffffff,15.6
2024_E_DISABL,8326e8fffffffff,21.9
2024_E_DISABL,8326e9fffffffff,21.5
2024_E_DISABL,8326eafffffffff,19.8
2024_E_DISABL,8326ebfffffffff,24.4
2024_E_DISABL,8326ecfffffffff,17.6
2024_E_DISABL,8326edfffffffff,16.2
2024_E_DISABL,8326eefffffffff,18.7
2024_E_DISABL,8326f0fffffffff,14.5
2024_E_DISABL,8326f1fffffffff,15.8
2024_E_DISABL,8326f2fffffffff,15.2
2024_E_DISABL,8326f3fffffffff,11.2
2024_E_DISABL,8326f4fffffffff,16.4
2024_E_DISABL,8326f5fffffffff,15.9
2024_E_DISABL,8326f6fffffffff,15.4
2024_E_DISABL,832708fffffffff,18.9
2024_E_DISABL,832709fffffffff,14.8
2024_E_DISABL,83270afffffffff,15.8
2024_E_DISABL,83270bfffffffff,17.4
2024_E_DISABL,83270dfffffffff,16.3
2024_E_DISABL,83270efffffffff,11.8
2024_E_DISABL,832718fffffffff,12.8
2024_E_DISABL,832719fffffffff,11.8
2024_E_DISABL,83271afffffffff,13.3
2024_E_DISABL,83271bfffffffff,10.8
2024_E_DISABL,83271cfffffffff,11.0
2024_E_DISABL,83271dfffffffff,11.1
2024_E_DISABL,83271efffffffff,13.3
2024_E_DISABL,832740fffffffff,16.3
2024_E_DISABL,832741fffffffff,17.0
2024_E_DISABL,832742fffffffff,16.3
2024_E_DISABL,832743fffffffff,10.3
2024_E_DISABL,832744fffffffff,18.3
2024_E_DISABL,832745fffffffff,15.9
2024_E_DISABL,832746fffffffff,18.2
2024_E_DISABL,832748fffffffff,12.1
2024_E_DISABL,832749fffffffff,13.7
2024_E_DISABL,83274bfffffffff,13.1
2024_E_DISABL,83274cfffffffff,18.3
2024_E_DISABL,83274dfffffffff,13.8
2024_E_DISABL,83274efffffffff,17.6
2024_E_DISABL,832750fffffffff,16.1
2024_E_DISABL,832751fffffffff,12.2
2024_E_DISABL,832752fffffffff,12.3
2024_E_DISABL,832753fffffffff,12.0
2024_E_DISABL,832754fffffffff,16.1
2024_E_DISABL,832755fffffffff,16.0
2024_E_DISABL,832756fffffffff,16.0
2024_E_DISABL,832758fffffffff,10.5
2024_E_DISABL,832759fffffffff,10.5
2024_E_DISABL,83275afffffffff,11.3
2024_E_DISABL,83275bfffffffff,13.2
2024_E_DISABL,83275cfffffffff,13.3
2024_E_DISABL,83275dfffffffff,9.6
2024_E_DISABL,83275efffffffff,13.5
2024_E_DISABL,832763fffffffff,21.5
2024_E_DISABL,832768fffffffff,19.5
2024_E_DISABL,83276afffffffff,20.5
2024_E_DISABL,83276bfffffffff,17.4
2024_E_DISABL,83276efffffffff,18.9
2024_E_DISABL,832770fffffffff,48.0
2024_E_DISABL,832771fffffffff,13.8
2024_E_DISABL,832772fffffffff,15.0
2024_E_DISABL,832773fffffffff,16.9
2024_E_DISABL,832780fffffffff,14.4
2024_E_DISABL,832781fffffffff,12.7
2024_E_DISABL,832782fffffffff,11.4
2024_E_DISABL,832783fffffffff,16.9
2024_E_DISABL,832784fffffffff,17.1
2024_E_DISABL,832785fffffffff,15.3
2024_E_DISABL,832786fffffffff,16.0
2024_E_DISABL,832788fffffffff,11.1
2024_E_DISABL,832789fffffffff,11.7
2024_E_DISABL,83278afffffffff,15.9
2024_E_DISABL,83278bfffffffff,14.7
2024_E_DISABL,83278cfffffffff,14.8
2024_E_DISABL,83278dfffffffff,14.0
2024_E_DISABL,83278efffffffff,13.5
2024_E_DISABL,832790fffffffff,12.5
2024_E_DISABL,832791fffffffff,12.8
2024_E_DISABL,832792fffffffff,14.3
2024_E_DISABL,832793fffffffff,12.9
2024_E_DISABL,832794fffffffff,14.6
2024_E_DISABL,832795fffffffff,15.4
2024_E_DISABL,832796fffffffff,15.5
2024_E_DISABL,832798fffffffff,12.7
2024_E_DISABL,832799fffffffff,10.8
2024_E_DISABL,83279afffffffff,13.2
2024_E_DISABL,83279bfffffffff,16.0
2024_E_DISABL,83279cfffffffff,16.6
2024_E_DISABL,83279dfffffffff,16.1
2024_E_DISABL,83279efffffffff,15.0
2024_E_DISABL,8327a3fffffffff,19.5
2024_E_DISABL,8327a8fffffffff,12.8
2024_E_DISABL,8327a9fffffffff,12.2
2024_E_DISABL,8327aafffffffff,12.3
2024_E_DISABL,8327abfffffffff,12.6
2024_E_DISABL,8327acfffffffff,11.5
2024_E_DISABL,8327adfffffffff,12.6
2024_E_DISABL,8327aefffffffff,12.7
2024_E_DISABL,8327b3fffffffff,13.7
2024_E_DISABL,832800fffffffff,21.8
2024_E_DISABL,832802fffffffff,19.2
2024_E_DISABL,832806fffffffff,19.2
2024_E_DISABL,832810fffffffff,18.5
2024_E_DISABL,832811fffffffff,21.1
2024_E_DISABL,832812fffffffff,14.3
2024_E_DISABL,832813fffffffff,20.2
2024_E_DISABL,832814fffffffff,20.3
2024_E_DISABL,832815fffffffff,17.9
2024_E_DISABL,832816fffffffff,14.3
2024_E_DISABL,832818fffffffff,22.6
2024_E_DISABL,83281afffffffff,22.4
2024_E_DISABL,83281bfffffffff,20.3
2024_E_DISABL,83281cfffffffff,21.9
2024_E_DISABL,83281efffffffff,16.7
2024_E_DISABL,832830fffffffff,12.2
2024_E_DISABL,832831fffffffff,12.6
2024_E_DISABL,832832fffffffff,13.4
2024_E_DISABL,832833fffffffff,16.9
2024_E_DISABL,832834fffffffff,9.2
2024_E_DISABL,832835fffffffff,17.8
2024_E_DISABL,832836fffffffff,13.8
2024_E_DISABL,832880fffffffff,17.0
2024_E_DISABL,832881fffffffff,20.4
2024_E_DISABL,832882fffffffff,21.0
2024_E_DISABL,832883fffffffff,19.0
2024_E_DISABL,832884fffffffff,14.2
2024_E_DISABL,832885fffffffff,14.5
2024_E_DISABL,832886fffffffff,20.8
2024_E_DISABL,832888fffffffff,13.6
2024_E_DISABL,832889fffffffff,9.5
2024_E_DISABL,83288afffffffff,18.1
2024_E_DISABL,83288bfffffffff,19.3
2024_E_DISABL,83288cfffffffff,21.3
2024_E_DISABL,83288dfffffffff,16.9
2024_E_DISABL,83288efffffffff,18.0
2024_E_DISABL,832890fffffffff,16.6
2024_E_DISABL,832891fffffffff,19.5
2024_E_DISABL,832892fffffffff,9.9
2024_E_DISABL,832893fffffffff,15.9
2024_E_DISABL,832894fffffffff,12.6
2024_E_DISABL,832895fffffffff,21.9
2024_E_DISABL,832896fffffffff,9.5
2024_E_DISABL,832898fffffffff,18.1
2024_E_DISABL,832899fffffffff,21.8
2024_E_DISABL,83289afffffffff,13.3
2024_E_DISABL,83289bfffffffff,17.1
2024_E_DISABL,83289cfffffffff,25.2
2024_E_DISABL,83289dfffffffff,21.9
2024_E_DISABL,83289efffffffff,17.7
2024_E_DISABL,8328a0fffffffff,16.4
2024_E_DISABL,8328a1fffffffff,18.4
2024_E_DISABL,8328a2fffffffff,15.7
2024_E_DISABL,8328a3fffffffff,14.1
2024_E_DISABL,8328a4fffffffff,15.2
2024_E_DISABL,8328a5fffffffff,18.0
2024_E_DISABL,8328a6fffffffff,14.6
2024_E_DISABL,8328a8fffffffff,22.2
2024_E_DISABL,8328a9fffffffff,15.8
2024_E_DISABL,8328aafffffffff,22.1
2024_E_DISABL,8328abfffffffff,22.3
2024_E_DISABL,8328acfffffffff,20.5
2024_E_DISABL,8328adfffffffff,23.1
2024_E_DISABL,8328aefffffffff,18.8
2024_E_DISABL,8328b0fffffffff,13.5
2024_E_DISABL,8328b1fffffffff,14.3
2024_E_DISABL,8328b2fffffffff,14.3
2024_E_DISABL,8328b3fffffffff,15.1
2024_E_DISABL,8328b4fffffffff,9.8
2024_E_DISABL,8328b5fffffffff,13.0
2024_E_DISABL,8328b6fffffffff,10.1
2024_E_DISABL,8328c2fffffffff,26.3
2024_E_DISABL,8328c6fffffffff,20.7
2024_E_DISABL,8328d0fffffffff,16.3
2024_E_DISABL,8328d1fffffffff,13.8
2024_E_DISABL,8328d2fffffffff,14.6
2024_E_DISABL,8328d3fffffffff,19.9
2024_E_DISABL,8328d4fffffffff,14.5
2024_E_DISABL,8328d5fffffffff,19.3
2024_E_DISABL,8328d6fffffffff,18.3
2024_E_DISABL,8328defffffffff,13.8
2024_E_DISABL,8328f0fffffffff,12.2
2024_E_DISABL,8328f1fffffffff,19.7
2024_E_DISABL,8328f2fffffffff,12.0
2024_E_DISABL,8328f3fffffffff,18.2
2024_E_DISABL,8328f4fffffffff,16.8
2024_E_DISABL,8328f5fffffffff,19.9
2024_E_DISABL,8328f6fffffffff,17.7
2024_E_DISABL,832912fffffffff,23.7
2024_E_DISABL,832913fffffffff,9.0
2024_E_DISABL,83291afffffffff,7.9
2024_E_DISABL,832980fffffffff,15.8
2024_E_DISABL,832981fffffffff,18.1
2024_E_DISABL,832982fffffffff,23.7
2024_E_DISABL,832983fffffffff,11.7
2024_E_DISABL,832984fffffffff,17.2
2024_E_DISABL,832985fffffffff,18.6
2024_E_DISABL,832986fffffffff,18.5
2024_E_DISABL,832988fffffffff,20.1
2024_E_DISABL,832989fffffffff,13.9
2024_E_DISABL,83298afffffffff,14.2
2024_E_DISABL,83298bfffffffff,18.9
2024_E_DISABL,83298cfffffffff,14.2
2024_E_DISABL,83298dfffffffff,17.0
2024_E_DISABL,83298efffffffff,13.5
2024_E_DISABL,832990fffffffff,14.1
2024_E_DISABL,832991fffffffff,13.2
2024_E_DISABL,832992fffffffff,14.2
2024_E_DISABL,832993fffffffff,13.7
2024_E_DISABL,832994fffffffff,17.3
2024_E_DISABL,832995fffffffff,22.8
2024_E_DISABL,832996fffffffff,20.8
2024_E_DISABL,832998fffffffff,20.5
2024_E_DISABL,832999fffffffff,17.8
2024_E_DISABL,83299afffffffff,9.1
2024_E_DISABL,83299bfffffffff,12.7
2024_E_DISABL,83299cfffffffff,15.2
2024_E_DISABL,83299dfffffffff,12.6
2024_E_DISABL,83299efffffffff,14.4
2024_E_DISABL,8329a0fffffffff,13.4
2024_E_DISABL,8329a1fffffffff,13.2
2024_E_DISABL,8329a2fffffffff,17.9
2024_E_DISABL,8329a3fffffffff,15.3
2024_E_DISABL,8329a4fffffffff,10.5
2024_E_DISABL,8329a5fffffffff,8.6
2024_E_DISABL,8329a6fffffffff,12.9
2024_E_DISABL,8329a8fffffffff,9.7
2024_E_DISABL,8329a9fffffffff,10.2
2024_E_DISABL,8329aafffffffff,18.4
2024_E_DISABL,8329abfffffffff,16.1
2024_E_DISABL,8329acfffffffff,11.0
2024_E_DISABL,8329adfffffffff,9.6
2024_E_DISABL,8329aefffffffff,21.3
2024_E_DISABL,8329b0fffffffff,24.2
2024_E_DISABL,8329b1fffffffff,26.2
2024_E_DISABL,8329b2fffffffff,17.8
2024_E_DISABL,8329b3fffffffff,24.9
2024_E_DISABL,8329b4fffffffff,19.3
2024_E_DISABL,8329b5fffffffff,19.6
2024_E_DISABL,8329b6fffffffff,17.6
2024_E_DISABL,832a06fffffffff,6.3
2024_E_DISABL,832a10fffffffff,9.0
2024_E_DISABL,832a12fffffffff,12.6
2024_E_DISABL,832a13fffffffff,12.9
2024_E_DISABL,832a14fffffffff,11.1
2024_E_DISABL,832a15fffffffff,10.8
2024_E_DISABL,832a16fffffffff,15.3
2024_E_DISABL,832a30fffffffff,10.2
2024_E_DISABL,832a31fffffffff,12.3
2024_E_DISABL,832a32fffffffff,12.8
2024_E_DISABL,832a33fffffffff,11.5
2024_E_DISABL,832a34fffffffff,12.7
2024_E_DISABL,832a36fffffffff,14.1
2024_E_DISABL,832a80fffffffff,18.3
2024_E_DISABL,832a81fffffffff,16.9
2024_E_DISABL,832a82fffffffff,19.1
2024_E_DISABL,832a83fffffffff,21.1
2024_E_DISABL,832a84fffffffff,15.4
2024_E_DISABL,832a85fffffffff,17.8
2024_E_DISABL,832a86fffffffff,15.4
2024_E_DISABL,832a88fffffffff,18.2
2024_E_DISABL,832a89fffffffff,17.4
2024_E_DISABL,832a8afffffffff,16.6
2024_E_DISABL,832a8bfffffffff,15.1
2024_E_DISABL,832a8cfffffffff,14.2
2024_E_DISABL,832a8dfffffffff,16.5
2024_E_DISABL,832a8efffffffff,18.9
2024_E_DISABL,832a90fffffffff,12.8
2024_E_DISABL,832a91fffffffff,18.9
2024_E_DISABL,832a92fffffffff,15.9
2024_E_DISABL,832a93fffffffff,14.0
2024_E_DISABL,832a94fffffffff,12.6
2024_E_DISABL,832a95fffffffff,13.1
2024_E_DISABL,832a96fffffffff,12.4
2024_E_DISABL,832a98fffffffff,30.3
2024_E_DISABL,832a99fffffffff,23.3
2024_E_DISABL,832a9afffffffff,23.3
2024_E_DISABL,832a9bfffffffff,26.7
2024_E_DISABL,832a9cfffffffff,21.4
2024_E_DISABL,832a9dfffffffff,27.2
2024_E_DISABL,832a9efffffffff,21.7
2024_E_DISABL,832aa0fffffffff,17.7
2024_E_DISABL,832aa1fffffffff,13.7
2024_E_DISABL,832aa2fffffffff,17.2
2024_E_DISABL,832aa3fffffffff,16.0
2024_E_DISABL,832aa4fffffffff,13.8
2024_E_DISABL,832aa5fffffffff,15.0
2024_E_DISABL,832aa6fffffffff,15.0
2024_E_DISABL,832aa8fffffffff,11.0
2024_E_DISABL,832aa9fffffffff,14.9
2024_E_DISABL,832aaafffffffff,12.2
2024_E_DISABL,832aabfffffffff,13.2
2024_E_DISABL,832aacfffffffff,10.9
2024_E_DISABL,832aadfffffffff,14.8
2024_E_DISABL,832aaefffffffff,13.0
2024_E_DISABL,832ab1fffffffff,15.2
2024_E_DISABL,832ab2fffffffff,13.0
2024_E_DISABL,832ab3fffffffff,12.6
2024_E_DISABL,832ab5fffffffff,14.6
2024_E_DISABL,832ab6fffffffff,15.2
2024_E_DISABL,832ad0fffffffff,17.2
2024_E_DISABL,832ad2fffffffff,17.3
2024_E_DISABL,832ad3fffffffff,17.6
2024_E_DISABL,832ad4fffffffff,18.1
2024_E_DISABL,832ad5fffffffff,15.3
2024_E_DISABL,832ad6fffffffff,14.2
2024_E_DISABL,832af0fffffffff,14.1
2024_E_DISABL,832af2fffffffff,19.6
2024_E_DISABL,832af3fffffffff,20.1
2024_E_DISABL,832af6fffffffff,15.1
2024_E_DISABL,832b10fffffffff,22.8
2024_E_DISABL,832b11fffffffff,21.1
2024_E_DISABL,832b12fffffffff,22.7
2024_E_DISABL,832b13fffffffff,22.6
2024_E_DISABL,832b18fffffffff,21.8
2024_E_DISABL,832b1afffffffff,16.6
2024_E_DISABL,832b1bfffffffff,9.6
2024_E_DISABL,832b1efffffffff,23.2
2024_E_DISABL,832b81fffffffff,18.1
2024_E_DISABL,832b88fffffffff,17.4
2024_E_DISABL,832b89fffffffff,13.7
2024_E_DISABL,832b8afffffffff,14.2
2024_E_DISABL,832b8bfffffffff,15.4
2024_E_DISABL,832b8cfffffffff,16.0
2024_E_DISABL,832b8dfffffffff,14.6
2024_E_DISABL,832b8efffffffff,16.2
2024_E_DISABL,832b99fffffffff,13.1
2024_E_DISABL,832b9bfffffffff,12.9
2024_E_DISABL,832ba8fffffffff,22.9
2024_E_DISABL,832ba9fffffffff,18.5
2024_E_DISABL,832babfffffffff,15.2
2024_E_DISABL,832bacfffffffff,21.0
2024_E_DISABL,832badfffffffff,20.6
2024_E_DISABL,834412fffffffff,3.7
2024_E_DISABL,834413fffffffff,12.9
2024_E_DISABL,834414fffffffff,10.0
2024_E_DISABL,834416fffffffff,10.7
2024_E_DISABL,83441afffffffff,15.4
2024_E_DISABL,83441bfffffffff,23.5
2024_E_DISABL,83441efffffffff,13.6
2024_E_DISABL,834440fffffffff,18.8
2024_E_DISABL,834441fffffffff,18.6
2024_E_DISABL,834442fffffffff,22.9
2024_E_DISABL,834443fffffffff,16.5
2024_E_DISABL,834444fffffffff,18.5
2024_E_DISABL,834445fffffffff,17.7
2024_E_DISABL,834446fffffffff,15.2
2024_E_DISABL,834448fffffffff,21.8
2024_E_DISABL,834449fffffffff,21.4
2024_E_DISABL,83444afffffffff,21.7
2024_E_DISABL,83444bfffffffff,22.4
2024_E_DISABL,83444cfffffffff,17.9
2024_E_DISABL,83444dfffffffff,19.1
2024_E_DISABL,83444efffffffff,17.4
2024_E_DISABL,834450fffffffff,17.3
2024_E_DISABL,834451fffffffff,21.5
2024_E_DISABL,834452fffffffff,18.8
2024_E_DISABL,834453fffffffff,19.7
2024_E_DISABL,834455fffffffff,18.6
2024_E_DISABL,834456fffffffff,15.3
2024_E_DISABL,834458fffffffff,23.1
2024_E_DISABL,834459fffffffff,18.4
2024_E_DISABL,83445afffffffff,17.2
2024_E_DISABL,83445bfffffffff,18.8
2024_E_DISABL,83445cfffffffff,17.0
2024_E_DISABL,83445dfffffffff,22.5
2024_E_DISABL,83445efffffffff,21.6
2024_E_DISABL,834463fffffffff,20.9
2024_E_DISABL,834468fffffffff,22.0
2024_E_DISABL,834469fffffffff,20.6
2024_E_DISABL,83446afffffffff,19.9
2024_E_DISABL,83446bfffffffff,16.5
2024_E_DISABL,83446cfffffffff,12.5
2024_E_DISABL,83446dfffffffff,13.5
2024_E_DISABL,83446efffffffff,16.7
2024_E_DISABL,834471fffffffff,17.3
2024_E_DISABL,834473fffffffff,18.6
2024_E_DISABL,8344a1fffffffff,8.1
2024_E_DISABL,8344a5fffffffff,8.2
2024_E_DISABL,8344a8fffffffff,16.1
2024_E_DISABL,8344a9fffffffff,13.4
2024_E_DISABL,8344abfffffffff,6.3
2024_E_DISABL,8344acfffffffff,9.7
2024_E_DISABL,8344adfffffffff,16.9
2024_E_DISABL,8344aefffffffff,11.7
2024_E_DISABL,8344c0fffffffff,17.7
2024_E_DISABL,8344c1fffffffff,12.2
2024_E_DISABL,8344c2fffffffff,16.0
2024_E_DISABL,8344c3fffffffff,16.8
2024_E_DISABL,8344c4fffffffff,16.7
2024_E_DISABL,8344c5fffffffff,17.9
2024_E_DISABL,8344c6fffffffff,17.8
2024_E_DISABL,8344c8fffffffff,20.6
2024_E_DISABL,8344c9fffffffff,19.6
2024_E_DISABL,8344cafffffffff,17.4
2024_E_DISABL,8344cbfffffffff,24.0
2024_E_DISABL,8344ccfffffffff,15.1
2024_E_DISABL,8344cdfffffffff,19.5
2024_E_DISABL,8344cefffffffff,17.1
2024_E_DISABL,8344d0fffffffff,14.7
2024_E_DISABL,8344d1fffffffff,18.3
2024_E_DISABL,8344d2fffffffff,20.3
2024_E_DISABL,8344d3fffffffff,17.8
2024_E_DISABL,8344d5fffffffff,13.6
2024_E_DISABL,8344d8fffffffff,15.5
2024_E_DISABL,8344d9fffffffff,19.4
2024_E_DISABL,8344dafffffffff,15.4
2024_E_DISABL,8344dbfffffffff,16.7
2024_E_DISABL,8344dcfffffffff,16.2
2024_E_DISABL,8344ddfffffffff,15.2
2024_E_DISABL,8344defffffffff,17.3
2024_E_DISABL,8344e0fffffffff,21.9
2024_E_DISABL,8344e1fffffffff,19.6
2024_E_DISABL,8344e2fffffffff,17.7
2024_E_DISABL,8344e3fffffffff,19.0
2024_E_DISABL,8344e4fffffffff,22.7
2024_E_DISABL,8344e5fffffffff,18.1
2024_E_DISABL,8344e6fffffffff,24.3
2024_E_DISABL,8344e8fffffffff,18.6
2024_E_DISABL,8344e9fffffffff,20.9
2024_E_DISABL,8344eafffffffff,18.5
2024_E_DISABL,8344ebfffffffff,17.4
2024_E_DISABL,8344ecfffffffff,19.2
2024_E_DISABL,8344edfffffffff,22.0
2024_E_DISABL,8344eefffffffff,18.0
2024_E_DISABL,8344f0fffffffff,15.2
2024_E_DISABL,8344f1fffffffff,15.2
2024_E_DISABL,8344f3fffffffff,18.5
2024_E_DISABL,8344f4fffffffff,18.7
2024_E_DISABL,8344f5fffffffff,20.3
2024_E_DISABL,8344f6fffffffff,16.6
2024_E_DISABL,834859fffffffff,15.1
2024_E_DISABL,83485afffffffff,8.7
2024_E_DISABL,83485bfffffffff,18.2
2024_E_DISABL,834880fffffffff,20.0
2024_E_DISABL,834881fffffffff,16.9
2024_E_DISABL,834882fffffffff,14.1
2024_E_DISABL,834883fffffffff,19.1
2024_E_DISABL,834886fffffffff,18.3
2024_E_DISABL,834888fffffffff,16.4
2024_E_DISABL,834889fffffffff,9.1
2024_E_DISABL,83488afffffffff,12.0
2024_E_DISABL,83488bfffffffff,9.6
2024_E_DISABL,83488cfffffffff,23.0
2024_E_DISABL,83488dfffffffff,10.3
2024_E_DISABL,83488efffffffff,19.1
2024_E_DISABL,834890fffffffff,18.5
2024_E_DISABL,834891fffffffff,15.9
2024_E_DISABL,834892fffffffff,19.6
2024_E_DISABL,834893fffffffff,14.4
2024_E_DISABL,834895fffffffff,19.6
2024_E_DISABL,834898fffffffff,17.6
2024_E_DISABL,834899fffffffff,21.7
2024_E_DISABL,83489afffffffff,15.9
2024_E_DISABL,83489bfffffffff,17.8
2024_E_DISABL,83489cfffffffff,14.7
2024_E_DISABL,83489dfffffffff,21.3
2024_E_DISABL,83489efffffffff,14.8
2024_E_DISABL,8348abfffffffff,10.6
2024_E_DISABL,8348b1fffffffff,15.3
2024_E_DISABL,8348b2fffffffff,9.3
2024_E_DISABL,8348b3fffffffff,18.4
2024_E_DISABL,8348c0fffffffff,25.3
2024_E_DISABL,8348c1fffffffff,25.3
2024_E_DISABL,8348c2fffffffff,25.2
2024_E_DISABL,8348c3fffffffff,31.8
2024_E_DISABL,8348c4fffffffff,20.4
2024_E_DISABL,8348c5fffffffff,18.2
2024_E_DISABL,8348c6fffffffff,13.2
2024_E_DISABL,8348c8fffffffff,22.2
2024_E_DISABL,8348c9fffffffff,17.2
2024_E_DISABL,8348cafffffffff,16.9
2024_E_DISABL,8348cbfffffffff,14.1
2024_E_DISABL,8348ccfffffffff,19.5
2024_E_DISABL,8348cdfffffffff,18.4
2024_E_DISABL,8348cefffffffff,33.8
2024_E_DISABL,8348d0fffffffff,14.4
2024_E_DISABL,8348d1fffffffff,26.3
2024_E_DISABL,8348d2fffffffff,14.2
2024_E_DISABL,8348d3fffffffff,16.8
2024_E_DISABL,8348d4fffffffff,17.9
2024_E_DISABL,8348d5fffffffff,16.4
2024_E_DISABL,8348d6fffffffff,11.1
2024_E_DISABL,8348d8fffffffff,15.8
2024_E_DISABL,8348d9fffffffff,17.4
2024_E_DISABL,8348dafffffffff,25.3
2024_E_DISABL,8348dbfffffffff,21.2
2024_E_DISABL,8348dcfffffffff,24.0
2024_E_DISABL,8348ddfffffffff,22.6
2024_E_DISABL,8348defffffffff,21.6
2024_E_DISABL,8348e3fffffffff,16.7
2024_E_DISABL,8348e8fffffffff,16.6
2024_E_DISABL,8348e9fffffffff,18.5
2024_E_DISABL,8348eafffffffff,16.4
2024_E_DISABL,8348ebfffffffff,20.2
2024_E_DISABL,8348ecfffffffff,14.2
2024_E_DISABL,8348edfffffffff,20.8
2024_E_DISABL,8348eefffffffff,18.9
2024_E_DISABL,8348f2fffffffff,16.8
2024_E_DISABL,8348f3fffffffff,30.8
2024_E_DISABL,8348f6fffffffff,14.7
2024_E_DRGT,8312c9fffffffff,46.2813
2024_E_DRGT,8312cafffffffff,31.7874
2024_E_DRGT,8312cbfffffffff,42.8483
2024_E_DRGT,8312d8fffffffff,14.823
2024_E_DRGT,8312d9fffffffff,25.8524
2024_E_DRGT,8312dafffffffff,10.6867
2024_E_DRGT,8312dbfffffffff,14.5746
2024_E_DRGT,8312ddfffffffff,24.3087
2024_E_DRGT,8312defffffffff,10.5956
2024_E_DRGT,832600fffffffff,15.6285
2024_E_DRGT,832601fffffffff,16.7992
2024_E_DRGT,832602fffffffff,21.0049
2024_E_DRGT,832603fffffffff,15.1692
2024_E_DRGT,832604fffffffff,6.1903
2024_E_DRGT,832605fffffffff,12.5913
2024_E_DRGT,832606fffffffff,12.8437
2024_E_DRGT,832608fffffffff,10.4709
2024_E_DRGT,832609fffffffff,19.322
2024_E_DRGT,83260afffffffff,14.5293
2024_E_DRGT,83260bfffffffff,15.875
2024_E_DRGT,83260cfffffffff,11.8784
2024_E_DRGT,83260dfffffffff,7.4648
2024_E_DRGT,83260efffffffff,13.4765
2024_E_DRGT,832610fffffffff,40.8323
2024_E_DRGT,832611fffffffff,37.7431
2024_E_DRGT,832612fffffffff,62.1726
2024_E_DRGT,832613fffffffff,53.7622
2024_E_DRGT,832614fffffffff,44.3485
2024_E_DRGT,832615fffffffff,28.3768
2024_E_DRGT,832616fffffffff,48.789
2024_E_DRGT,832618fffffffff,34.5017
2024_E_DRGT,832619fffffffff,19.8645
2024_E_DRGT,83261afffffffff,64.2906
2024_E_DRGT,83261bfffffffff,41.1178
2024_E_DRGT,83261cfffffffff,24.5899
2024_E_DRGT,83261dfffffffff,18.1237
2024_E_DRGT,83261efffffffff,45.8638
2024_E_DRGT,832620fffffffff,4.8048
2024_E_DRGT,832621fffffffff,6.915
2024_E_DRGT,832622fffffffff,1.7774
2024_E_DRGT,832623fffffffff,9.2083
2024_E_DRGT,832624fffffffff,10.7089
2024_E_DRGT,832625fffffffff,10.5566
2024_E_DRGT,832626fffffffff,0.9001
2024_E_DRGT,832628fffffffff,15.2131
2024_E_DRGT,832629fffffffff,7.2837
2024_E_DRGT,83262afffffffff,14.1532
2024_E_DRGT,83262bfffffffff,11.6088
2024_E_DRGT,83262cfffffffff,5.3234
2024_E_DRGT,83262dfffffffff,6.6397
2024_E_DRGT,83262efffffffff,12.0554
2024_E_DRGT,832630fffffffff,15.2964
2024_E_DRGT,832631fffffffff,4.4225
2024_E_DRGT,832632fffffffff,40.9003
2024_E_DRGT,832633fffffffff,24.9347
2024_E_DRGT,832634fffffffff,12.1371
2024_E_DRGT,832635fffffffff,3.9862
2024_E_DRGT,832636fffffffff,18.7673
2024_E_DRGT,832640fffffffff,2.0405
2024_E_DRGT,832641fffffffff,4.5112
2024_E_DRGT,832642fffffffff,2.6475
2024_E_DRGT,832643fffffffff,3.7446
2024_E_DRGT,832644fffffffff,2.2459
2024_E_DRGT,832645fffffffff,2.3021
2024_E_DRGT,832646fffffffff,3.368
2024_E_DRGT,832648fffffffff,7.2419
2024_E_DRGT,832649fffffffff,19.0832
2024_E_DRGT,83264afffffffff,7.6506
2024_E_DRGT,83264bfffffffff,11.5231
2024_E_DRGT,83264cfffffffff,6.1981
2024_E_DRGT,83264dfffffffff,8.9554
2024_E_DRGT,83264efffffffff,10.0418
2024_E_DRGT,832650fffffffff,5.8507
2024_E_DRGT,832651fffffffff,2.5053
2024_E_DRGT,832652fffffffff,5.2139
2024_E_DRGT,832653fffffffff,4.8137
2024_E_DRGT,832654fffffffff,10.9939
2024_E_DRGT,832655fffffffff,4.9195
2024_E_DRGT,832656fffffffff,11.5235
2024_E_DRGT,832658fffffffff,7.5072
2024_E_DRGT,832659fffffffff,8.2972
2024_E_DRGT,83265afffffffff,9.7447
2024_E_DRGT,83265bfffffffff,8.2579
2024_E_DRGT,83265cfffffffff,4.2482
2024_E_DRGT,83265dfffffffff,12.0443
2024_E_DRGT,83265efffffffff,6.5647
2024_E_DRGT,832660fffffffff,0.9474
2024_E_DRGT,832661fffffffff,2.1683
2024_E_DRGT,832662fffffffff,4.1249
2024_E_DRGT,832663fffffffff,1.9404
2024_E_DRGT,832664fffffffff,0.8292
2024_E_DRGT,832665fffffffff,1.5511
2024_E_DRGT,832666fffffffff,6.9818
2024_E_DRGT,832668fffffffff,3.0577
2024_E_DRGT,832669fffffffff,4.2674
2024_E_DRGT,83266afffffffff,5.9781
2024_E_DRGT,83266bfffffffff,3.3458
2024_E_DRGT,83266cfffffffff,3.6666
2024_E_DRGT,83266dfffffffff,2.7785
2024_E_DRGT,83266efffffffff,3.2546
2024_E_DRGT,832670fffffffff,7.0127
2024_E_DRGT,832671fffffffff,4.9194
2024_E_DRGT,832672fffffffff,9.8518
2024_E_DRGT,832673fffffffff,4.4787
2024_E_DRGT,832674fffffffff,7.7577
2024_E_DRGT,832675fffffffff,10.0385
2024_E_DRGT,832676fffffffff,5.1882
2024_E_DRGT,832680fffffffff,60.6415
2024_E_DRGT,832681fffffffff,27.7519
2024_E_DRGT,832682fffffffff,82.6129
2024_E_DRGT,832683fffffffff,56.5711
2024_E_DRGT,832684fffffffff,85.5617
2024_E_DRGT,832685fffffffff,43.0758
2024_E_DRGT,832686fffffffff,106.9678
2024_E_DRGT,832688fffffffff,69.4899
2024_E_DRGT,832689fffffffff,101.0479
2024_E_DRGT,83268afffffffff,71.2161
2024_E_DRGT,83268bfffffffff,98.8339
2024_E_DRGT,83268cfffffffff,35.073
2024_E_DRGT,83268dfffffffff,84.2272
2024_E_DRGT,83268efffffffff,48.9585
2024_E_DRGT,832690fffffffff,67.2978
2024_E_DRGT,832691fffffffff,84.4695
2024_E_DRGT,832692fffffffff,58.865
2024_E_DRGT,832693fffffffff,76.5483
2024_E_DRGT,832694fffffffff,65.1054
2024_E_DRGT,832695fffffffff,82.6274
2024_E_DRGT,832696fffffffff,50.2579
2024_E_DRGT,832698fffffffff,78.9929
2024_E_DRGT,832699fffffffff,68.7171
2024_E_DRGT,83269afffffffff,98.9583
2024_E_DRGT,83269bfffffffff,97.7169
2024_E_DRGT,83269cfffffffff,81.9795
2024_E_DRGT,83269dfffffffff,66.8998
2024_E_DRGT,83269efffffffff,90.9387
2024_E_DRGT,8326a0fffffffff,82.12
2024_E_DRGT,8326a1fffffffff,81.8545
2024_E_DRGT,8326a2fffffffff,85.6446
2024_E_DRGT,8326a3fffffffff,71.3835
2024_E_DRGT,8326a4fffffffff,66.8602
2024_E_DRGT,8326a5fffffffff,59.7853
2024_E_DRGT,8326a6fffffffff,83.7798
2024_E_DRGT,8326a8fffffffff,52.173
2024_E_DRGT,8326a9fffffffff,61.7559
2024_E_DRGT,8326aafffffffff,23.5546
2024_E_DRGT,8326abfffffffff,50.4374
2024_E_DRGT,8326acfffffffff,78.7187
2024_E_DRGT,8326adfffffffff,71.4954
2024_E_DRGT,8326aefffffffff,50.5319
2024_E_DRGT,8326b0fffffffff,69.4047
2024_E_DRGT,8326b1fffffffff,104.336
2024_E_DRGT,8326b2fffffffff,64.4666
2024_E_DRGT,8326b3fffffffff,94.5222
2024_E_DRGT,8326b4fffffffff,75.357
2024_E_DRGT,8326b5fffffffff,78.1676
2024_E_DRGT,8326b6fffffffff,49.8222
2024_E_DRGT,8326c0fffffffff,56.7373
2024_E_DRGT,8326c1fffffffff,27.4801
2024_E_DRGT,8326c2fffffffff,69.716
2024_E_DRGT,8326c3fffffffff,72.8478
2024_E_DRGT,8326c4fffffffff,48.5258
2024_E_DRGT,8326c5fffffffff,36.6393
2024_E_DRGT,8326c6fffffffff,65.7009
2024_E_DRGT,8326c8fffffffff,28.0135
2024_E_DRGT,8326c9fffffffff,24.5953
2024_E_DRGT,8326cafffffffff,40.5433
2024_E_DRGT,8326cbfffffffff,29.0405
2024_E_DRGT,8326ccfffffffff,26.8238
2024_E_DRGT,8326cdfffffffff,31.2974
2024_E_DRGT,8326cefffffffff,45.0433
2024_E_DRGT,8326d0fffffffff,77.4653
2024_E_DRGT,8326d1fffffffff,66.0461
2024_E_DRGT,8326d2fffffffff,84.2763
2024_E_DRGT,8326d3fffffffff,70.755
2024_E_DRGT,8326d4fffffffff,96.391
2024_E_DRGT,8326d5fffffffff,67.3248
2024_E_DRGT,8326d6fffffffff,102.2236
2024_E_DRGT,8326d8fffffffff,64.957
2024_E_DRGT,8326d9fffffffff,44.197
2024_E_DRGT,8326dafffffffff,54.9991
2024_E_DRGT,8326dbfffffffff,39.0136
2024_E_DRGT,8326dcfffffffff,77.6299
2024_E_DRGT,8326ddfffffffff,76.3272
2024_E_DRGT,8326defffffffff,70.3682
2024_E_DRGT,8326e0fffffffff,22.207
2024_E_DRGT,8326e1fffffffff,15.5343
2024_E_DRGT,8326e2fffffffff,31.2771
2024_E_DRGT,8326e3fffffffff,27.5406
2024_E_DRGT,8326e4fffffffff,7.6608
2024_E_DRGT,8326e5fffffffff,15.222
2024_E_DRGT,8326e6fffffffff,15.3509
2024_E_DRGT,8326e8fffffffff,14.1868
2024_E_DRGT,8326e9fffffffff,15.8255
2024_E_DRGT,8326eafffffffff,19.8304
2024_E_DRGT,8326ebfffffffff,23.5886
2024_E_DRGT,8326ecfffffffff,10.1607
2024_E_DRGT,8326edfffffffff,9.5084
2024_E_DRGT,8326eefffffffff,23.6177
2024_E_DRGT,8326f0fffffffff,51.6841
2024_E_DRGT,8326f1fffffffff,42.1072
2024_E_DRGT,8326f2fffffffff,82.2645
2024_E_DRGT,8326f3fffffffff,76.173
2024_E_DRGT,8326f4fffffffff,54.8432
2024_E_DRGT,8326f5fffffffff,29.2193
2024_E_DRGT,8326f6fffffffff,62.2398
2024_E_DRGT,832708fffffffff,22.0011
2024_E_DRGT,832709fffffffff,16.1098
2024_E_DRGT,83270afffffffff,24.462
2024_E_DRGT,83270bfffffffff,13.7268
2024_E_DRGT,83270dfffffffff,18.9183
2024_E_DRGT,83270efffffffff,24.1548
2024_E_DRGT,832718fffffffff,7.8984
2024_E_DRGT,832719fffffffff,7.8347
2024_E_DRGT,83271afffffffff,11.0348
2024_E_DRGT,83271bfffffffff,5.5883
2024_E_DRGT,83271cfffffffff,7.5339
2024_E_DRGT,83271dfffffffff,18.3835
2024_E_DRGT,83271efffffffff,10.2165
2024_E_DRGT,832740fffffffff,1.2424
2024_E_DRGT,832741fffffffff,0.0
2024_E_DRGT,832742fffffffff,0.8429
2024_E_DRGT,832743fffffffff,0.0
2024_E_DRGT,832744fffffffff,1.2625
2024_E_DRGT,832745fffffffff,0.0281
2024_E_DRGT,832746fffffffff,3.0905
2024_E_DRGT,832748fffffffff,0.0
2024_E_DRGT,832749fffffffff,0.2203
2024_E_DRGT,83274bfffffffff,0.9369
2024_E_DRGT,83274cfffffffff,0.0
2024_E_DRGT,83274dfffffffff,0.0
2024_E_DRGT,83274efffffffff,0.0
2024_E_DRGT,832750fffffffff,3.2704
2024_E_DRGT,832751fffffffff,0.4031
2024_E_DRGT,832752fffffffff,2.7149
2024_E_DRGT,832753fffffffff,3.5897
2024_E_DRGT,832754fffffffff,4.0409
2024_E_DRGT,832755fffffffff,2.202
2024_E_DRGT,832756fffffffff,9.8638
2024_E_DRGT,832758fffffffff,2.0355
2024_E_DRGT,832759fffffffff,8.3462
2024_E_DRGT,83275afffffffff,3.2683
2024_E_DRGT,83275bfffffffff,12.0674
2024_E_DRGT,83275cfffffffff,0.1251
2024_E_DRGT,83275dfffffffff,0.7008
2024_E_DRGT,83275efffffffff,1.9454
2024_E_DRGT,832763fffffffff,0.0636
2024_E_DRGT,832768fffffffff,0.0
2024_E_DRGT,83276afffffffff,0.0
2024_E_DRGT,83276bfffffffff,0.0
2024_E_DRGT,83276efffffffff,0.0
2024_E_DRGT,832770fffffffff,2.6884
2024_E_DRGT,832771fffffffff,2.3844
2024_E_DRGT,832772fffffffff,20.0712
2024_E_DRGT,832773fffffffff,3.2294
2024_E_DRGT,832780fffffffff,26.898
2024_E_DRGT,832781fffffffff,22.4964
2024_E_DRGT,832782fffffffff,48.4363
2024_E_DRGT,832783fffffffff,51.4838
2024_E_DRGT,832784fffffffff,22.4352
2024_E_DRGT,832785fffffffff,21.3693
2024_E_DRGT,832786fffffffff,34.2033
2024_E_DRGT,832788fffffffff,50.3562
2024_E_DRGT,832789fffffffff,53.1711
2024_E_DRGT,83278afffffffff,62.7656
2024_E_DRGT,83278bfffffffff,49.3971
2024_E_DRGT,83278cfffffffff,26.9175
2024_E_DRGT,83278dfffffffff,33.8651
2024_E_DRGT,83278efffffffff,48.8708
2024_E_DRGT,832790fffffffff,52.1745
2024_E_DRGT,832791fffffffff,67.5582
2024_E_DRGT,832792fffffffff,50.141
2024_E_DRGT,832793fffffffff,69.0699
2024_E_DRGT,832794fffffffff,45.4042
2024_E_DRGT,832795fffffffff,44.9324
2024_E_DRGT,832796fffffffff,45.9164
2024_E_DRGT,832798fffffffff,76.3949
2024_E_DRGT,832799fffffffff,70.9723
2024_E_DRGT,83279afffffffff,78.9863
2024_E_DRGT,83279bfffffffff,84.8216
2024_E_DRGT,83279cfffffffff,70.4199
2024_E_DRGT,83279dfffffffff,55.1886
2024_E_DRGT,83279efffffffff,72.829
2024_E_DRGT,8327a3fffffffff,19.8041
2024_E_DRGT,8327a8fffffffff,21.2725
2024_E_DRGT,8327a9fffffffff,15.3474
2024_E_DRGT,8327aafffffffff,21.9348
2024_E_DRGT,8327abfffffffff,20.3202
2024_E_DRGT,8327acfffffffff,22.9857
2024_E_DRGT,8327adfffffffff,17.3749
2024_E_DRGT,8327aefffffffff,21.4489
2024_E_DRGT,8327b3fffffffff,36.2167
2024_E_DRGT,832800fffffffff,26.8416
2024_E_DRGT,832802fffffffff,38.544
2024_E_DRGT,832806fffffffff,40.6302
2024_E_DRGT,832810fffffffff,71.4751
2024_E_DRGT,832811fffffffff,59.0881
2024_E_DRGT,832812fffffffff,108.8435
2024_E_DRGT,832813fffffffff,72.9525
2024_E_DRGT,832814fffffffff,61.6742
2024_E_DRGT,832815fffffffff,59.9272
2024_E_DRGT,832816fffffffff,103.6616
2024_E_DRGT,832818fffffffff,32.7197
2024_E_DRGT,83281afffffffff,33.3388
2024_E_DRGT,83281bfffffffff,18.2286
2024_E_DRGT,83281cfffffffff,34.2424
2024_E_DRGT,83281efffffffff,58.3065
2024_E_DRGT,832830fffffffff,50.2898
2024_E_DRGT,832831fffffffff,34.8839
2024_E_DRGT,832832fffffffff,54.822
2024_E_DRGT,832833fffffffff,59.79
2024_E_DRGT,832834fffffffff,49.4384
2024_E_DRGT,832835fffffffff,28.3345
2024_E_DRGT,832836fffffffff,63.0914
2024_E_DRGT,832880fffffffff,20.716
2024_E_DRGT,832881fffffffff,39.816
2024_E_DRGT,832882fffffffff,50.9712
2024_E_DRGT,832883fffffffff,24.9762
2024_E_DRGT,832884fffffffff,44.4842
2024_E_DRGT,832885fffffffff,66.1887
2024_E_DRGT,832886fffffffff,64.2116
2024_E_DRGT,832888fffffffff,18.5433
2024_E_DRGT,832889fffffffff,20.9582
2024_E_DRGT,83288afffffffff,15.9797
2024_E_DRGT,83288bfffffffff,13.6343
2024_E_DRGT,83288cfffffffff,27.8951
2024_E_DRGT,83288dfffffffff,29.7601
2024_E_DRGT,83288efffffffff,21.6996
2024_E_DRGT,832890fffffffff,78.3864
2024_E_DRGT,832891fffffffff,74.3614
2024_E_DRGT,832892fffffffff,67.5682
2024_E_DRGT,832893fffffffff,71.8676
2024_E_DRGT,832894fffffffff,58.0412
2024_E_DRGT,832895fffffffff,77.4925
2024_E_DRGT,832896fffffffff,64.3348
2024_E_DRGT,832898fffffffff,26.4595
2024_E_DRGT,832899fffffffff,27.3992
2024_E_DRGT,83289afffffffff,38.3182
2024_E_DRGT,83289bfffffffff,30.296
2024_E_DRGT,83289cfffffffff,34.7484
2024_E_DRGT,83289dfffffffff,25.2725
2024_E_DRGT,83289efffffffff,36.6317
2024_E_DRGT,8328a0fffffffff,108.7087
2024_E_DRGT,8328a1fffffffff,110.9604
2024_E_DRGT,8328a2fffffffff,91.743
2024_E_DRGT,8328a3fffffffff,83.9967
2024_E_DRGT,8328a4fffffffff,111.3919
2024_E_DRGT,8328a5fffffffff,129.0525
2024_E_DRGT,8328a6fffffffff,83.9935
2024_E_DRGT,8328a8fffffffff,79.6637
2024_E_DRGT,8328a9fffffffff,41.2856
2024_E_DRGT,8328aafffffffff,61.0567
2024_E_DRGT,8328abfffffffff,43.2831
2024_E_DRGT,8328acfffffffff,105.5003
2024_E_DRGT,8328adfffffffff,90.1634
2024_E_DRGT,8328aefffffffff,103.7282
2024_E_DRGT,8328b0fffffffff,59.4379
2024_E_DRGT,8328b1fffffffff,71.1102
2024_E_DRGT,8328b2fffffffff,52.4159
2024_E_DRGT,8328b3fffffffff,69.1801
2024_E_DRGT,8328b4fffffffff,81.3872
2024_E_DRGT,8328b5fffffffff,88.0853
2024_E_DRGT,8328b6fffffffff,64.9597
2024_E_DRGT,8328c2fffffffff,1.2592
2024_E_DRGT,8328c6fffffffff,1.5909
2024_E_DRGT,8328d0fffffffff,3.1851
2024_E_DRGT,8328d1fffffffff,0.3049
2024_E_DRGT,8328d2fffffffff,6.6286
2024_E_DRGT,8328d3fffffffff,3.6037
2024_E_DRGT,8328d4fffffffff,5.9852
2024_E_DRGT,8328d5fffffffff,0.9307
2024_E_DRGT,8328d6fffffffff,10.3595
2024_E_DRGT,8328defffffffff,0.0
2024_E_DRGT,8328f0fffffffff,1.5019
2024_E_DRGT,8328f1fffffffff,0.145
2024_E_DRGT,8328f2fffffffff,14.6485
2024_E_DRGT,8328f3fffffffff,1.2993
2024_E_DRGT,8328f4fffffffff,14.3182
2024_E_DRGT,8328f5fffffffff,2.2192
2024_E_DRGT,8328f6fffffffff,33.017
2024_E_DRGT,832912fffffffff,76.4657
2024_E_DRGT,832913fffffffff,77.9916
2024_E_DRGT,832916fffffffff,53.1364
2024_E_DRGT,83291afffffffff,69.139
2024_E_DRGT,832980fffffffff,71.5276
2024_E_DRGT,832981fffffffff,82.2993
2024_E_DRGT,832982fffffffff,76.8647
2024_E_DRGT,832983fffffffff,91.8896
2024_E_DRGT,832984fffffffff,72.222
2024_E_DRGT,832985fffffffff,100.9894
2024_E_DRGT,832986fffffffff,60.4543
2024_E_DRGT,832988fffffffff,122.7142
2024_E_DRGT,832989fffffffff,78.9926
2024_E_DRGT,83298afffffffff,127.0571
2024_E_DRGT,83298bfffffffff,128.4311
2024_E_DRGT,83298cfffffffff,93.0556
2024_E_DRGT,83298dfffffffff,74.673
2024_E_DRGT,83298efffffffff,108.8894
2024_E_DRGT,832990fffffffff,75.2244
2024_E_DRGT,832991fffffffff,58.7597
2024_E_DRGT,832992fffffffff,83.8801
2024_E_DRGT,832993fffffffff,60.3282
2024_E_DRGT,832994fffffffff,80.3235
2024_E_DRGT,832995fffffffff,72.104
2024_E_DRGT,832996fffffffff,92.8747
2024_E_DRGT,832998fffffffff,68.5148
2024_E_DRGT,832999fffffffff,84.2574
2024_E_DRGT,83299afffffffff,76.8147
2024_E_DRGT,83299bfffffffff,64.0655
2024_E_DRGT,83299cfffffffff,78.6439
2024_E_DRGT,83299dfffffffff,106.1233
2024_E_DRGT,83299efffffffff,58.8187
2024_E_DRGT,8329a0fffffffff,62.4062
2024_E_DRGT,8329a1fffffffff,78.6023
2024_E_DRGT,8329a2fffffffff,61.8691
2024_E_DRGT,8329a3fffffffff,87.3164
2024_E_DRGT,8329a4fffffffff,61.3112
2024_E_DRGT,8329a5fffffffff,69.1363
2024_E_DRGT,8329a6fffffffff,46.1954
2024_E_DRGT,8329a8fffffffff,66.7931
2024_E_DRGT,8329a9fffffffff,65.2111
2024_E_DRGT,8329aafffffffff,77.0262
2024_E_DRGT,8329abfffffffff,64.4643
2024_E_DRGT,8329acfffffffff,77.9618
2024_E_DRGT,8329adfffffffff,77.8774
2024_E_DRGT,8329aefffffffff,76.9693
2024_E_DRGT,8329b0fffffffff,75.2695
2024_E_DRGT,8329b1fffffffff,61.5632
2024_E_DRGT,8329b2fffffffff,67.7342
2024_E_DRGT,8329b3fffffffff,77.0739
2024_E_DRGT,8329b4fffffffff,56.7551
2024_E_DRGT,8329b5fffffffff,52.6637
2024_E_DRGT,8329b6fffffffff,71.9146
2024_E_DRGT,832a06fffffffff,1.7048
2024_E_DRGT,832a10fffffffff,1.647
2024_E_DRGT,832a12fffffffff,1.6935
2024_E_DRGT,832a13fffffffff,3.8935
2024_E_DRGT,832a14fffffffff,3.5464
2024_E_DRGT,832a15fffffffff,0.0637
2024_E_DRGT,832a16fffffffff,0.6034
2024_E_DRGT,832a30fffffffff,6.1023
2024_E_DRGT,832a31fffffffff,2.1412
2024_E_DRGT,832a32fffffffff,2.4267
2024_E_DRGT,832a33fffffffff,2.2392
2024_E_DRGT,832a34fffffffff,3.9666
2024_E_DRGT,832a36fffffffff,1.2357
2024_E_DRGT,832a80fffffffff,0.0014
2024_E_DRGT,832a81fffffffff,1.4985
2024_E_DRGT,832a82fffffffff,0.0
2024_E_DRGT,832a83fffffffff,0.0601
2024_E_DRGT,832a84fffffffff,0.0
2024_E_DRGT,832a85fffffffff,0.9031
2024_E_DRGT,832a86fffffffff,0.0
2024_E_DRGT,832a88fffffffff,8.9985
2024_E_DRGT,832a89fffffffff,14.0044
2024_E_DRGT,832a8afffffffff,5.5017
2024_E_DRGT,832a8bfffffffff,17.9816
2024_E_DRGT,832a8cfffffffff,5.2576
2024_E_DRGT,832a8dfffffffff,7.577
2024_E_DRGT,832a8efffffffff,2.17
2024_E_DRGT,832a90fffffffff,0.0058
2024_E_DRGT,832a91fffffffff,0.8616
2024_E_DRGT,832a92fffffffff,1.121
2024_E_DRGT,832a93fffffffff,2.2288
2024_E_DRGT,832a94fffffffff,0.0
2024_E_DRGT,832a95fffffffff,0.0
2024_E_DRGT,832a96fffffffff,0.8101
2024_E_DRGT,832a98fffffffff,4.3731
2024_E_DRGT,832a99fffffffff,10.1361
2024_E_DRGT,832a9afffffffff,5.5233
2024_E_DRGT,832a9bfffffffff,12.9794
2024_E_DRGT,832a9cfffffffff,0.5829
2024_E_DRGT,832a9dfffffffff,0.4432
2024_E_DRGT,832a9efffffffff,2.963
2024_E_DRGT,832aa0fffffffff,0.0
2024_E_DRGT,832aa1fffffffff,0.1744
2024_E_DRGT,832aa2fffffffff,0.0
2024_E_DRGT,832aa3fffffffff,0.0
2024_E_DRGT,832aa4fffffffff,2.0991
2024_E_DRGT,832aa5fffffffff,0.0139
2024_E_DRGT,832aa6fffffffff,0.6802
2024_E_DRGT,832aa8fffffffff,4.854
2024_E_DRGT,832aa9fffffffff,3.174
2024_E_DRGT,832aaafffffffff,3.0704
2024_E_DRGT,832aabfffffffff,4.3606
2024_E_DRGT,832aacfffffffff,5.513
2024_E_DRGT,832aadfffffffff,4.1277
2024_E_DRGT,832aaefffffffff,3.1917
2024_E_DRGT,832ab1fffffffff,0.0
2024_E_DRGT,832ab2fffffffff,0.0
2024_E_DRGT,832ab3fffffffff,0.0
2024_E_DRGT,832ab5fffffffff,0.0
2024_E_DRGT,832ab6fffffffff,0.0
2024_E_DRGT,832ad0fffffffff,8.8691
2024_E_DRGT,832ad2fffffffff,16.3355
2024_E_DRGT,832ad3fffffffff,9.6257
2024_E_DRGT,832ad4fffffffff,7.492
2024_E_DRGT,832ad5fffffffff,3.9712
2024_E_DRGT,832ad6fffffffff,14.1006
2024_E_DRGT,832af0fffffffff,0.5139
2024_E_DRGT,832af2fffffffff,4.9024
2024_E_DRGT,832af3fffffffff,1.3772
2024_E_DRGT,832af6fffffffff,2.4735
2024_E_DRGT,832b10fffffffff,1.1296
2024_E_DRGT,832b11fffffffff,2.1798
2024_E_DRGT,832b12fffffffff,1.5909
2024_E_DRGT,832b13fffffffff,3.5114
2024_E_DRGT,832b18fffffffff,4.538
2024_E_DRGT,832b1afffffffff,4.6269
2024_E_DRGT,832b1bfffffffff,1.2727
2024_E_DRGT,832b1efffffffff,4.8857
2024_E_DRGT,832b81fffffffff,0.0
2024_E_DRGT,832b88fffffffff,0.0
2024_E_DRGT,832b89fffffffff,0.0058
2024_E_DRGT,832b8afffffffff,0.002
2024_E_DRGT,832b8bfffffffff,0.0
2024_E_DRGT,832b8cfffffffff,0.0
2024_E_DRGT,832b8dfffffffff,0.0
2024_E_DRGT,832b8efffffffff,0.0
2024_E_DRGT,832b99fffffffff,1.0113
2024_E_DRGT,832b9bfffffffff,0.2815
2024_E_DRGT,832ba8fffffffff,0.2698
2024_E_DRGT,832ba9fffffffff,2.0799
2024_E_DRGT,832babfffffffff,0.0
2024_E_DRGT,832bacfffffffff,3.1396
2024_E_DRGT,832badfffffffff,3.9186
2024_E_DRGT,834412fffffffff,10.8949
2024_E_DRGT,834413fffffffff,10.9419
2024_E_DRGT,834414fffffffff,0.0
2024_E_DRGT,834416fffffffff,0.0
2024_E_DRGT,83441afffffffff,16.7691
2024_E_DRGT,83441bfffffffff,21.0432
2024_E_DRGT,83441efffffffff,14.517
2024_E_DRGT,834440fffffffff,11.5394
2024_E_DRGT,834441fffffffff,21.2938
2024_E_DRGT,834442fffffffff,9.8338
2024_E_DRGT,834443fffffffff,8.4964
2024_E_DRGT,834444fffffffff,15.6306
2024_E_DRGT,834445fffffffff,16.2749
2024_E_DRGT,834446fffffffff,15.7783
2024_E_DRGT,834448fffffffff,22.1605
2024_E_DRGT,834449fffffffff,24.8805
2024_E_DRGT,83444afffffffff,11.0335
2024_E_DRGT,83444bfffffffff,13.9608
2024_E_DRGT,83444cfffffffff,24.9974
2024_E_DRGT,83444dfffffffff,27.109
2024_E_DRGT,83444efffffffff,20.8594
2024_E_DRGT,834450fffffffff,15.0017
2024_E_DRGT,834451fffffffff,9.6194
2024_E_DRGT,834452fffffffff,16.734
2024_E_DRGT,834453fffffffff,14.1766
2024_E_DRGT,834455fffffffff,15.6135
2024_E_DRGT,834456fffffffff,13.2825
2024_E_DRGT,834458fffffffff,9.0063
2024_E_DRGT,834459fffffffff,7.0291
2024_E_DRGT,83445afffffffff,12.9571
2024_E_DRGT,83445bfffffffff,7.0257
2024_E_DRGT,83445cfffffffff,7.7345
2024_E_DRGT,83445dfffffffff,11.861
2024_E_DRGT,83445efffffffff,10.8576
2024_E_DRGT,834463fffffffff,19.8048
2024_E_DRGT,834468fffffffff,17.6538
2024_E_DRGT,834469fffffffff,31.1248
2024_E_DRGT,83446afffffffff,20.2245
2024_E_DRGT,83446bfffffffff,20.3152
2024_E_DRGT,83446cfffffffff,15.4616
2024_E_DRGT,83446dfffffffff,27.6854
2024_E_DRGT,83446efffffffff,15.415
2024_E_DRGT,834471fffffffff,17.7745
2024_E_DRGT,834473fffffffff,17.9254
2024_E_DRGT,8344a1fffffffff,11.0246
2024_E_DRGT,8344a5fffffffff,5.1707
2024_E_DRGT,8344a8fffffffff,22.5593
2024_E_DRGT,8344a9fffffffff,17.3909
2024_E_DRGT,8344abfffffffff,17.2343
2024_E_DRGT,8344acfffffffff,16.4114
2024_E_DRGT,8344adfffffffff,18.6282
2024_E_DRGT,8344aefffffffff,13.5578
2024_E_DRGT,8344c0fffffffff,49.0312
2024_E_DRGT,8344c1fffffffff,45.853
2024_E_DRGT,8344c2fffffffff,41.4811
2024_E_DRGT,8344c3fffffffff,57.8113
2024_E_DRGT,8344c4fffffffff,33.2945
2024_E_DRGT,8344c5fffffffff,51.9966
2024_E_DRGT,8344c6fffffffff,26.1193
2024_E_DRGT,8344c8fffffffff,22.6417
2024_E_DRGT,8344c9fffffffff,10.6267
2024_E_DRGT,8344cafffffffff,25.6639
2024_E_DRGT,8344cbfffffffff,12.6014
2024_E_DRGT,8344ccfffffffff,33.1064
2024_E_DRGT,8344cdfffffffff,23.7947
2024_E_DRGT,8344cefffffffff,39.1259
2024_E_DRGT,8344d0fffffffff,19.8813
2024_E_DRGT,8344d1fffffffff,21.1234
2024_E_DRGT,8344d2fffffffff,12.1199
2024_E_DRGT,8344d3fffffffff,12.6693
2024_E_DRGT,8344d5fffffffff,26.4351
2024_E_DRGT,8344d8fffffffff,32.931
2024_E_DRGT,8344d9fffffffff,28.573
2024_E_DRGT,8344dafffffffff,23.1195
2024_E_DRGT,8344dbfffffffff,25.8994
2024_E_DRGT,8344dcfffffffff,40.7354
2024_E_DRGT,8344ddfffffffff,42.3845
2024_E_DRGT,8344defffffffff,20.0567
2024_E_DRGT,8344e0fffffffff,24.8241
2024_E_DRGT,8344e1fffffffff,31.2773
2024_E_DRGT,8344e2fffffffff,24.3561
2024_E_DRGT,8344e3fffffffff,45.306
2024_E_DRGT,8344e4fffffffff,9.9908
2024_E_DRGT,8344e5fffffffff,19.8335
2024_E_DRGT,8344e6fffffffff,11.4198
2024_E_DRGT,8344e8fffffffff,35.7016
2024_E_DRGT,8344e9fffffffff,23.3508
2024_E_DRGT,8344eafffffffff,44.7738
2024_E_DRGT,8344ebfffffffff,29.2649
2024_E_DRGT,8344ecfffffffff,24.2665
2024_E_DRGT,8344edfffffffff,22.7831
2024_E_DRGT,8344eefffffffff,50.0215
2024_E_DRGT,8344f0fffffffff,19.4514
2024_E_DRGT,8344f1fffffffff,24.614
2024_E_DRGT,8344f3fffffffff,23.7815
2024_E_DRGT,8344f4fffffffff,18.901
2024_E_DRGT,8344f5fffffffff,17.326
2024_E_DRGT,8344f6fffffffff,15.9884
2024_E_DRGT,834859fffffffff,51.5475
2024_E_DRGT,83485afffffffff,42.2967
2024_E_DRGT,83485bfffffffff,37.1538
2024_E_DRGT,834880fffffffff,82.1565
2024_E_DRGT,834881fffffffff,83.2259
2024_E_DRGT,834882fffffffff,63.5147
2024_E_DRGT,834883fffffffff,99.2048
2024_E_DRGT,834886fffffffff,77.4259
2024_E_DRGT,834888fffffffff,62.322
2024_E_DRGT,834889fffffffff,47.3175
2024_E_DRGT,83488afffffffff,54.7867
2024_E_DRGT,83488bfffffffff,46.0882
2024_E_DRGT,83488cfffffffff,70.9483
2024_E_DRGT,83488dfffffffff,58.6064
2024_E_DRGT,83488efffffffff,107.4771
2024_E_DRGT,834890fffffffff,39.6013
2024_E_DRGT,834891fffffffff,47.9722
2024_E_DRGT,834892fffffffff,30.269
2024_E_DRGT,834893fffffffff,34.2941
2024_E_DRGT,834895fffffffff,58.853
2024_E_DRGT,834898fffffffff,57.2715
2024_E_DRGT,834899fffffffff,41.0987
2024_E_DRGT,83489afffffffff,39.6142
2024_E_DRGT,83489bfffffffff,37.8913
2024_E_DRGT,83489cfffffffff,63.1245
2024_E_DRGT,83489dfffffffff,87.2104
2024_E_DRGT,83489efffffffff,50.281
2024_E_DRGT,8348abfffffffff,61.4091
2024_E_DRGT,8348b1fffffffff,63.8189
2024_E_DRGT,8348b2fffffffff,53.1359
2024_E_DRGT,8348b3fffffffff,65.7609
2024_E_DRGT,8348c0fffffffff,63.981
2024_E_DRGT,8348c1fffffffff,74.2148
2024_E_DRGT,8348c2fffffffff,58.8157
2024_E_DRGT,8348c3fffffffff,65.8487
2024_E_DRGT,8348c4fffffffff,72.704
2024_E_DRGT,8348c5fffffffff,78.2317
2024_E_DRGT,8348c6fffffffff,50.4077
2024_E_DRGT,8348c8fffffffff,103.1092
2024_E_DRGT,8348c9fffffffff,102.1613
2024_E_DRGT,8348cafffffffff,93.7636
2024_E_DRGT,8348cbfffffffff,115.6585
2024_E_DRGT,8348ccfffffffff,73.4337
2024_E_DRGT,8348cdfffffffff,69.4578
2024_E_DRGT,8348cefffffffff,84.409
2024_E_DRGT,8348d0fffffffff,81.9176
2024_E_DRGT,8348d1fffffffff,92.2052
2024_E_DRGT,8348d2fffffffff,71.9345
2024_E_DRGT,8348d3fffffffff,79.7017
2024_E_DRGT,8348d4fffffffff,60.0289
2024_E_DRGT,8348d5fffffffff,81.3279
2024_E_DRGT,8348d6fffffffff,54.6807
2024_E_DRGT,8348d8fffffffff,86.4605
2024_E_DRGT,8348d9fffffffff,88.265
2024_E_DRGT,8348dafffffffff,106.7387
2024_E_DRGT,8348dbfffffffff,86.7822
2024_E_DRGT,8348dcfffffffff,69.7331
2024_E_DRGT,8348ddfffffffff,66.0701
2024_E_DRGT,8348defffffffff,94.7598
2024_E_DRGT,8348e3fffffffff,80.0666
2024_E_DRGT,8348e8fffffffff,48.4757
2024_E_DRGT,8348e9fffffffff,58.4849
2024_E_DRGT,8348eafffffffff,75.9807
2024_E_DRGT,8348ebfffffffff,59.8591
2024_E_DRGT,8348ecfffffffff,47.6065
2024_E_DRGT,8348edfffffffff,59.2198
2024_E_DRGT,8348eefffffffff,56.8196
2024_E_DRGT,8348f2fffffffff,60.4959
2024_E_DRGT,8348f3fffffffff,63.3247
2024_E_DRGT,8348f6fffffffff,57.5771
2024_E_DSLPM,8312c9fffffffff,0.03
2024_E_DSLPM,8312cafffffffff,0.05
2024_E_DSLPM,8312cbfffffffff,0.04
2024_E_DSLPM,8312d8fffffffff,0.03
2024_E_DSLPM,8312d9fffffffff,0.05
2024_E_DSLPM,8312dafffffffff,0.02
2024_E_DSLPM,8312dbfffffffff,0.08
2024_E_DSLPM,8312ddfffffffff,0.04
2024_E_DSLPM,8312defffffffff,0.01
2024_E_DSLPM,832600fffffffff,0.07
2024_E_DSLPM,832601fffffffff,0.09
2024_E_DSLPM,832602fffffffff,0.04
2024_E_DSLPM,832603fffffffff,0.06
2024_E_DSLPM,832604fffffffff,0.06
2024_E_DSLPM,832605fffffffff,0.08
2024_E_DSLPM,832606fffffffff,0.05
2024_E_DSLPM,832608fffffffff,0.1
2024_E_DSLPM,832609fffffffff,0.1
2024_E_DSLPM,83260afffffffff,0.1
2024_E_DSLPM,83260bfffffffff,0.11
2024_E_DSLPM,83260cfffffffff,0.09
2024_E_DSLPM,83260dfffffffff,0.11
2024_E_DSLPM,83260efffffffff,0.1
2024_E_DSLPM,832610fffffffff,0.03
2024_E_DSLPM,832611fffffffff,0.03
2024_E_DSLPM,832612fffffffff,0.04
2024_E_DSLPM,832613fffffffff,0.04
2024_E_DSLPM,832614fffffffff,0.03
2024_E_DSLPM,832615fffffffff,0.03
2024_E_DSLPM,832616fffffffff,0.05
2024_E_DSLPM,832618fffffffff,0.09
2024_E_DSLPM,832619fffffffff,0.08
2024_E_DSLPM,83261afffffffff,0.07
2024_E_DSLPM,83261bfffffffff,0.05
2024_E_DSLPM,83261cfffffffff,0.05
2024_E_DSLPM,83261dfffffffff,0.09
2024_E_DSLPM,83261efffffffff,0.06
2024_E_DSLPM,832620fffffffff,0.08
2024_E_DSLPM,832621fffffffff,0.1
2024_E_DSLPM,832622fffffffff,0.06
2024_E_DSLPM,832623fffffffff,0.07
2024_E_DSLPM,832624fffffffff,0.05
2024_E_DSLPM,832625fffffffff,0.07
2024_E_DSLPM,832626fffffffff,0.09
2024_E_DSLPM,832628fffffffff,0.09
2024_E_DSLPM,832629fffffffff,0.1
2024_E_DSLPM,83262afffffffff,0.08
2024_E_DSLPM,83262bfffffffff,0.11
2024_E_DSLPM,83262cfffffffff,0.12
2024_E_DSLPM,83262dfffffffff,0.09
2024_E_DSLPM,83262efffffffff,0.08
2024_E_DSLPM,832630fffffffff,0.04
2024_E_DSLPM,832631fffffffff,0.05
2024_E_DSLPM,832632fffffffff,0.03
2024_E_DSLPM,832633fffffffff,0.04
2024_E_DSLPM,832634fffffffff,0.05
2024_E_DSLPM,832635fffffffff,0.05
2024_E_DSLPM,832636fffffffff,0.05
2024_E_DSLPM,832640fffffffff,0.17
2024_E_DSLPM,832641fffffffff,0.13
2024_E_DSLPM,832642fffffffff,0.1
2024_E_DSLPM,832643fffffffff,0.12
2024_E_DSLPM,832644fffffffff,0.14
2024_E_DSLPM,832645fffffffff,0.12
2024_E_DSLPM,832646fffffffff,0.17
2024_E_DSLPM,832648fffffffff,0.09
2024_E_DSLPM,832649fffffffff,0.12
2024_E_DSLPM,83264afffffffff,0.11
2024_E_DSLPM,83264bfffffffff,0.09
2024_E_DSLPM,83264cfffffffff,0.11
2024_E_DSLPM,83264dfffffffff,0.19
2024_E_DSLPM,83264efffffffff,0.12
2024_E_DSLPM,832650fffffffff,0.1
2024_E_DSLPM,832651fffffffff,0.09
2024_E_DSLPM,832652fffffffff,0.11
2024_E_DSLPM,832653fffffffff,0.1
2024_E_DSLPM,832654fffffffff,0.12
2024_E_DSLPM,832655fffffffff,0.11
2024_E_DSLPM,832656fffffffff,0.2
2024_E_DSLPM,832658fffffffff,0.1
2024_E_DSLPM,832659fffffffff,0.16
2024_E_DSLPM,83265afffffffff,0.09
2024_E_DSLPM,83265bfffffffff,0.14
2024_E_DSLPM,83265cfffffffff,0.08
2024_E_DSLPM,83265dfffffffff,0.14
2024_E_DSLPM,83265efffffffff,0.07
2024_E_DSLPM,832660fffffffff,0.14
2024_E_DSLPM,832661fffffffff,0.18
2024_E_DSLPM,832662fffffffff,0.13
2024_E_DSLPM,832663fffffffff,0.13
2024_E_DSLPM,832664fffffffff,0.26
2024_E_DSLPM,832665fffffffff,0.16
2024_E_DSLPM,832666fffffffff,0.17
2024_E_DSLPM,832668fffffffff,0.14
2024_E_DSLPM,832669fffffffff,0.1
2024_E_DSLPM,83266afffffffff,0.14
2024_E_DSLPM,83266bfffffffff,0.12
2024_E_DSLPM,83266cfffffffff,0.15
2024_E_DSLPM,83266dfffffffff,0.16
2024_E_DSLPM,83266efffffffff,0.13
2024_E_DSLPM,832670fffffffff,0.12
2024_E_DSLPM,832671fffffffff,0.11
2024_E_DSLPM,832672fffffffff,0.09
2024_E_DSLPM,832673fffffffff,0.11
2024_E_DSLPM,832674fffffffff,0.13
2024_E_DSLPM,832675fffffffff,0.13
2024_E_DSLPM,832676fffffffff,0.12
2024_E_DSLPM,832680fffffffff,0.02
2024_E_DSLPM,832681fffffffff,0.04
2024_E_DSLPM,832682fffffffff,0.02
2024_E_DSLPM,832683fffffffff,0.02
2024_E_DSLPM,832684fffffffff,0.02
2024_E_DSLPM,832685fffffffff,0.04
2024_E_DSLPM,832686fffffffff,0.03
2024_E_DSLPM,832688fffffffff,0.04
2024_E_DSLPM,832689fffffffff,0.03
2024_E_DSLPM,83268afffffffff,0.02
2024_E_DSLPM,83268bfffffffff,0.02
2024_E_DSLPM,83268cfffffffff,0.09
2024_E_DSLPM,83268dfffffffff,0.03
2024_E_DSLPM,83268efffffffff,0.01
2024_E_DSLPM,832690fffffffff,0.06
2024_E_DSLPM,832691fffffffff,0.03
2024_E_DSLPM,832692fffffffff,0.05
2024_E_DSLPM,832693fffffffff,0.03
2024_E_DSLPM,832694fffffffff,0.05
2024_E_DSLPM,832695fffffffff,0.03
2024_E_DSLPM,832696fffffffff,0.13
2024_E_DSLPM,832698fffffffff,0.01
2024_E_DSLPM,832699fffffffff,0.02
2024_E_DSLPM,83269afffffffff,0.01
2024_E_DSLPM,83269bfffffffff,0.02
2024_E_DSLPM,83269cfffffffff,0.04
2024_E_DSLPM,83269dfffffffff,0.02
2024_E_DSLPM,83269efffffffff,0.02
2024_E_DSLPM,8326a0fffffffff,0.07
2024_E_DSLPM,8326a1fffffffff,0.05
2024_E_DSLPM,8326a2fffffffff,0.05
2024_E_DSLPM,8326a3fffffffff,0.04
2024_E_DSLPM,8326a4fffffffff,0.05
2024_E_DSLPM,8326a5fffffffff,0.03
2024_E_DSLPM,8326a6fffffffff,0.03
2024_E_DSLPM,8326a8fffffffff,0.06
2024_E_DSLPM,8326a9fffffffff,0.04
2024_E_DSLPM,8326aafffffffff,0.11
2024_E_DSLPM,8326abfffffffff,0.04
2024_E_DSLPM,8326acfffffffff,0.06
2024_E_DSLPM,8326adfffffffff,0.06
2024_E_DSLPM,8326aefffffffff,0.09
2024_E_DSLPM,8326b0fffffffff,0.02
2024_E_DSLPM,8326b1fffffffff,0.03
2024_E_DSLPM,8326b2fffffffff,0.03
2024_E_DSLPM,8326b3fffffffff,0.05
2024_E_DSLPM,8326b4fffffffff,0.01
2024_E_DSLPM,8326b5fffffffff,0.03
2024_E_DSLPM,8326b6fffffffff,0.03
2024_E_DSLPM,8326c0fffffffff,0.06
2024_E_DSLPM,8326c1fffffffff,0.11
2024_E_DSLPM,8326c2fffffffff,0.05
2024_E_DSLPM,8326c3fffffffff,0.06
2024_E_DSLPM,8326c4fffffffff,0.07
2024_E_DSLPM,8326c5fffffffff,0.09
2024_E_DSLPM,8326c6fffffffff,0.05
2024_E_DSLPM,8326c8fffffffff,0.17
2024_E_DSLPM,8326c9fffffffff,0.11
2024_E_DSLPM,8326cafffffffff,0.11
2024_E_DSLPM,8326cbfffffffff,0.15
2024_E_DSLPM,8326ccfffffffff,0.09
2024_E_DSLPM,8326cdfffffffff,0.09
2024_E_DSLPM,8326cefffffffff,0.09
2024_E_DSLPM,8326d0fffffffff,0.06
2024_E_DSLPM,8326d1fffffffff,0.07
2024_E_DSLPM,8326d2fffffffff,0.05
2024_E_DSLPM,8326d3fffffffff,0.06
2024_E_DSLPM,8326d4fffffffff,0.04
2024_E_DSLPM,8326d5fffffffff,0.05
2024_E_DSLPM,8326d6fffffffff,0.03
2024_E_DSLPM,8326d8fffffffff,0.04
2024_E_DSLPM,8326d9fffffffff,0.06
2024_E_DSLPM,8326dafffffffff,0.05
2024_E_DSLPM,8326dbfffffffff,0.05
2024_E_DSLPM,8326dcfffffffff,0.05
2024_E_DSLPM,8326ddfffffffff,0.06
2024_E_DSLPM,8326defffffffff,0.05
2024_E_DSLPM,8326e0fffffffff,0.09
2024_E_DSLPM,8326e1fffffffff,0.09
2024_E_DSLPM,8326e2fffffffff,0.07
2024_E_DSLPM,8326e3fffffffff,0.11
2024_E_DSLPM,8326e4fffffffff,0.08
2024_E_DSLPM,8326e5fffffffff,0.13
2024_E_DSLPM,8326e6fffffffff,0.06
2024_E_DSLPM,8326e8fffffffff,0.1
2024_E_DSLPM,8326e9fffffffff,0.09
2024_E_DSLPM,8326eafffffffff,0.09
2024_E_DSLPM,8326ebfffffffff,0.07
2024_E_DSLPM,8326ecfffffffff,0.11
2024_E_DSLPM,8326edfffffffff,0.09
2024_E_DSLPM,8326eefffffffff,0.09
2024_E_DSLPM,8326f0fffffffff,0.05
2024_E_DSLPM,8326f1fffffffff,0.05
2024_E_DSLPM,8326f2fffffffff,0.04
2024_E_DSLPM,8326f3fffffffff,0.05
2024_E_DSLPM,8326f4fffffffff,0.05
2024_E_DSLPM,8326f5fffffffff,0.05
2024_E_DSLPM,8326f6fffffffff,0.04
2024_E_DSLPM,832708fffffffff,0.03
2024_E_DSLPM,832709fffffffff,0.04
2024_E_DSLPM,83270afffffffff,0.03
2024_E_DSLPM,83270bfffffffff,0.04
2024_E_DSLPM,83270dfffffffff,0.03
2024_E_DSLPM,83270efffffffff,0.03
2024_E_DSLPM,832718fffffffff,0.05
2024_E_DSLPM,832719fffffffff,0.07
2024_E_DSLPM,83271afffffffff,0.05
2024_E_DSLPM,83271bfffffffff,0.07
2024_E_DSLPM,83271cfffffffff,0.04
2024_E_DSLPM,83271dfffffffff,0.04
2024_E_DSLPM,83271efffffffff,0.03
2024_E_DSLPM,832740fffffffff,0.04
2024_E_DSLPM,832741fffffffff,0.05
2024_E_DSLPM,832742fffffffff,0.05
2024_E_DSLPM,832743fffffffff,0.09
2024_E_DSLPM,832744fffffffff,0.03
2024_E_DSLPM,832745fffffffff,0.04
2024_E_DSLPM,832746fffffffff,0.03
2024_E_DSLPM,832748fffffffff,0.11
2024_E_DSLPM,832749fffffffff,0.13
2024_E_DSLPM,83274bfffffffff,0.16
2024_E_DSLPM,83274cfffffffff,0.06
2024_E_DSLPM,83274dfffffffff,0.11
2024_E_DSLPM,83274efffffffff,0.07
2024_E_DSLPM,832750fffffffff,0.05
2024_E_DSLPM,832751fffffffff,0.06
2024_E_DSLPM,832752fffffffff,0.12
2024_E_DSLPM,832753fffffffff,0.09
2024_E_DSLPM,832754fffffffff,0.04
2024_E_DSLPM,832755fffffffff,0.03
2024_E_DSLPM,832756fffffffff,0.06
2024_E_DSLPM,832758fffffffff,0.11
2024_E_DSLPM,832759fffffffff,0.21
2024_E_DSLPM,83275afffffffff,0.09
2024_E_DSLPM,83275bfffffffff,0.13
2024_E_DSLPM,83275cfffffffff,0.09
2024_E_DSLPM,83275dfffffffff,0.14
2024_E_DSLPM,83275efffffffff,0.09
2024_E_DSLPM,832763fffffffff,0.03
2024_E_DSLPM,832768fffffffff,0.04
2024_E_DSLPM,83276afffffffff,0.04
2024_E_DSLPM,83276bfffffffff,0.06
2024_E_DSLPM,83276efffffffff,0.03
2024_E_DSLPM,832770fffffffff,0.0
2024_E_DSLPM,832771fffffffff,0.02
2024_E_DSLPM,832772fffffffff,0.02
2024_E_DSLPM,832773fffffffff,0.03
2024_E_DSLPM,832780fffffffff,0.02
2024_E_DSLPM,832781fffffffff,0.03
2024_E_DSLPM,832782fffffffff,0.02
2024_E_DSLPM,832783fffffffff,0.02
2024_E_DSLPM,832784fffffffff,0.02
2024_E_DSLPM,832785fffffffff,0.03
2024_E_DSLPM,832786fffffffff,0.02
2024_E_DSLPM,832788fffffffff,0.02
2024_E_DSLPM,832789fffffffff,0.03
2024_E_DSLPM,83278afffffffff,0.03
2024_E_DSLPM,83278bfffffffff,0.02
2024_E_DSLPM,83278cfffffffff,0.03
2024_E_DSLPM,83278dfffffffff,0.03
2024_E_DSLPM,83278efffffffff,0.03
2024_E_DSLPM,832790fffffffff,0.02
2024_E_DSLPM,832791fffffffff,0.02
2024_E_DSLPM,832792fffffffff,0.03
2024_E_DSLPM,832793fffffffff,0.02
2024_E_DSLPM,832794fffffffff,0.03
2024_E_DSLPM,832795fffffffff,0.02
2024_E_DSLPM,832796fffffffff,0.03
2024_E_DSLPM,832798fffffffff,0.04
2024_E_DSLPM,832799fffffffff,0.04
2024_E_DSLPM,83279afffffffff,0.02
2024_E_DSLPM,83279bfffffffff,0.03
2024_E_DSLPM,83279cfffffffff,0.03
2024_E_DSLPM,83279dfffffffff,0.03
2024_E_DSLPM,83279efffffffff,0.04
2024_E_DSLPM,8327a3fffffffff,0.02
2024_E_DSLPM,8327a8fffffffff,0.04
2024_E_DSLPM,8327a9fffffffff,0.05
2024_E_DSLPM,8327aafffffffff,0.04
2024_E_DSLPM,8327abfffffffff,0.04
2024_E_DSLPM,8327acfffffffff,0.03
2024_E_DSLPM,8327adfffffffff,0.04
2024_E_DSLPM,8327aefffffffff,0.03
2024_E_DSLPM,8327b3fffffffff,0.03
2024_E_DSLPM,832800fffffffff,0.02
2024_E_DSLPM,832802fffffffff,0.01
2024_E_DSLPM,832806fffffffff,0.02
2024_E_DSLPM,832810fffffffff,0.02
2024_E_DSLPM,832811fffffffff,0.02
2024_E_DSLPM,832812fffffffff,0.03
2024_E_DSLPM,832813fffffffff,0.02
2024_E_DSLPM,832814fffffffff,0.03
2024_E_DSLPM,832815fffffffff,0.05
2024_E_DSLPM,832816fffffffff,0.03
2024_E_DSLPM,832818fffffffff,0.04
2024_E_DSLPM,83281afffffffff,0.04
2024_E_DSLPM,83281bfffffffff,0.07
2024_E_DSLPM,83281cfffffffff,0.02
2024_E_DSLPM,83281efffffffff,0.04
2024_E_DSLPM,832830fffffffff,0.11
2024_E_DSLPM,832831fffffffff,0.03
2024_E_DSLPM,832832fffffffff,0.09
2024_E_DSLPM,832833fffffffff,0.07
2024_E_DSLPM,832834fffffffff,0.1
2024_E_DSLPM,832835fffffffff,0.02
2024_E_DSLPM,832836fffffffff,0.13
2024_E_DSLPM,832880fffffffff,0.02
2024_E_DSLPM,832881fffffffff,0.03
2024_E_DSLPM,832882fffffffff,0.01
2024_E_DSLPM,832883fffffffff,0.02
2024_E_DSLPM,832884fffffffff,0.07
2024_E_DSLPM,832885fffffffff,0.04
2024_E_DSLPM,832886fffffffff,0.02
2024_E_DSLPM,832888fffffffff,0.09
2024_E_DSLPM,832889fffffffff,0.08
2024_E_DSLPM,83288afffffffff,0.05
2024_E_DSLPM,83288bfffffffff,0.06
2024_E_DSLPM,83288cfffffffff,0.04
2024_E_DSLPM,83288dfffffffff,0.08
2024_E_DSLPM,83288efffffffff,0.03
2024_E_DSLPM,832890fffffffff,0.02
2024_E_DSLPM,832891fffffffff,0.02
2024_E_DSLPM,832892fffffffff,0.03
2024_E_DSLPM,832893fffffffff,0.03
2024_E_DSLPM,832894fffffffff,0.04
2024_E_DSLPM,832895fffffffff,0.01
2024_E_DSLPM,832896fffffffff,0.02
2024_E_DSLPM,832898fffffffff,0.03
2024_E_DSLPM,832899fffffffff,0.04
2024_E_DSLPM,83289afffffffff,0.03
2024_E_DSLPM,83289bfffffffff,0.04
2024_E_DSLPM,83289cfffffffff,0.02
2024_E_DSLPM,83289dfffffffff,0.03
2024_E_DSLPM,83289efffffffff,0.02
2024_E_DSLPM,8328a0fffffffff,0.02
2024_E_DSLPM,8328a1fffffffff,0.01
2024_E_DSLPM,8328a2fffffffff,0.04
2024_E_DSLPM,8328a3fffffffff,0.03
2024_E_DSLPM,8328a4fffffffff,0.02
2024_E_DSLPM,8328a5fffffffff,0.02
2024_E_DSLPM,8328a6fffffffff,0.03
2024_E_DSLPM,8328a8fffffffff,0.02
2024_E_DSLPM,8328a9fffffffff,0.04
2024_E_DSLPM,8328aafffffffff,0.02
2024_E_DSLPM,8328abfffffffff,0.03
2024_E_DSLPM,8328acfffffffff,0.01
2024_E_DSLPM,8328adfffffffff,0.02
2024_E_DSLPM,8328aefffffffff,0.01
2024_E_DSLPM,8328b0fffffffff,0.04
2024_E_DSLPM,8328b1fffffffff,0.05
2024_E_DSLPM,8328b2fffffffff,0.04
2024_E_DSLPM,8328b3fffffffff,0.03
2024_E_DSLPM,8328b4fffffffff,0.04
2024_E_DSLPM,8328b5fffffffff,0.02
2024_E_DSLPM,8328b6fffffffff,0.06
2024_E_DSLPM,8328c2fffffffff,0.04
2024_E_DSLPM,8328c6fffffffff,0.06
2024_E_DSLPM,8328d0fffffffff,0.07
2024_E_DSLPM,8328d1fffffffff,0.14
2024_E_DSLPM,8328d2fffffffff,0.02
2024_E_DSLPM,8328d3fffffffff,0.04
2024_E_DSLPM,8328d4fffffffff,0.06
2024_E_DSLPM,8328d5fffffffff,0.19
2024_E_DSLPM,8328d6fffffffff,0.03
2024_E_DSLPM,8328defffffffff,0.14
2024_E_DSLPM,8328f0fffffffff,0.18
2024_E_DSLPM,8328f1fffffffff,0.06
2024_E_DSLPM,8328f2fffffffff,0.09
2024_E_DSLPM,8328f3fffffffff,0.09
2024_E_DSLPM,8328f4fffffffff,0.1
2024_E_DSLPM,8328f5fffffffff,0.07
2024_E_DSLPM,8328f6fffffffff,0.06
2024_E_DSLPM,832912fffffffff,0.1
2024_E_DSLPM,832913fffffffff,0.05
2024_E_DSLPM,832916fffffffff,0.03
2024_E_DSLPM,83291afffffffff,0.02
2024_E_DSLPM,832980fffffffff,0.03
2024_E_DSLPM,832981fffffffff,0.01
2024_E_DSLPM,832982fffffffff,0.02
2024_E_DSLPM,832983fffffffff,0.01
2024_E_DSLPM,832984fffffffff,0.05
2024_E_DSLPM,832985fffffffff,0.04
2024_E_DSLPM,832986fffffffff,0.16
2024_E_DSLPM,832988fffffffff,0.02
2024_E_DSLPM,832989fffffffff,0.05
2024_E_DSLPM,83298afffffffff,0.02
2024_E_DSLPM,83298bfffffffff,0.03
2024_E_DSLPM,83298cfffffffff,0.01
2024_E_DSLPM,83298dfffffffff,0.02
2024_E_DSLPM,83298efffffffff,0.01
2024_E_DSLPM,832990fffffffff,0.02
2024_E_DSLPM,832991fffffffff,0.03
2024_E_DSLPM,832992fffffffff,0.01
2024_E_DSLPM,832993fffffffff,0.03
2024_E_DSLPM,832994fffffffff,0.02
2024_E_DSLPM,832995fffffffff,0.04
2024_E_DSLPM,832996fffffffff,0.02
2024_E_DSLPM,832998fffffffff,0.01
2024_E_DSLPM,832999fffffffff,0.02
2024_E_DSLPM,83299afffffffff,0.03
2024_E_DSLPM,83299bfffffffff,0.02
2024_E_DSLPM,83299cfffffffff,0.01
2024_E_DSLPM,83299dfffffffff,0.01
2024_E_DSLPM,83299efffffffff,0.04
2024_E_DSLPM,8329a0fffffffff,0.17
2024_E_DSLPM,8329a1fffffffff,0.12
2024_E_DSLPM,8329a2fffffffff,0.04
2024_E_DSLPM,8329a3fffffffff,0.07
2024_E_DSLPM,8329a4fffffffff,0.13
2024_E_DSLPM,8329a5fffffffff,0.32
2024_E_DSLPM,8329a6fffffffff,0.05
2024_E_DSLPM,8329a8fffffffff,0.14
2024_E_DSLPM,8329a9fffffffff,0.08
2024_E_DSLPM,8329aafffffffff,0.03
2024_E_DSLPM,8329abfffffffff,0.08
2024_E_DSLPM,8329acfffffffff,0.06
2024_E_DSLPM,8329adfffffffff,0.05
2024_E_DSLPM,8329aefffffffff,0.06
2024_E_DSLPM,8329b0fffffffff,0.05
2024_E_DSLPM,8329b1fffffffff,0.06
2024_E_DSLPM,8329b2fffffffff,0.05
2024_E_DSLPM,8329b3fffffffff,0.04
2024_E_DSLPM,8329b4fffffffff,0.06
2024_E_DSLPM,8329b5fffffffff,0.05
2024_E_DSLPM,8329b6fffffffff,0.11
2024_E_DSLPM,832a06fffffffff,0.07
2024_E_DSLPM,832a10fffffffff,0.36
2024_E_DSLPM,832a12fffffffff,0.17
2024_E_DSLPM,832a13fffffffff,0.21
2024_E_DSLPM,832a14fffffffff,0.12
2024_E_DSLPM,832a15fffffffff,0.14
2024_E_DSLPM,832a16fffffffff,0.09
2024_E_DSLPM,832a30fffffffff,0.17
2024_E_DSLPM,832a31fffffffff,0.1
2024_E_DSLPM,832a32fffffffff,0.07
2024_E_DSLPM,832a33fffffffff,0.13
2024_E_DSLPM,832a34fffffffff,0.07
2024_E_DSLPM,832a36fffffffff,0.05
2024_E_DSLPM,832a80fffffffff,0.09
2024_E_DSLPM,832a81fffffffff,0.06
2024_E_DSLPM,832a82fffffffff,0.1
2024_E_DSLPM,832a83fffffffff,0.06
2024_E_DSLPM,832a84fffffffff,0.15
2024_E_DSLPM,832a85fffffffff,0.09
2024_E_DSLPM,832a86fffffffff,0.13
2024_E_DSLPM,832a88fffffffff,0.1
2024_E_DSLPM,832a89fffffffff,0.12
2024_E_DSLPM,832a8afffffffff,0.09
2024_E_DSLPM,832a8bfffffffff,0.13
2024_E_DSLPM,832a8cfffffffff,0.1
2024_E_DSLPM,832a8dfffffffff,0.12
2024_E_DSLPM,832a8efffffffff,0.08
2024_E_DSLPM,832a90fffffffff,0.17
2024_E_DSLPM,832a91fffffffff,0.13
2024_E_DSLPM,832a92fffffffff,0.18
2024_E_DSLPM,832a93fffffffff,0.2
2024_E_DSLPM,832a94fffffffff,0.17
2024_E_DSLPM,832a95fffffffff,0.17
2024_E_DSLPM,832a96fffffffff,0.17
2024_E_DSLPM,832a98fffffffff,0.08
2024_E_DSLPM,832a99fffffffff,0.07
2024_E_DSLPM,832a9afffffffff,0.1
2024_E_DSLPM,832a9bfffffffff,0.09
2024_E_DSLPM,832a9cfffffffff,0.11
2024_E_DSLPM,832a9dfffffffff,0.07
2024_E_DSLPM,832a9efffffffff,0.1
2024_E_DSLPM,832aa0fffffffff,0.06
2024_E_DSLPM,832aa1fffffffff,0.13
2024_E_DSLPM,832aa2fffffffff,0.07
2024_E_DSLPM,832aa3fffffffff,0.1
2024_E_DSLPM,832aa4fffffffff,0.07
2024_E_DSLPM,832aa5fffffffff,0.08
2024_E_DSLPM,832aa6fffffffff,0.07
2024_E_DSLPM,832aa8fffffffff,0.23
2024_E_DSLPM,832aa9fffffffff,0.1
2024_E_DSLPM,832aaafffffffff,0.14
2024_E_DSLPM,832aabfffffffff,0.13
2024_E_DSLPM,832aacfffffffff,0.21
2024_E_DSLPM,832aadfffffffff,0.13
2024_E_DSLPM,832aaefffffffff,0.16
2024_E_DSLPM,832ab1fffffffff,0.13
2024_E_DSLPM,832ab2fffffffff,0.22
2024_E_DSLPM,832ab3fffffffff,0.2
2024_E_DSLPM,832ab5fffffffff,0.09
2024_E_DSLPM,832ab6fffffffff,0.1
2024_E_DSLPM,832ad0fffffffff,0.08
2024_E_DSLPM,832ad2fffffffff,0.11
2024_E_DSLPM,832ad3fffffffff,0.09
2024_E_DSLPM,832ad4fffffffff,0.09
2024_E_DSLPM,832ad5fffffffff,0.07
2024_E_DSLPM,832ad6fffffffff,0.12
2024_E_DSLPM,832af0fffffffff,0.09
2024_E_DSLPM,832af2fffffffff,0.09
2024_E_DSLPM,832af3fffffffff,0.06
2024_E_DSLPM,832af6fffffffff,0.13
2024_E_DSLPM,832b10fffffffff,0.01
2024_E_DSLPM,832b11fffffffff,0.02
2024_E_DSLPM,832b12fffffffff,0.01
2024_E_DSLPM,832b13fffffffff,0.01
2024_E_DSLPM,832b18fffffffff,0.02
2024_E_DSLPM,832b1afffffffff,0.04
2024_E_DSLPM,832b1bfffffffff,0.04
2024_E_DSLPM,832b1efffffffff,0.02
2024_E_DSLPM,832b81fffffffff,0.04
2024_E_DSLPM,832b88fffffffff,0.04
2024_E_DSLPM,832b89fffffffff,0.08
2024_E_DSLPM,832b8afffffffff,0.07
2024_E_DSLPM,832b8bfffffffff,0.07
2024_E_DSLPM,832b8cfffffffff,0.04
2024_E_DSLPM,832b8dfffffffff,0.05
2024_E_DSLPM,832b8efffffffff,0.04
2024_E_DSLPM,832b99fffffffff,0.1
2024_E_DSLPM,832b9bfffffffff,0.11
2024_E_DSLPM,832ba8fffffffff,0.02
2024_E_DSLPM,832ba9fffffffff,0.03
2024_E_DSLPM,832babfffffffff,0.04
2024_E_DSLPM,832bacfffffffff,0.01
2024_E_DSLPM,832badfffffffff,0.02
2024_E_DSLPM,834412fffffffff,0.1
2024_E_DSLPM,834413fffffffff,0.13
2024_E_DSLPM,834414fffffffff,0.13
2024_E_DSLPM,834416fffffffff,0.08
2024_E_DSLPM,83441afffffffff,0.2
2024_E_DSLPM,83441bfffffffff,0.08
2024_E_DSLPM,83441efffffffff,0.16
2024_E_DSLPM,834440fffffffff,0.12
2024_E_DSLPM,834441fffffffff,0.08
2024_E_DSLPM,834442fffffffff,0.09
2024_E_DSLPM,834443fffffffff,0.08
2024_E_DSLPM,834444fffffffff,0.12
2024_E_DSLPM,834445fffffffff,0.1
2024_E_DSLPM,834446fffffffff,0.19
2024_E_DSLPM,834448fffffffff,0.09
2024_E_DSLPM,834449fffffffff,0.08
2024_E_DSLPM,83444afffffffff,0.08
2024_E_DSLPM,83444bfffffffff,0.1
2024_E_DSLPM,83444cfffffffff,0.09
2024_E_DSLPM,83444dfffffffff,0.11
2024_E_DSLPM,83444efffffffff,0.09
2024_E_DSLPM,834450fffffffff,0.12
2024_E_DSLPM,834451fffffffff,0.08
2024_E_DSLPM,834452fffffffff,0.09
2024_E_DSLPM,834453fffffffff,0.06
2024_E_DSLPM,834455fffffffff,0.11
2024_E_DSLPM,834456fffffffff,0.13
2024_E_DSLPM,834458fffffffff,0.08
2024_E_DSLPM,834459fffffffff,0.1
2024_E_DSLPM,83445afffffffff,0.08
2024_E_DSLPM,83445bfffffffff,0.1
2024_E_DSLPM,83445cfffffffff,0.1
2024_E_DSLPM,83445dfffffffff,0.09
2024_E_DSLPM,83445efffffffff,0.08
2024_E_DSLPM,834463fffffffff,0.08
2024_E_DSLPM,834468fffffffff,0.09
2024_E_DSLPM,834469fffffffff,0.1
2024_E_DSLPM,83446afffffffff,0.07
2024_E_DSLPM,83446bfffffffff,0.09
2024_E_DSLPM,83446cfffffffff,0.22
2024_E_DSLPM,83446dfffffffff,0.13
2024_E_DSLPM,83446efffffffff,0.13
2024_E_DSLPM,834471fffffffff,0.14
2024_E_DSLPM,834473fffffffff,0.13
2024_E_DSLPM,8344a1fffffffff,0.31
2024_E_DSLPM,8344a5fffffffff,0.13
2024_E_DSLPM,8344a8fffffffff,0.13
2024_E_DSLPM,8344a9fffffffff,0.21
2024_E_DSLPM,8344abfffffffff,0.23
2024_E_DSLPM,8344acfffffffff,0.12
2024_E_DSLPM,8344adfffffffff,0.1
2024_E_DSLPM,8344aefffffffff,0.25
2024_E_DSLPM,8344c0fffffffff,0.11
2024_E_DSLPM,8344c1fffffffff,0.26
2024_E_DSLPM,8344c2fffffffff,0.1
2024_E_DSLPM,8344c3fffffffff,0.11
2024_E_DSLPM,8344c4fffffffff,0.09
2024_E_DSLPM,8344c5fffffffff,0.1
2024_E_DSLPM,8344c6fffffffff,0.08
2024_E_DSLPM,8344c8fffffffff,0.12
2024_E_DSLPM,8344c9fffffffff,0.09
2024_E_DSLPM,8344cafffffffff,0.11
2024_E_DSLPM,8344cbfffffffff,0.1
2024_E_DSLPM,8344ccfffffffff,0.17
2024_E_DSLPM,8344cdfffffffff,0.12
2024_E_DSLPM,8344cefffffffff,0.1
2024_E_DSLPM,8344d0fffffffff,0.15
2024_E_DSLPM,8344d1fffffffff,0.11
2024_E_DSLPM,8344d2fffffffff,0.09
2024_E_DSLPM,8344d3fffffffff,0.1
2024_E_DSLPM,8344d5fffffffff,0.13
2024_E_DSLPM,8344d8fffffffff,0.16
2024_E_DSLPM,8344d9fffffffff,0.08
2024_E_DSLPM,8344dafffffffff,0.13
2024_E_DSLPM,8344dbfffffffff,0.11
2024_E_DSLPM,8344dcfffffffff,0.12
2024_E_DSLPM,8344ddfffffffff,0.13
2024_E_DSLPM,8344defffffffff,0.13
2024_E_DSLPM,8344e0fffffffff,0.08
2024_E_DSLPM,8344e1fffffffff,0.08
2024_E_DSLPM,8344e2fffffffff,0.09
2024_E_DSLPM,8344e3fffffffff,0.07
2024_E_DSLPM,8344e4fffffffff,0.05
2024_E_DSLPM,8344e5fffffffff,0.1
2024_E_DSLPM,8344e6fffffffff,0.08
2024_E_DSLPM,8344e8fffffffff,0.13
2024_E_DSLPM,8344e9fffffffff,0.11
2024_E_DSLPM,8344eafffffffff,0.12
2024_E_DSLPM,8344ebfffffffff,0.12
2024_E_DSLPM,8344ecfffffffff,0.09
2024_E_DSLPM,8344edfffffffff,0.09
2024_E_DSLPM,8344eefffffffff,0.09
2024_E_DSLPM,8344f0fffffffff,0.16
2024_E_DSLPM,8344f1fffffffff,0.09
2024_E_DSLPM,8344f3fffffffff,0.11
2024_E_DSLPM,8344f4fffffffff,0.14
2024_E_DSLPM,8344f5fffffffff,0.1
2024_E_DSLPM,8344f6fffffffff,0.15
2024_E_DSLPM,834859fffffffff,0.05
2024_E_DSLPM,83485afffffffff,0.06
2024_E_DSLPM,83485bfffffffff,0.07
2024_E_DSLPM,834880fffffffff,0.07
2024_E_DSLPM,834881fffffffff,0.04
2024_E_DSLPM,834882fffffffff,0.06
2024_E_DSLPM,834883fffffffff,0.05
2024_E_DSLPM,834886fffffffff,0.04
2024_E_DSLPM,834888fffffffff,0.02
2024_E_DSLPM,834889fffffffff,0.04
2024_E_DSLPM,83488afffffffff,0.04
2024_E_DSLPM,83488bfffffffff,0.04
2024_E_DSLPM,83488cfffffffff,0.02
2024_E_DSLPM,83488dfffffffff,0.01
2024_E_DSLPM,83488efffffffff,0.03
2024_E_DSLPM,834890fffffffff,0.07
2024_E_DSLPM,834891fffffffff,0.07
2024_E_DSLPM,834892fffffffff,0.1
2024_E_DSLPM,834893fffffffff,0.1
2024_E_DSLPM,834895fffffffff,0.07
2024_E_DSLPM,834898fffffffff,0.08
2024_E_DSLPM,834899fffffffff,0.05
2024_E_DSLPM,83489afffffffff,0.12
2024_E_DSLPM,83489bfffffffff,0.07
2024_E_DSLPM,83489cfffffffff,0.1
2024_E_DSLPM,83489dfffffffff,0.05
2024_E_DSLPM,83489efffffffff,0.1
2024_E_DSLPM,8348abfffffffff,0.01
2024_E_DSLPM,8348b1fffffffff,0.03
2024_E_DSLPM,8348b2fffffffff,0.05
2024_E_DSLPM,8348b3fffffffff,0.04
2024_E_DSLPM,8348c0fffffffff,0.04
2024_E_DSLPM,8348c1fffffffff,0.01
2024_E_DSLPM,8348c2fffffffff,0.04
2024_E_DSLPM,8348c3fffffffff,0.02
2024_E_DSLPM,8348c4fffffffff,0.06
2024_E_DSLPM,8348c5fffffffff,0.03
2024_E_DSLPM,8348c6fffffffff,0.07
2024_E_DSLPM,8348c8fffffffff,0.04
2024_E_DSLPM,8348c9fffffffff,0.04
2024_E_DSLPM,8348cafffffffff,0.04
2024_E_DSLPM,8348cbfffffffff,0.02
2024_E_DSLPM,8348ccfffffffff,0.03
2024_E_DSLPM,8348cdfffffffff,0.05
2024_E_DSLPM,8348cefffffffff,0.03
2024_E_DSLPM,8348d0fffffffff,0.03
2024_E_DSLPM,8348d1fffffffff,0.02
2024_E_DSLPM,8348d2fffffffff,0.04
2024_E_DSLPM,8348d3fffffffff,0.04
2024_E_DSLPM,8348d4fffffffff,0.03
2024_E_DSLPM,8348d5fffffffff,0.02
2024_E_DSLPM,8348d6fffffffff,0.04
2024_E_DSLPM,8348d8fffffffff,0.07
2024_E_DSLPM,8348d9fffffffff,0.02
2024_E_DSLPM,8348dafffffffff,0.03
2024_E_DSLPM,8348dbfffffffff,0.02
2024_E_DSLPM,8348dcfffffffff,0.04
2024_E_DSLPM,8348ddfffffffff,0.05
2024_E_DSLPM,8348defffffffff,0.04
2024_E_DSLPM,8348e3fffffffff,0.03
2024_E_DSLPM,8348e8fffffffff,0.06
2024_E_DSLPM,8348e9fffffffff,0.08
2024_E_DSLPM,8348eafffffffff,0.03
2024_E_DSLPM,8348ebfffffffff,0.1
2024_E_DSLPM,8348ecfffffffff,0.03
2024_E_DSLPM,8348edfffffffff,0.03
2024_E_DSLPM,8348eefffffffff,0.04
2024_E_DSLPM,8348f2fffffffff,0.02
2024_E_DSLPM,8348f3fffffffff,0.02
2024_E_DSLPM,8348f6fffffffff,0.01
2024_E_GROUPQ,8312c9fffffffff,3.7
2024_E_GROUPQ,8312cafffffffff,7.0
2024_E_GROUPQ,8312cbfffffffff,11.4
2024_E_GROUPQ,8312d8fffffffff,0.6
2024_E_GROUPQ,8312d9fffffffff,0.6
2024_E_GROUPQ,8312dafffffffff,3.9
2024_E_GROUPQ,8312dbfffffffff,0.6
2024_E_GROUPQ,8312ddfffffffff,1.3
2024_E_GROUPQ,8312defffffffff,3.5
2024_E_GROUPQ,832600fffffffff,3.6
2024_E_GROUPQ,832601fffffffff,1.6
2024_E_GROUPQ,832602fffffffff,3.1
2024_E_GROUPQ,832603fffffffff,2.3
2024_E_GROUPQ,832604fffffffff,1.8
2024_E_GROUPQ,832605fffffffff,1.1
2024_E_GROUPQ,832606fffffffff,1.5
2024_E_GROUPQ,832608fffffffff,1.3
2024_E_GROUPQ,832609fffffffff,3.8
2024_E_GROUPQ,83260afffffffff,1.8
2024_E_GROUPQ,83260bfffffffff,3.1
2024_E_GROUPQ,83260cfffffffff,1.8
2024_E_GROUPQ,83260dfffffffff,1.4
2024_E_GROUPQ,83260efffffffff,1.2
2024_E_GROUPQ,832610fffffffff,1.6
2024_E_GROUPQ,832611fffffffff,2.0
2024_E_GROUPQ,832612fffffffff,2.9
2024_E_GROUPQ,832613fffffffff,4.3
2024_E_GROUPQ,832614fffffffff,1.4
2024_E_GROUPQ,832615fffffffff,0.9
2024_E_GROUPQ,832616fffffffff,1.3
2024_E_GROUPQ,832618fffffffff,0.7
2024_E_GROUPQ,832619fffffffff,1.5
2024_E_GROUPQ,83261afffffffff,1.3
2024_E_GROUPQ,83261bfffffffff,4.1
2024_E_GROUPQ,83261cfffffffff,1.1
2024_E_GROUPQ,83261dfffffffff,1.1
2024_E_GROUPQ,83261efffffffff,0.9
2024_E_GROUPQ,832620fffffffff,1.3
2024_E_GROUPQ,832621fffffffff,1.5
2024_E_GROUPQ,832622fffffffff,1.7
2024_E_GROUPQ,832623fffffffff,1.6
2024_E_GROUPQ,832624fffffffff,1.0
2024_E_GROUPQ,832625fffffffff,0.8
2024_E_GROUPQ,832626fffffffff,1.5
2024_E_GROUPQ,832628fffffffff,1.1
2024_E_GROUPQ,832629fffffffff,1.2
2024_E_GROUPQ,83262afffffffff,1.6
2024_E_GROUPQ,83262bfffffffff,1.8
2024_E_GROUPQ,83262cfffffffff,1.1
2024_E_GROUPQ,83262dfffffffff,1.4
2024_E_GROUPQ,83262efffffffff,1.9
2024_E_GROUPQ,832630fffffffff,4.4
2024_E_GROUPQ,832631fffffffff,2.7
2024_E_GROUPQ,832632fffffffff,0.5
2024_E_GROUPQ,832633fffffffff,2.4
2024_E_GROUPQ,832634fffffffff,0.9
2024_E_GROUPQ,832635fffffffff,2.3
2024_E_GROUPQ,832636fffffffff,1.6
2024_E_GROUPQ,832640fffffffff,2.5
2024_E_GROUPQ,832641fffffffff,1.9
2024_E_GROUPQ,832642fffffffff,1.7
2024_E_GROUPQ,832643fffffffff,1.2
2024_E_GROUPQ,832644fffffffff,2.7
2024_E_GROUPQ,832645fffffffff,1.6
2024_E_GROUPQ,832646fffffffff,2.9
2024_E_GROUPQ,832648fffffffff,4.2
2024_E_GROUPQ,832649fffffffff,1.0
2024_E_GROUPQ,83264afffffffff,4.7
2024_E_GROUPQ,83264bfffffffff,0.7
2024_E_GROUPQ,83264cfffffffff,5.2
2024_E_GROUPQ,83264dfffffffff,0.7
2024_E_GROUPQ,83264efffffffff,4.1
2024_E_GROUPQ,832650fffffffff,1.4
2024_E_GROUPQ,832651fffffffff,1.8
2024_E_GROUPQ,832652fffffffff,0.6
2024_E_GROUPQ,832653fffffffff,1.2
2024_E_GROUPQ,832654fffffffff,3.8
2024_E_GROUPQ,832655fffffffff,1.6
2024_E_GROUPQ,832656fffffffff,1.2
2024_E_GROUPQ,832658fffffffff,2.6
2024_E_GROUPQ,832659fffffffff,4.6
2024_E_GROUPQ,83265afffffffff,0.6
2024_E_GROUPQ,83265bfffffffff,2.1
2024_E_GROUPQ,83265cfffffffff,1.2
2024_E_GROUPQ,83265dfffffffff,2.0
2024_E_GROUPQ,83265efffffffff,0.8
2024_E_GROUPQ,832660fffffffff,1.2
2024_E_GROUPQ,832661fffffffff,1.7
2024_E_GROUPQ,832662fffffffff,3.0
2024_E_GROUPQ,832663fffffffff,1.2
2024_E_GROUPQ,832664fffffffff,1.1
2024_E_GROUPQ,832665fffffffff,1.2
2024_E_GROUPQ,832666fffffffff,1.4
2024_E_GROUPQ,832668fffffffff,3.9
2024_E_GROUPQ,832669fffffffff,1.5
2024_E_GROUPQ,83266afffffffff,1.6
2024_E_GROUPQ,83266bfffffffff,2.2
2024_E_GROUPQ,83266cfffffffff,1.0
2024_E_GROUPQ,83266dfffffffff,1.6
2024_E_GROUPQ,83266efffffffff,3.3
2024_E_GROUPQ,832670fffffffff,1.2
2024_E_GROUPQ,832671fffffffff,2.6
2024_E_GROUPQ,832672fffffffff,0.8
2024_E_GROUPQ,832673fffffffff,2.4
2024_E_GROUPQ,832674fffffffff,0.9
2024_E_GROUPQ,832675fffffffff,0.9
2024_E_GROUPQ,832676fffffffff,1.3
2024_E_GROUPQ,832680fffffffff,1.3
2024_E_GROUPQ,832681fffffffff,3.0
2024_E_GROUPQ,832682fffffffff,3.4
2024_E_GROUPQ,832683fffffffff,2.3
2024_E_GROUPQ,832684fffffffff,8.0
2024_E_GROUPQ,832685fffffffff,1.1
2024_E_GROUPQ,832686fffffffff,3.8
2024_E_GROUPQ,832688fffffffff,3.8
2024_E_GROUPQ,832689fffffffff,7.7
2024_E_GROUPQ,83268afffffffff,0.6
2024_E_GROUPQ,83268bfffffffff,4.4
2024_E_GROUPQ,83268cfffffffff,1.0
2024_E_GROUPQ,83268dfffffffff,7.4
2024_E_GROUPQ,83268efffffffff,1.7
2024_E_GROUPQ,832690fffffffff,2.2
2024_E_GROUPQ,832691fffffffff,1.3
2024_E_GROUPQ,832692fffffffff,3.3
2024_E_GROUPQ,832693fffffffff,2.0
2024_E_GROUPQ,832694fffffffff,1.1
2024_E_GROUPQ,832695fffffffff,2.1
2024_E_GROUPQ,832696fffffffff,1.2
2024_E_GROUPQ,832698fffffffff,0.7
2024_E_GROUPQ,832699fffffffff,0.6
2024_E_GROUPQ,83269afffffffff,2.7
2024_E_GROUPQ,83269bfffffffff,0.6
2024_E_GROUPQ,83269cfffffffff,3.3
2024_E_GROUPQ,83269dfffffffff,3.0
2024_E_GROUPQ,83269efffffffff,3.1
2024_E_GROUPQ,8326a0fffffffff,1.2
2024_E_GROUPQ,8326a1fffffffff,2.8
2024_E_GROUPQ,8326a2fffffffff,5.3
2024_E_GROUPQ,8326a3fffffffff,0.2
2024_E_GROUPQ,8326a4fffffffff,1.2
2024_E_GROUPQ,8326a5fffffffff,4.7
2024_E_GROUPQ,8326a6fffffffff,1.1
2024_E_GROUPQ,8326a8fffffffff,5.5
2024_E_GROUPQ,8326a9fffffffff,1.8
2024_E_GROUPQ,8326aafffffffff,0.3
2024_E_GROUPQ,8326abfffffffff,3.6
2024_E_GROUPQ,8326acfffffffff,2.0
2024_E_GROUPQ,8326adfffffffff,0.9
2024_E_GROUPQ,8326aefffffffff,1.0
2024_E_GROUPQ,8326b0fffffffff,1.0
2024_E_GROUPQ,8326b1fffffffff,1.8
2024_E_GROUPQ,8326b2fffffffff,0.5
2024_E_GROUPQ,8326b3fffffffff,0.3
2024_E_GROUPQ,8326b4fffffffff,1.7
2024_E_GROUPQ,8326b5fffffffff,0.9
2024_E_GROUPQ,8326b6fffffffff,5.8
2024_E_GROUPQ,8326c0fffffffff,2.5
2024_E_GROUPQ,8326c1fffffffff,2.5
2024_E_GROUPQ,8326c2fffffffff,6.8
2024_E_GROUPQ,8326c3fffffffff,7.5
2024_E_GROUPQ,8326c4fffffffff,4.8
2024_E_GROUPQ,8326c5fffffffff,2.8
2024_E_GROUPQ,8326c6fffffffff,2.6
2024_E_GROUPQ,8326c8fffffffff,0.6
2024_E_GROUPQ,8326c9fffffffff,1.0
2024_E_GROUPQ,8326cafffffffff,5.0
2024_E_GROUPQ,8326cbfffffffff,1.5
2024_E_GROUPQ,8326ccfffffffff,2.6
2024_E_GROUPQ,8326cdfffffffff,1.0
2024_E_GROUPQ,8326cefffffffff,1.0
2024_E_GROUPQ,8326d0fffffffff,12.3
2024_E_GROUPQ,8326d1fffffffff,6.4
2024_E_GROUPQ,8326d2fffffffff,1.3
2024_E_GROUPQ,8326d3fffffffff,1.9
2024_E_GROUPQ,8326d4fffffffff,1.3
2024_E_GROUPQ,8326d5fffffffff,1.9
2024_E_GROUPQ,8326d6fffffffff,8.4
2024_E_GROUPQ,8326d8fffffffff,4.8
2024_E_GROUPQ,8326d9fffffffff,2.8
2024_E_GROUPQ,8326dafffffffff,1.3
2024_E_GROUPQ,8326dbfffffffff,2.3
2024_E_GROUPQ,8326dcfffffffff,8.8
2024_E_GROUPQ,8326ddfffffffff,5.8
2024_E_GROUPQ,8326defffffffff,4.7
2024_E_GROUPQ,8326e0fffffffff,2.4
2024_E_GROUPQ,8326e1fffffffff,2.0
2024_E_GROUPQ,8326e2fffffffff,2.6
2024_E_GROUPQ,8326e3fffffffff,2.9
2024_E_GROUPQ,8326e4fffffffff,2.0
2024_E_GROUPQ,8326e5fffffffff,1.1
2024_E_GROUPQ,8326e6fffffffff,2.3
2024_E_GROUPQ,8326e8fffffffff,1.8
2024_E_GROUPQ,8326e9fffffffff,1.1
2024_E_GROUPQ,8326eafffffffff,2.2
2024_E_GROUPQ,8326ebfffffffff,2.3
2024_E_GROUPQ,8326ecfffffffff,1.0
2024_E_GROUPQ,8326edfffffffff,0.5
2024_E_GROUPQ,8326eefffffffff,2.3
2024_E_GROUPQ,8326f0fffffffff,1.1
2024_E_GROUPQ,8326f1fffffffff,2.3
2024_E_GROUPQ,8326f2fffffffff,1.7
2024_E_GROUPQ,8326f3fffffffff,1.0
2024_E_GROUPQ,8326f4fffffffff,1.9
2024_E_GROUPQ,8326f5fffffffff,2.0
2024_E_GROUPQ,8326f6fffffffff,2.9
2024_E_GROUPQ,832708fffffffff,1.9
2024_E_GROUPQ,832709fffffffff,0.9
2024_E_GROUPQ,83270afffffffff,1.3
2024_E_GROUPQ,83270bfffffffff,1.8
2024_E_GROUPQ,83270dfffffffff,0.4
2024_E_GROUPQ,83270efffffffff,0.6
2024_E_GROUPQ,832718fffffffff,1.9
2024_E_GROUPQ,832719fffffffff,1.6
2024_E_GROUPQ,83271afffffffff,1.7
2024_E_GROUPQ,83271bfffffffff,1.4
2024_E_GROUPQ,83271cfffffffff,2.4
2024_E_GROUPQ,83271dfffffffff,2.6
2024_E_GROUPQ,83271efffffffff,1.6
2024_E_GROUPQ,832740fffffffff,1.4
2024_E_GROUPQ,832741fffffffff,2.4
2024_E_GROUPQ,832742fffffffff,1.5
2024_E_GROUPQ,832743fffffffff,0.9
2024_E_GROUPQ,832744fffffffff,4.0
2024_E_GROUPQ,832745fffffffff,0.8
2024_E_GROUPQ,832746fffffffff,2.7
2024_E_GROUPQ,832748fffffffff,1.5
2024_E_GROUPQ,832749fffffffff,1.4
2024_E_GROUPQ,83274bfffffffff,1.0
2024_E_GROUPQ,83274cfffffffff,0.9
2024_E_GROUPQ,83274dfffffffff,1.2
2024_E_GROUPQ,83274efffffffff,1.7
2024_E_GROUPQ,832750fffffffff,1.7
2024_E_GROUPQ,832751fffffffff,0.7
2024_E_GROUPQ,832752fffffffff,1.2
2024_E_GROUPQ,832753fffffffff,1.4
2024_E_GROUPQ,832754fffffffff,0.8
2024_E_GROUPQ,832755fffffffff,1.9
2024_E_GROUPQ,832756fffffffff,2.3
2024_E_GROUPQ,832758fffffffff,1.1
2024_E_GROUPQ,832759fffffffff,1.2
2024_E_GROUPQ,83275afffffffff,1.3
2024_E_GROUPQ,83275bfffffffff,1.4
2024_E_GROUPQ,83275cfffffffff,1.8
2024_E_GROUPQ,83275dfffffffff,2.2
2024_E_GROUPQ,83275efffffffff,3.9
2024_E_GROUPQ,832763fffffffff,4.0
2024_E_GROUPQ,832768fffffffff,1.4
2024_E_GROUPQ,83276afffffffff,0.9
2024_E_GROUPQ,83276bfffffffff,1.0
2024_E_GROUPQ,83276efffffffff,0.8
2024_E_GROUPQ,832770fffffffff,94.1
2024_E_GROUPQ,832771fffffffff,0.9
2024_E_GROUPQ,832772fffffffff,1.4
2024_E_GROUPQ,832773fffffffff,2.1
2024_E_GROUPQ,832780fffffffff,0.8
2024_E_GROUPQ,832781fffffffff,0.8
2024_E_GROUPQ,832782fffffffff,1.3
2024_E_GROUPQ,832783fffffffff,2.0
2024_E_GROUPQ,832784fffffffff,0.5
2024_E_GROUPQ,832785fffffffff,2.0
2024_E_GROUPQ,832786fffffffff,2.0
2024_E_GROUPQ,832788fffffffff,2.7
2024_E_GROUPQ,832789fffffffff,1.3
2024_E_GROUPQ,83278afffffffff,2.1
2024_E_GROUPQ,83278bfffffffff,2.9
2024_E_GROUPQ,83278cfffffffff,1.8
2024_E_GROUPQ,83278dfffffffff,3.4
2024_E_GROUPQ,83278efffffffff,1.3
2024_E_GROUPQ,832790fffffffff,1.3
2024_E_GROUPQ,832791fffffffff,2.3
2024_E_GROUPQ,832792fffffffff,2.1
2024_E_GROUPQ,832793fffffffff,1.6
2024_E_GROUPQ,832794fffffffff,1.6
2024_E_GROUPQ,832795fffffffff,2.5
2024_E_GROUPQ,832796fffffffff,4.2
2024_E_GROUPQ,832798fffffffff,0.7
2024_E_GROUPQ,832799fffffffff,0.9
2024_E_GROUPQ,83279afffffffff,2.2
2024_E_GROUPQ,83279bfffffffff,3.1
2024_E_GROUPQ,83279cfffffffff,1.1
2024_E_GROUPQ,83279dfffffffff,0.9
2024_E_GROUPQ,83279efffffffff,1.5
2024_E_GROUPQ,8327a3fffffffff,3.3
2024_E_GROUPQ,8327a8fffffffff,1.2
2024_E_GROUPQ,8327a9fffffffff,1.0
2024_E_GROUPQ,8327aafffffffff,1.6
2024_E_GROUPQ,8327abfffffffff,2.2
2024_E_GROUPQ,8327acfffffffff,1.2
2024_E_GROUPQ,8327adfffffffff,1.2
2024_E_GROUPQ,8327aefffffffff,2.3
2024_E_GROUPQ,8327b3fffffffff,2.5
2024_E_GROUPQ,832800fffffffff,0.8
2024_E_GROUPQ,832802fffffffff,1.9
2024_E_GROUPQ,832806fffffffff,1.7
2024_E_GROUPQ,832810fffffffff,4.7
2024_E_GROUPQ,832811fffffffff,1.7
2024_E_GROUPQ,832812fffffffff,4.5
2024_E_GROUPQ,832813fffffffff,5.7
2024_E_GROUPQ,832814fffffffff,1.5
2024_E_GROUPQ,832815fffffffff,1.7
2024_E_GROUPQ,832816fffffffff,10.2
2024_E_GROUPQ,832818fffffffff,0.9
2024_E_GROUPQ,83281afffffffff,4.0
2024_E_GROUPQ,83281bfffffffff,0.8
2024_E_GROUPQ,83281cfffffffff,2.9
2024_E_GROUPQ,83281efffffffff,0.8
2024_E_GROUPQ,832830fffffffff,2.4
2024_E_GROUPQ,832831fffffffff,3.2
2024_E_GROUPQ,832832fffffffff,2.3
2024_E_GROUPQ,832833fffffffff,1.3
2024_E_GROUPQ,832834fffffffff,3.5
2024_E_GROUPQ,832835fffffffff,1.4
2024_E_GROUPQ,832836fffffffff,3.1
2024_E_GROUPQ,832880fffffffff,1.9
2024_E_GROUPQ,832881fffffffff,2.8
2024_E_GROUPQ,832882fffffffff,2.5
2024_E_GROUPQ,832883fffffffff,1.9
2024_E_GROUPQ,832884fffffffff,6.8
2024_E_GROUPQ,832885fffffffff,34.4
2024_E_GROUPQ,832886fffffffff,2.8
2024_E_GROUPQ,832888fffffffff,5.3
2024_E_GROUPQ,832889fffffffff,1.9
2024_E_GROUPQ,83288afffffffff,1.6
2024_E_GROUPQ,83288bfffffffff,1.7
2024_E_GROUPQ,83288cfffffffff,3.6
2024_E_GROUPQ,83288dfffffffff,2.6
2024_E_GROUPQ,83288efffffffff,1.8
2024_E_GROUPQ,832890fffffffff,4.1
2024_E_GROUPQ,832891fffffffff,3.5
2024_E_GROUPQ,832892fffffffff,1.5
2024_E_GROUPQ,832893fffffffff,1.8
2024_E_GROUPQ,832894fffffffff,1.6
2024_E_GROUPQ,832895fffffffff,2.7
2024_E_GROUPQ,832896fffffffff,9.3
2024_E_GROUPQ,832898fffffffff,1.5
2024_E_GROUPQ,832899fffffffff,2.1
2024_E_GROUPQ,83289afffffffff,3.3
2024_E_GROUPQ,83289bfffffffff,2.1
2024_E_GROUPQ,83289cfffffffff,1.2
2024_E_GROUPQ,83289dfffffffff,2.1
2024_E_GROUPQ,83289efffffffff,6.5
2024_E_GROUPQ,8328a0fffffffff,10.1
2024_E_GROUPQ,8328a1fffffffff,9.8
2024_E_GROUPQ,8328a2fffffffff,1.2
2024_E_GROUPQ,8328a3fffffffff,38.1
2024_E_GROUPQ,8328a4fffffffff,8.9
2024_E_GROUPQ,8328a5fffffffff,10.1
2024_E_GROUPQ,8328a6fffffffff,2.3
2024_E_GROUPQ,8328a8fffffffff,0.9
2024_E_GROUPQ,8328a9fffffffff,2.6
2024_E_GROUPQ,8328aafffffffff,6.8
2024_E_GROUPQ,8328abfffffffff,4.8
2024_E_GROUPQ,8328acfffffffff,1.1
2024_E_GROUPQ,8328adfffffffff,1.3
2024_E_GROUPQ,8328aefffffffff,10.6
2024_E_GROUPQ,8328b0fffffffff,0.7
2024_E_GROUPQ,8328b1fffffffff,1.0
2024_E_GROUPQ,8328b2fffffffff,0.8
2024_E_GROUPQ,8328b3fffffffff,1.2
2024_E_GROUPQ,8328b4fffffffff,0.9
2024_E_GROUPQ,8328b5fffffffff,1.5
2024_E_GROUPQ,8328b6fffffffff,0.6
2024_E_GROUPQ,8328c2fffffffff,9.3
2024_E_GROUPQ,8328c6fffffffff,4.3
2024_E_GROUPQ,8328d0fffffffff,0.4
2024_E_GROUPQ,8328d1fffffffff,1.4
2024_E_GROUPQ,8328d2fffffffff,2.0
2024_E_GROUPQ,8328d3fffffffff,1.4
2024_E_GROUPQ,8328d4fffffffff,0.6
2024_E_GROUPQ,8328d5fffffffff,4.5
2024_E_GROUPQ,8328d6fffffffff,2.1
2024_E_GROUPQ,8328defffffffff,0.1
2024_E_GROUPQ,8328f0fffffffff,2.8
2024_E_GROUPQ,8328f1fffffffff,2.4
2024_E_GROUPQ,8328f2fffffffff,1.3
2024_E_GROUPQ,8328f3fffffffff,1.8
2024_E_GROUPQ,8328f4fffffffff,2.5
2024_E_GROUPQ,8328f5fffffffff,2.3
2024_E_GROUPQ,8328f6fffffffff,14.8
2024_E_GROUPQ,832912fffffffff,32.7
2024_E_GROUPQ,832913fffffffff,7.9
2024_E_GROUPQ,832916fffffffff,100.0
2024_E_GROUPQ,83291afffffffff,9.6
2024_E_GROUPQ,832980fffffffff,4.6
2024_E_GROUPQ,832981fffffffff,1.9
2024_E_GROUPQ,832982fffffffff,6.0
2024_E_GROUPQ,832983fffffffff,4.4
2024_E_GROUPQ,832984fffffffff,6.2
2024_E_GROUPQ,832985fffffffff,8.6
2024_E_GROUPQ,832986fffffffff,1.7
2024_E_GROUPQ,832988fffffffff,2.8
2024_E_GROUPQ,832989fffffffff,2.0
2024_E_GROUPQ,83298afffffffff,2.7
2024_E_GROUPQ,83298bfffffffff,17.5
2024_E_GROUPQ,83298cfffffffff,2.1
2024_E_GROUPQ,83298dfffffffff,6.1
2024_E_GROUPQ,83298efffffffff,3.3
2024_E_GROUPQ,832990fffffffff,4.4
2024_E_GROUPQ,832991fffffffff,2.3
2024_E_GROUPQ,832992fffffffff,4.6
2024_E_GROUPQ,832993fffffffff,2.2
2024_E_GROUPQ,832994fffffffff,26.6
2024_E_GROUPQ,832995fffffffff,0.9
2024_E_GROUPQ,832996fffffffff,1.5
2024_E_GROUPQ,832998fffffffff,3.7
2024_E_GROUPQ,832999fffffffff,0.9
2024_E_GROUPQ,83299afffffffff,1.7
2024_E_GROUPQ,83299bfffffffff,3.6
2024_E_GROUPQ,83299cfffffffff,11.9
2024_E_GROUPQ,83299dfffffffff,4.4
2024_E_GROUPQ,83299efffffffff,0.2
2024_E_GROUPQ,8329a0fffffffff,2.9
2024_E_GROUPQ,8329a1fffffffff,5.0
2024_E_GROUPQ,8329a2fffffffff,7.6
2024_E_GROUPQ,8329a3fffffffff,7.2
2024_E_GROUPQ,8329a4fffffffff,7.7
2024_E_GROUPQ,8329a5fffffffff,13.4
2024_E_GROUPQ,8329a6fffffffff,10.7
2024_E_GROUPQ,8329a8fffffffff,5.5
2024_E_GROUPQ,8329a9fffffffff,8.1
2024_E_GROUPQ,8329aafffffffff,3.4
2024_E_GROUPQ,8329abfffffffff,6.0
2024_E_GROUPQ,8329acfffffffff,2.4
2024_E_GROUPQ,8329adfffffffff,11.7
2024_E_GROUPQ,8329aefffffffff,3.7
2024_E_GROUPQ,8329b0fffffffff,13.8
2024_E_GROUPQ,8329b1fffffffff,5.1
2024_E_GROUPQ,8329b2fffffffff,5.9
2024_E_GROUPQ,8329b3fffffffff,4.5
2024_E_GROUPQ,8329b4fffffffff,2.3
2024_E_GROUPQ,8329b5fffffffff,0.5
2024_E_GROUPQ,8329b6fffffffff,3.0
2024_E_GROUPQ,832a06fffffffff,1.2
2024_E_GROUPQ,832a10fffffffff,2.8
2024_E_GROUPQ,832a12fffffffff,1.3
2024_E_GROUPQ,832a13fffffffff,2.6
2024_E_GROUPQ,832a14fffffffff,2.3
2024_E_GROUPQ,832a15fffffffff,2.1
2024_E_GROUPQ,832a16fffffffff,4.1
2024_E_GROUPQ,832a30fffffffff,1.9
2024_E_GROUPQ,832a31fffffffff,2.4
2024_E_GROUPQ,832a32fffffffff,2.3
2024_E_GROUPQ,832a33fffffffff,2.1
2024_E_GROUPQ,832a34fffffffff,1.5
2024_E_GROUPQ,832a36fffffffff,1.6
2024_E_GROUPQ,832a80fffffffff,2.6
2024_E_GROUPQ,832a81fffffffff,3.2
2024_E_GROUPQ,832a82fffffffff,1.2
2024_E_GROUPQ,832a83fffffffff,4.1
2024_E_GROUPQ,832a84fffffffff,1.3
2024_E_GROUPQ,832a85fffffffff,2.0
2024_E_GROUPQ,832a86fffffffff,1.8
2024_E_GROUPQ,832a88fffffffff,2.2
2024_E_GROUPQ,832a89fffffffff,2.3
2024_E_GROUPQ,832a8afffffffff,2.5
2024_E_GROUPQ,832a8bfffffffff,1.4
2024_E_GROUPQ,832a8cfffffffff,2.0
2024_E_GROUPQ,832a8dfffffffff,4.5
2024_E_GROUPQ,832a8efffffffff,3.6
2024_E_GROUPQ,832a90fffffffff,1.6
2024_E_GROUPQ,832a91fffffffff,1.4
2024_E_GROUPQ,832a92fffffffff,1.5
2024_E_GROUPQ,832a93fffffffff,0.9
2024_E_GROUPQ,832a94fffffffff,1.4
2024_E_GROUPQ,832a95fffffffff,1.2
2024_E_GROUPQ,832a96fffffffff,0.8
2024_E_GROUPQ,832a98fffffffff,2.3
2024_E_GROUPQ,832a99fffffffff,2.4
2024_E_GROUPQ,832a9afffffffff,1.5
2024_E_GROUPQ,832a9bfffffffff,1.6
2024_E_GROUPQ,832a9cfffffffff,1.1
2024_E_GROUPQ,832a9dfffffffff,3.3
2024_E_GROUPQ,832a9efffffffff,1.8
2024_E_GROUPQ,832aa0fffffffff,0.6
2024_E_GROUPQ,832aa1fffffffff,2.2
2024_E_GROUPQ,832aa2fffffffff,4.4
2024_E_GROUPQ,832aa3fffffffff,2.4
2024_E_GROUPQ,832aa4fffffffff,2.4
2024_E_GROUPQ,832aa5fffffffff,2.4
2024_E_GROUPQ,832aa6fffffffff,2.4
2024_E_GROUPQ,832aa8fffffffff,1.6
2024_E_GROUPQ,832aa9fffffffff,3.9
2024_E_GROUPQ,832aaafffffffff,1.5
2024_E_GROUPQ,832aabfffffffff,2.8
2024_E_GROUPQ,832aacfffffffff,1.9
2024_E_GROUPQ,832aadfffffffff,1.9
2024_E_GROUPQ,832aaefffffffff,1.3
2024_E_GROUPQ,832ab1fffffffff,1.8
2024_E_GROUPQ,832ab2fffffffff,1.2
2024_E_GROUPQ,832ab3fffffffff,1.6
2024_E_GROUPQ,832ab5fffffffff,2.1
2024_E_GROUPQ,832ab6fffffffff,1.0
2024_E_GROUPQ,832ad0fffffffff,1.3
2024_E_GROUPQ,832ad2fffffffff,2.1
2024_E_GROUPQ,832ad3fffffffff,1.4
2024_E_GROUPQ,832ad4fffffffff,1.9
2024_E_GROUPQ,832ad5fffffffff,10.0
2024_E_GROUPQ,832ad6fffffffff,2.7
2024_E_GROUPQ,832af0fffffffff,2.8
2024_E_GROUPQ,832af2fffffffff,3.5
2024_E_GROUPQ,832af3fffffffff,8.1
2024_E_GROUPQ,832af6fffffffff,2.8
2024_E_GROUPQ,832b10fffffffff,2.2
2024_E_GROUPQ,832b11fffffffff,1.3
2024_E_GROUPQ,832b12fffffffff,4.3
2024_E_GROUPQ,832b13fffffffff,1.9
2024_E_GROUPQ,832b18fffffffff,1.4
2024_E_GROUPQ,832b1afffffffff,1.8
2024_E_GROUPQ,832b1bfffffffff,0.4
2024_E_GROUPQ,832b1efffffffff,1.0
2024_E_GROUPQ,832b81fffffffff,1.0
2024_E_GROUPQ,832b88fffffffff,3.1
2024_E_GROUPQ,832b89fffffffff,1.6
2024_E_GROUPQ,832b8afffffffff,1.4
2024_E_GROUPQ,832b8bfffffffff,1.8
2024_E_GROUPQ,832b8cfffffffff,6.8
2024_E_GROUPQ,832b8dfffffffff,2.0
2024_E_GROUPQ,832b8efffffffff,6.1
2024_E_GROUPQ,832b99fffffffff,1.9
2024_E_GROUPQ,832b9bfffffffff,2.3
2024_E_GROUPQ,832ba8fffffffff,3.5
2024_E_GROUPQ,832ba9fffffffff,1.0
2024_E_GROUPQ,832babfffffffff,1.2
2024_E_GROUPQ,832bacfffffffff,2.9
2024_E_GROUPQ,832badfffffffff,1.6
2024_E_GROUPQ,834412fffffffff,21.1
2024_E_GROUPQ,834413fffffffff,5.9
2024_E_GROUPQ,834414fffffffff,12.3
2024_E_GROUPQ,834416fffffffff,0.4
2024_E_GROUPQ,83441afffffffff,1.6
2024_E_GROUPQ,83441bfffffffff,0.4
2024_E_GROUPQ,83441efffffffff,1.4
2024_E_GROUPQ,834440fffffffff,4.8
2024_E_GROUPQ,834441fffffffff,5.1
2024_E_GROUPQ,834442fffffffff,1.2
2024_E_GROUPQ,834443fffffffff,7.8
2024_E_GROUPQ,834444fffffffff,0.8
2024_E_GROUPQ,834445fffffffff,1.7
2024_E_GROUPQ,834446fffffffff,1.3
2024_E_GROUPQ,834448fffffffff,1.8
2024_E_GROUPQ,834449fffffffff,0.4
2024_E_GROUPQ,83444afffffffff,4.3
2024_E_GROUPQ,83444bfffffffff,2.5
2024_E_GROUPQ,83444cfffffffff,2.5
2024_E_GROUPQ,83444dfffffffff,1.2
2024_E_GROUPQ,83444efffffffff,2.3
2024_E_GROUPQ,834450fffffffff,1.1
2024_E_GROUPQ,834451fffffffff,3.1
2024_E_GROUPQ,834452fffffffff,4.0
2024_E_GROUPQ,834453fffffffff,1.1
2024_E_GROUPQ,834455fffffffff,1.2
2024_E_GROUPQ,834456fffffffff,2.7
2024_E_GROUPQ,834458fffffffff,3.7
2024_E_GROUPQ,834459fffffffff,4.0
2024_E_GROUPQ,83445afffffffff,2.2
2024_E_GROUPQ,83445bfffffffff,1.0
2024_E_GROUPQ,83445cfffffffff,2.0
2024_E_GROUPQ,83445dfffffffff,10.7
2024_E_GROUPQ,83445efffffffff,4.2
2024_E_GROUPQ,834463fffffffff,0.7
2024_E_GROUPQ,834468fffffffff,4.4
2024_E_GROUPQ,834469fffffffff,6.8
2024_E_GROUPQ,83446afffffffff,3.0
2024_E_GROUPQ,83446bfffffffff,1.5
2024_E_GROUPQ,83446cfffffffff,3.3
2024_E_GROUPQ,83446dfffffffff,3.0
2024_E_GROUPQ,83446efffffffff,1.8
2024_E_GROUPQ,834471fffffffff,0.5
2024_E_GROUPQ,834473fffffffff,4.0
2024_E_GROUPQ,8344a1fffffffff,23.8
2024_E_GROUPQ,8344a5fffffffff,25.0
2024_E_GROUPQ,8344a8fffffffff,5.5
2024_E_GROUPQ,8344a9fffffffff,1.3
2024_E_GROUPQ,8344abfffffffff,6.6
2024_E_GROUPQ,8344acfffffffff,15.9
2024_E_GROUPQ,8344adfffffffff,8.5
2024_E_GROUPQ,8344aefffffffff,0.9
2024_E_GROUPQ,8344c0fffffffff,5.2
2024_E_GROUPQ,8344c1fffffffff,1.2
2024_E_GROUPQ,8344c2fffffffff,4.1
2024_E_GROUPQ,8344c3fffffffff,1.8
2024_E_GROUPQ,8344c4fffffffff,4.5
2024_E_GROUPQ,8344c5fffffffff,6.0
2024_E_GROUPQ,8344c6fffffffff,4.9
2024_E_GROUPQ,8344c8fffffffff,1.3
2024_E_GROUPQ,8344c9fffffffff,1.5
2024_E_GROUPQ,8344cafffffffff,1.1
2024_E_GROUPQ,8344cbfffffffff,2.2
2024_E_GROUPQ,8344ccfffffffff,1.7
2024_E_GROUPQ,8344cdfffffffff,2.2
2024_E_GROUPQ,8344cefffffffff,1.4
2024_E_GROUPQ,8344d0fffffffff,2.1
2024_E_GROUPQ,8344d1fffffffff,1.7
2024_E_GROUPQ,8344d2fffffffff,0.8
2024_E_GROUPQ,8344d3fffffffff,1.0
2024_E_GROUPQ,8344d5fffffffff,4.0
2024_E_GROUPQ,8344d8fffffffff,1.1
2024_E_GROUPQ,8344d9fffffffff,2.4
2024_E_GROUPQ,8344dafffffffff,1.8
2024_E_GROUPQ,8344dbfffffffff,0.8
2024_E_GROUPQ,8344dcfffffffff,2.5
2024_E_GROUPQ,8344ddfffffffff,1.4
2024_E_GROUPQ,8344defffffffff,4.1
2024_E_GROUPQ,8344e0fffffffff,5.3
2024_E_GROUPQ,8344e1fffffffff,2.6
2024_E_GROUPQ,8344e2fffffffff,2.2
2024_E_GROUPQ,8344e3fffffffff,6.7
2024_E_GROUPQ,8344e4fffffffff,11.9
2024_E_GROUPQ,8344e5fffffffff,6.1
2024_E_GROUPQ,8344e6fffffffff,10.6
2024_E_GROUPQ,8344e8fffffffff,1.9
2024_E_GROUPQ,8344e9fffffffff,1.1
2024_E_GROUPQ,8344eafffffffff,1.3
2024_E_GROUPQ,8344ebfffffffff,1.0
2024_E_GROUPQ,8344ecfffffffff,1.2
2024_E_GROUPQ,8344edfffffffff,2.6
2024_E_GROUPQ,8344eefffffffff,4.3
2024_E_GROUPQ,8344f0fffffffff,5.7
2024_E_GROUPQ,8344f1fffffffff,5.1
2024_E_GROUPQ,8344f3fffffffff,2.2
2024_E_GROUPQ,8344f4fffffffff,1.4
2024_E_GROUPQ,8344f5fffffffff,6.4
2024_E_GROUPQ,8344f6fffffffff,4.3
2024_E_GROUPQ,834859fffffffff,32.1
2024_E_GROUPQ,83485afffffffff,0.6
2024_E_GROUPQ,83485bfffffffff,3.3
2024_E_GROUPQ,834880fffffffff,1.2
2024_E_GROUPQ,834881fffffffff,1.8
2024_E_GROUPQ,834882fffffffff,9.9
2024_E_GROUPQ,834883fffffffff,4.6
2024_E_GROUPQ,834886fffffffff,1.8
2024_E_GROUPQ,834888fffffffff,5.7
2024_E_GROUPQ,834889fffffffff,16.9
2024_E_GROUPQ,83488afffffffff,1.2
2024_E_GROUPQ,83488bfffffffff,1.2
2024_E_GROUPQ,83488cfffffffff,0.2
2024_E_GROUPQ,83488dfffffffff,5.9
2024_E_GROUPQ,83488efffffffff,2.3
2024_E_GROUPQ,834890fffffffff,0.9
2024_E_GROUPQ,834891fffffffff,6.7
2024_E_GROUPQ,834892fffffffff,2.5
2024_E_GROUPQ,834893fffffffff,0.9
2024_E_GROUPQ,834895fffffffff,2.0
2024_E_GROUPQ,834898fffffffff,2.5
2024_E_GROUPQ,834899fffffffff,7.9
2024_E_GROUPQ,83489afffffffff,7.2
2024_E_GROUPQ,83489bfffffffff,2.2
2024_E_GROUPQ,83489cfffffffff,1.6
2024_E_GROUPQ,83489dfffffffff,2.5
2024_E_GROUPQ,83489efffffffff,1.3
2024_E_GROUPQ,8348abfffffffff,1.0
2024_E_GROUPQ,8348b1fffffffff,0.1
2024_E_GROUPQ,8348b2fffffffff,0.2
2024_E_GROUPQ,8348b3fffffffff,3.7
2024_E_GROUPQ,8348c0fffffffff,1.8
2024_E_GROUPQ,8348c1fffffffff,3.4
2024_E_GROUPQ,8348c2fffffffff,10.3
2024_E_GROUPQ,8348c3fffffffff,1.7
2024_E_GROUPQ,8348c4fffffffff,0.9
2024_E_GROUPQ,8348c5fffffffff,1.4
2024_E_GROUPQ,8348c6fffffffff,14.0
2024_E_GROUPQ,8348c8fffffffff,6.1
2024_E_GROUPQ,8348c9fffffffff,0.5
2024_E_GROUPQ,8348cafffffffff,1.0
2024_E_GROUPQ,8348cbfffffffff,1.3
2024_E_GROUPQ,8348ccfffffffff,0.7
2024_E_GROUPQ,8348cdfffffffff,3.5
2024_E_GROUPQ,8348cefffffffff,4.5
2024_E_GROUPQ,8348d0fffffffff,1.0
2024_E_GROUPQ,8348d1fffffffff,2.4
2024_E_GROUPQ,8348d2fffffffff,1.1
2024_E_GROUPQ,8348d3fffffffff,0.9
2024_E_GROUPQ,8348d4fffffffff,5.9
2024_E_GROUPQ,8348d5fffffffff,1.5
2024_E_GROUPQ,8348d6fffffffff,3.1
2024_E_GROUPQ,8348d8fffffffff,0.6
2024_E_GROUPQ,8348d9fffffffff,0.7
2024_E_GROUPQ,8348dafffffffff,2.1
2024_E_GROUPQ,8348dbfffffffff,1.2
2024_E_GROUPQ,8348dcfffffffff,1.5
2024_E_GROUPQ,8348ddfffffffff,3.2
2024_E_GROUPQ,8348defffffffff,7.1
2024_E_GROUPQ,8348e3fffffffff,2.8
2024_E_GROUPQ,8348e8fffffffff,2.0
2024_E_GROUPQ,8348e9fffffffff,16.8
2024_E_GROUPQ,8348eafffffffff,13.8
2024_E_GROUPQ,8348ebfffffffff,2.4
2024_E_GROUPQ,8348ecfffffffff,0.9
2024_E_GROUPQ,8348edfffffffff,3.6
2024_E_GROUPQ,8348eefffffffff,3.5
2024_E_GROUPQ,8348f2fffffffff,4.4
2024_E_GROUPQ,8348f3fffffffff,22.9
2024_E_GROUPQ,8348f6fffffffff,0.2
2024_E_HOUAGE,8312c9fffffffff,65.65
2024_E_HOUAGE,8312cafffffffff,31.38
2024_E_HOUAGE,8312cbfffffffff,45.61
2024_E_HOUAGE,8312d8fffffffff,45.4
2024_E_HOUAGE,8312d9fffffffff,46.97
2024_E_HOUAGE,8312dafffffffff,48.85
2024_E_HOUAGE,8312dbfffffffff,38.24
2024_E_HOUAGE,8312ddfffffffff,37.19
2024_E_HOUAGE,8312defffffffff,31.36
2024_E_HOUAGE,832600fffffffff,67.61
2024_E_HOUAGE,832601fffffffff,70.09
2024_E_HOUAGE,832602fffffffff,67.68
2024_E_HOUAGE,832603fffffffff,72.35
2024_E_HOUAGE,832604fffffffff,62.36
2024_E_HOUAGE,832605fffffffff,71.64
2024_E_HOUAGE,832606fffffffff,64.75
2024_E_HOUAGE,832608fffffffff,72.24
2024_E_HOUAGE,832609fffffffff,61.85
2024_E_HOUAGE,83260afffffffff,65.78
2024_E_HOUAGE,83260bfffffffff,67.26
2024_E_HOUAGE,83260cfffffffff,81.4
2024_E_HOUAGE,83260dfffffffff,59.42
2024_E_HOUAGE,83260efffffffff,67.85
2024_E_HOUAGE,832610fffffffff,60.12
2024_E_HOUAGE,832611fffffffff,67.91
2024_E_HOUAGE,832612fffffffff,61.26
2024_E_HOUAGE,832613fffffffff,70.55
2024_E_HOUAGE,832614fffffffff,48.92
2024_E_HOUAGE,832615fffffffff,62.31
2024_E_HOUAGE,832616fffffffff,41.38
2024_E_HOUAGE,832618fffffffff,71.45
2024_E_HOUAGE,832619fffffffff,76.83
2024_E_HOUAGE,83261afffffffff,71.48
2024_E_HOUAGE,83261bfffffffff,81.6
2024_E_HOUAGE,83261cfffffffff,70.42
2024_E_HOUAGE,83261dfffffffff,72.02
2024_E_HOUAGE,83261efffffffff,70.71
2024_E_HOUAGE,832620fffffffff,58.66
2024_E_HOUAGE,832621fffffffff,50.72
2024_E_HOUAGE,832622fffffffff,65.18
2024_E_HOUAGE,832623fffffffff,76.66
2024_E_HOUAGE,832624fffffffff,43.92
2024_E_HOUAGE,832625fffffffff,43.36
2024_E_HOUAGE,832626fffffffff,59.13
2024_E_HOUAGE,832628fffffffff,79.93
2024_E_HOUAGE,832629fffffffff,73.64
2024_E_HOUAGE,83262afffffffff,79.16
2024_E_HOUAGE,83262bfffffffff,75.39
2024_E_HOUAGE,83262cfffffffff,51.79
2024_E_HOUAGE,83262dfffffffff,62.19
2024_E_HOUAGE,83262efffffffff,73.14
2024_E_HOUAGE,832630fffffffff,72.49
2024_E_HOUAGE,832631fffffffff,64.87
2024_E_HOUAGE,832632fffffffff,55.12
2024_E_HOUAGE,832633fffffffff,63.49
2024_E_HOUAGE,832634fffffffff,66.97
2024_E_HOUAGE,832635fffffffff,67.62
2024_E_HOUAGE,832636fffffffff,58.49
2024_E_HOUAGE,832640fffffffff,52.17
2024_E_HOUAGE,832641fffffffff,51.56
2024_E_HOUAGE,832642fffffffff,44.17
2024_E_HOUAGE,832643fffffffff,47.75
2024_E_HOUAGE,832644fffffffff,60.05
2024_E_HOUAGE,832645fffffffff,53.48
2024_E_HOUAGE,832646fffffffff,49.93
2024_E_HOUAGE,832648fffffffff,39.19
2024_E_HOUAGE,832649fffffffff,37.3
2024_E_HOUAGE,83264afffffffff,41.33
2024_E_HOUAGE,83264bfffffffff,42.08
2024_E_HOUAGE,83264cfffffffff,37.27
2024_E_HOUAGE,83264dfffffffff,29.27
2024_E_HOUAGE,83264efffffffff,54.2
2024_E_HOUAGE,832650fffffffff,46.57
2024_E_HOUAGE,832651fffffffff,40.91
2024_E_HOUAGE,832652fffffffff,51.8
2024_E_HOUAGE,832653fffffffff,43.11
2024_E_HOUAGE,832654fffffffff,60.29
2024_E_HOUAGE,832655fffffffff,43.39
2024_E_HOUAGE,832656fffffffff,45.2
2024_E_HOUAGE,832658fffffffff,43.12
2024_E_HOUAGE,832659fffffffff,43.88
2024_E_HOUAGE,83265afffffffff,39.9
2024_E_HOUAGE,83265bfffffffff,42.19
2024_E_HOUAGE,83265cfffffffff,45.75
2024_E_HOUAGE,83265dfffffffff,53.52
2024_E_HOUAGE,83265efffffffff,39.61
2024_E_HOUAGE,832660fffffffff,72.57
2024_E_HOUAGE,832661fffffffff,53.33
2024_E_HOUAGE,832662fffffffff,67.33
2024_E_HOUAGE,832663fffffffff,63.79
2024_E_HOUAGE,832664fffffffff,52.96
2024_E_HOUAGE,832665fffffffff,63.27
2024_E_HOUAGE,832666fffffffff,61.86
2024_E_HOUAGE,832668fffffffff,40.02
2024_E_HOUAGE,832669fffffffff,40.88
2024_E_HOUAGE,83266afffffffff,51.56
2024_E_HOUAGE,83266bfffffffff,42.1
2024_E_HOUAGE,83266cfffffffff,48.42
2024_E_HOUAGE,83266dfffffffff,38.05
2024_E_HOUAGE,83266efffffffff,53.13
2024_E_HOUAGE,832670fffffffff,65.93
2024_E_HOUAGE,832671fffffffff,70.08
2024_E_HOUAGE,832672fffffffff,60.76
2024_E_HOUAGE,832673fffffffff,56.78
2024_E_HOUAGE,832674fffffffff,59.56
2024_E_HOUAGE,832675fffffffff,76.34
2024_E_HOUAGE,832676fffffffff,68.14
2024_E_HOUAGE,832680fffffffff,45.25
2024_E_HOUAGE,832681fffffffff,43.43
2024_E_HOUAGE,832682fffffffff,47.63
2024_E_HOUAGE,832683fffffffff,33.07
2024_E_HOUAGE,832684fffffffff,67.45
2024_E_HOUAGE,832685fffffffff,32.59
2024_E_HOUAGE,832686fffffffff,51.99
2024_E_HOUAGE,832688fffffffff,38.23
2024_E_HOUAGE,832689fffffffff,63.77
2024_E_HOUAGE,83268afffffffff,38.93
2024_E_HOUAGE,83268bfffffffff,52.61
2024_E_HOUAGE,83268cfffffffff,30.1
2024_E_HOUAGE,83268dfffffffff,66.18
2024_E_HOUAGE,83268efffffffff,31.89
2024_E_HOUAGE,832690fffffffff,37.84
2024_E_HOUAGE,832691fffffffff,49.49
2024_E_HOUAGE,832692fffffffff,42.67
2024_E_HOUAGE,832693fffffffff,54.57
2024_E_HOUAGE,832694fffffffff,38.55
2024_E_HOUAGE,832695fffffffff,43.24
2024_E_HOUAGE,832696fffffffff,27.15
2024_E_HOUAGE,832698fffffffff,46.03
2024_E_HOUAGE,832699fffffffff,34.34
2024_E_HOUAGE,83269afffffffff,43.03
2024_E_HOUAGE,83269bfffffffff,34.14
2024_E_HOUAGE,83269cfffffffff,36.91
2024_E_HOUAGE,83269dfffffffff,34.78
2024_E_HOUAGE,83269efffffffff,52.72
2024_E_HOUAGE,8326a0fffffffff,49.83
2024_E_HOUAGE,8326a1fffffffff,63.68
2024_E_HOUAGE,8326a2fffffffff,38.14
2024_E_HOUAGE,8326a3fffffffff,50.14
2024_E_HOUAGE,8326a4fffffffff,28.95
2024_E_HOUAGE,8326a5fffffffff,44.15
2024_E_HOUAGE,8326a6fffffffff,25.3
2024_E_HOUAGE,8326a8fffffffff,69.5
2024_E_HOUAGE,8326a9fffffffff,73.86
2024_E_HOUAGE,8326aafffffffff,35.32
2024_E_HOUAGE,8326abfffffffff,62.62
2024_E_HOUAGE,8326acfffffffff,79.53
2024_E_HOUAGE,8326adfffffffff,70.57
2024_E_HOUAGE,8326aefffffffff,49.59
2024_E_HOUAGE,8326b0fffffffff,40.29
2024_E_HOUAGE,8326b1fffffffff,47.83
2024_E_HOUAGE,8326b2fffffffff,47.36
2024_E_HOUAGE,8326b3fffffffff,53.97
2024_E_HOUAGE,8326b4fffffffff,43.51
2024_E_HOUAGE,8326b5fffffffff,45.52
2024_E_HOUAGE,8326b6fffffffff,31.62
2024_E_HOUAGE,8326c0fffffffff,59.31
2024_E_HOUAGE,8326c1fffffffff,40.4
2024_E_HOUAGE,8326c2fffffffff,63.25
2024_E_HOUAGE,8326c3fffffffff,64.62
2024_E_HOUAGE,8326c4fffffffff,72.12
2024_E_HOUAGE,8326c5fffffffff,55.93
2024_E_HOUAGE,8326c6fffffffff,73.51
2024_E_HOUAGE,8326c8fffffffff,26.24
2024_E_HOUAGE,8326c9fffffffff,30.93
2024_E_HOUAGE,8326cafffffffff,32.09
2024_E_HOUAGE,8326cbfffffffff,33.66
2024_E_HOUAGE,8326ccfffffffff,45.12
2024_E_HOUAGE,8326cdfffffffff,40.38
2024_E_HOUAGE,8326cefffffffff,53.95
2024_E_HOUAGE,8326d0fffffffff,57.77
2024_E_HOUAGE,8326d1fffffffff,62.71
2024_E_HOUAGE,8326d2fffffffff,54.86
2024_E_HOUAGE,8326d3fffffffff,59.39
2024_E_HOUAGE,8326d4fffffffff,71.79
2024_E_HOUAGE,8326d5fffffffff,63.27
2024_E_HOUAGE,8326d6fffffffff,60.63
2024_E_HOUAGE,8326d8fffffffff,72.03
2024_E_HOUAGE,8326d9fffffffff,55.45
2024_E_HOUAGE,8326dafffffffff,66.84
2024_E_HOUAGE,8326dbfffffffff,58.86
2024_E_HOUAGE,8326dcfffffffff,72.24
2024_E_HOUAGE,8326ddfffffffff,67.91
2024_E_HOUAGE,8326defffffffff,72.93
2024_E_HOUAGE,8326e0fffffffff,66.69
2024_E_HOUAGE,8326e1fffffffff,62.55
2024_E_HOUAGE,8326e2fffffffff,75.55
2024_E_HOUAGE,8326e3fffffffff,54.22
2024_E_HOUAGE,8326e4fffffffff,65.02
2024_E_HOUAGE,8326e5fffffffff,54.58
2024_E_HOUAGE,8326e6fffffffff,78.36
2024_E_HOUAGE,8326e8fffffffff,39.42
2024_E_HOUAGE,8326e9fffffffff,41.16
2024_E_HOUAGE,8326eafffffffff,42.31
2024_E_HOUAGE,8326ebfffffffff,43.67
2024_E_HOUAGE,8326ecfffffffff,51.36
2024_E_HOUAGE,8326edfffffffff,34.07
2024_E_HOUAGE,8326eefffffffff,53.33
2024_E_HOUAGE,8326f0fffffffff,69.91
2024_E_HOUAGE,8326f1fffffffff,71.14
2024_E_HOUAGE,8326f2fffffffff,66.67
2024_E_HOUAGE,8326f3fffffffff,61.96
2024_E_HOUAGE,8326f4fffffffff,77.31
2024_E_HOUAGE,8326f5fffffffff,77.98
2024_E_HOUAGE,8326f6fffffffff,73.89
2024_E_HOUAGE,832708fffffffff,53.4
2024_E_HOUAGE,832709fffffffff,54.93
2024_E_HOUAGE,83270afffffffff,46.78
2024_E_HOUAGE,83270bfffffffff,47.97
2024_E_HOUAGE,83270dfffffffff,39.92
2024_E_HOUAGE,83270efffffffff,41.79
2024_E_HOUAGE,832718fffffffff,75.07
2024_E_HOUAGE,832719fffffffff,68.09
2024_E_HOUAGE,83271afffffffff,72.86
2024_E_HOUAGE,83271bfffffffff,70.45
2024_E_HOUAGE,83271cfffffffff,78.61
2024_E_HOUAGE,83271dfffffffff,61.16
2024_E_HOUAGE,83271efffffffff,73.28
2024_E_HOUAGE,832740fffffffff,54.66
2024_E_HOUAGE,832741fffffffff,45.13
2024_E_HOUAGE,832742fffffffff,51.24
2024_E_HOUAGE,832743fffffffff,52.87
2024_E_HOUAGE,832744fffffffff,51.24
2024_E_HOUAGE,832745fffffffff,43.3
2024_E_HOUAGE,832746fffffffff,57.61
2024_E_HOUAGE,832748fffffffff,51.34
2024_E_HOUAGE,832749fffffffff,60.53
2024_E_HOUAGE,83274bfffffffff,56.06
2024_E_HOUAGE,83274cfffffffff,51.86
2024_E_HOUAGE,83274dfffffffff,55.97
2024_E_HOUAGE,83274efffffffff,51.89
2024_E_HOUAGE,832750fffffffff,49.68
2024_E_HOUAGE,832751fffffffff,53.98
2024_E_HOUAGE,832752fffffffff,44.95
2024_E_HOUAGE,832753fffffffff,54.14
2024_E_HOUAGE,832754fffffffff,52.4
2024_E_HOUAGE,832755fffffffff,51.7
2024_E_HOUAGE,832756fffffffff,49.07
2024_E_HOUAGE,832758fffffffff,52.19
2024_E_HOUAGE,832759fffffffff,47.85
2024_E_HOUAGE,83275afffffffff,60.92
2024_E_HOUAGE,83275bfffffffff,67.35
2024_E_HOUAGE,83275cfffffffff,53.57
2024_E_HOUAGE,83275dfffffffff,55.4
2024_E_HOUAGE,83275efffffffff,50.63
2024_E_HOUAGE,832763fffffffff,50.4
2024_E_HOUAGE,832768fffffffff,60.26
2024_E_HOUAGE,83276afffffffff,51.95
2024_E_HOUAGE,83276bfffffffff,65.14
2024_E_HOUAGE,83276efffffffff,51.16
2024_E_HOUAGE,832770fffffffff,1.47
2024_E_HOUAGE,832771fffffffff,65.74
2024_E_HOUAGE,832772fffffffff,37.67
2024_E_HOUAGE,832773fffffffff,66.74
2024_E_HOUAGE,832780fffffffff,66.83
2024_E_HOUAGE,832781fffffffff,63.36
2024_E_HOUAGE,832782fffffffff,53.92
2024_E_HOUAGE,832783fffffffff,61.09
2024_E_HOUAGE,832784fffffffff,74.03
2024_E_HOUAGE,832785fffffffff,68.36
2024_E_HOUAGE,832786fffffffff,66.6
2024_E_HOUAGE,832788fffffffff,60.71
2024_E_HOUAGE,832789fffffffff,54.27
2024_E_HOUAGE,83278afffffffff,42.32
2024_E_HOUAGE,83278bfffffffff,42.42
2024_E_HOUAGE,83278cfffffffff,60.92
2024_E_HOUAGE,83278dfffffffff,72.88
2024_E_HOUAGE,83278efffffffff,57.23
2024_E_HOUAGE,832790fffffffff,56.2
2024_E_HOUAGE,832791fffffffff,50.65
2024_E_HOUAGE,832792fffffffff,43.35
2024_E_HOUAGE,832793fffffffff,57.32
2024_E_HOUAGE,832794fffffffff,66.86
2024_E_HOUAGE,832795fffffffff,63.92
2024_E_HOUAGE,832796fffffffff,69.63
2024_E_HOUAGE,832798fffffffff,48.68
2024_E_HOUAGE,832799fffffffff,36.58
2024_E_HOUAGE,83279afffffffff,36.42
2024_E_HOUAGE,83279bfffffffff,54.4
2024_E_HOUAGE,83279cfffffffff,50.95
2024_E_HOUAGE,83279dfffffffff,49.79
2024_E_HOUAGE,83279efffffffff,43.84
2024_E_HOUAGE,8327a3fffffffff,77.95
2024_E_HOUAGE,8327a8fffffffff,50.03
2024_E_HOUAGE,8327a9fffffffff,65.52
2024_E_HOUAGE,8327aafffffffff,40.4
2024_E_HOUAGE,8327abfffffffff,55.95
2024_E_HOUAGE,8327acfffffffff,68.71
2024_E_HOUAGE,8327adfffffffff,64.85
2024_E_HOUAGE,8327aefffffffff,63.33
2024_E_HOUAGE,8327b3fffffffff,73.83
2024_E_HOUAGE,832800fffffffff,57.98
2024_E_HOUAGE,832802fffffffff,54.96
2024_E_HOUAGE,832806fffffffff,53.12
2024_E_HOUAGE,832810fffffffff,56.75
2024_E_HOUAGE,832811fffffffff,59.56
2024_E_HOUAGE,832812fffffffff,32.9
2024_E_HOUAGE,832813fffffffff,52.83
2024_E_HOUAGE,832814fffffffff,50.04
2024_E_HOUAGE,832815fffffffff,43.92
2024_E_HOUAGE,832816fffffffff,37.32
2024_E_HOUAGE,832818fffffffff,58.9
2024_E_HOUAGE,83281afffffffff,57.86
2024_E_HOUAGE,83281bfffffffff,59.59
2024_E_HOUAGE,83281cfffffffff,52.51
2024_E_HOUAGE,83281efffffffff,49.49
2024_E_HOUAGE,832830fffffffff,51.1
2024_E_HOUAGE,832831fffffffff,52.55
2024_E_HOUAGE,832832fffffffff,38.92
2024_E_HOUAGE,832833fffffffff,51.39
2024_E_HOUAGE,832834fffffffff,55.95
2024_E_HOUAGE,832835fffffffff,74.76
2024_E_HOUAGE,832836fffffffff,43.85
2024_E_HOUAGE,832880fffffffff,43.0
2024_E_HOUAGE,832881fffffffff,59.3
2024_E_HOUAGE,832882fffffffff,46.21
2024_E_HOUAGE,832883fffffffff,39.81
2024_E_HOUAGE,832884fffffffff,38.37
2024_E_HOUAGE,832885fffffffff,52.94
2024_E_HOUAGE,832886fffffffff,37.01
2024_E_HOUAGE,832888fffffffff,52.94
2024_E_HOUAGE,832889fffffffff,39.83
2024_E_HOUAGE,83288afffffffff,68.85
2024_E_HOUAGE,83288bfffffffff,64.14
2024_E_HOUAGE,83288cfffffffff,66.19
2024_E_HOUAGE,83288dfffffffff,55.26
2024_E_HOUAGE,83288efffffffff,58.55
2024_E_HOUAGE,832890fffffffff,42.56
2024_E_HOUAGE,832891fffffffff,50.11
2024_E_HOUAGE,832892fffffffff,35.03
2024_E_HOUAGE,832893fffffffff,39.95
2024_E_HOUAGE,832894fffffffff,48.29
2024_E_HOUAGE,832895fffffffff,48.7
2024_E_HOUAGE,832896fffffffff,28.84
2024_E_HOUAGE,832898fffffffff,46.47
2024_E_HOUAGE,832899fffffffff,58.84
2024_E_HOUAGE,83289afffffffff,48.3
2024_E_HOUAGE,83289bfffffffff,39.98
2024_E_HOUAGE,83289cfffffffff,35.46
2024_E_HOUAGE,83289dfffffffff,52.0
2024_E_HOUAGE,83289efffffffff,49.6
2024_E_HOUAGE,8328a0fffffffff,44.49
2024_E_HOUAGE,8328a1fffffffff,42.82
2024_E_HOUAGE,8328a2fffffffff,45.45
2024_E_HOUAGE,8328a3fffffffff,50.2
2024_E_HOUAGE,8328a4fffffffff,26.65
2024_E_HOUAGE,8328a5fffffffff,44.4
2024_E_HOUAGE,8328a6fffffffff,36.03
2024_E_HOUAGE,8328a8fffffffff,39.48
2024_E_HOUAGE,8328a9fffffffff,31.05
2024_E_HOUAGE,8328aafffffffff,57.71
2024_E_HOUAGE,8328abfffffffff,54.89
2024_E_HOUAGE,8328acfffffffff,40.47
2024_E_HOUAGE,8328adfffffffff,35.45
2024_E_HOUAGE,8328aefffffffff,41.38
2024_E_HOUAGE,8328b0fffffffff,51.73
2024_E_HOUAGE,8328b1fffffffff,47.36
2024_E_HOUAGE,8328b2fffffffff,57.99
2024_E_HOUAGE,8328b3fffffffff,57.59
2024_E_HOUAGE,8328b4fffffffff,35.17
2024_E_HOUAGE,8328b5fffffffff,38.25
2024_E_HOUAGE,8328b6fffffffff,39.57
2024_E_HOUAGE,8328c2fffffffff,44.0
2024_E_HOUAGE,8328c6fffffffff,55.22
2024_E_HOUAGE,8328d0fffffffff,39.05
2024_E_HOUAGE,8328d1fffffffff,37.25
2024_E_HOUAGE,8328d2fffffffff,36.44
2024_E_HOUAGE,8328d3fffffffff,35.01
2024_E_HOUAGE,8328d4fffffffff,33.22
2024_E_HOUAGE,8328d5fffffffff,38.03
2024_E_HOUAGE,8328d6fffffffff,48.89
2024_E_HOUAGE,8328defffffffff,37.01
2024_E_HOUAGE,8328f0fffffffff,45.63
2024_E_HOUAGE,8328f1fffffffff,52.71
2024_E_HOUAGE,8328f2fffffffff,55.28
2024_E_HOUAGE,8328f3fffffffff,44.82
2024_E_HOUAGE,8328f4fffffffff,52.7
2024_E_HOUAGE,8328f5fffffffff,45.61
2024_E_HOUAGE,8328f6fffffffff,58.34
2024_E_HOUAGE,832912fffffffff,40.59
2024_E_HOUAGE,832913fffffffff,46.11
2024_E_HOUAGE,83291afffffffff,57.55
2024_E_HOUAGE,832980fffffffff,29.77
2024_E_HOUAGE,832981fffffffff,40.11
2024_E_HOUAGE,832982fffffffff,58.0
2024_E_HOUAGE,832983fffffffff,34.94
2024_E_HOUAGE,832984fffffffff,43.43
2024_E_HOUAGE,832985fffffffff,70.06
2024_E_HOUAGE,832986fffffffff,21.7
2024_E_HOUAGE,832988fffffffff,43.89
2024_E_HOUAGE,832989fffffffff,32.1
2024_E_HOUAGE,83298afffffffff,27.58
2024_E_HOUAGE,83298bfffffffff,35.96
2024_E_HOUAGE,83298cfffffffff,44.15
2024_E_HOUAGE,83298dfffffffff,45.71
2024_E_HOUAGE,83298efffffffff,37.99
2024_E_HOUAGE,832990fffffffff,32.56
2024_E_HOUAGE,832991fffffffff,38.02
2024_E_HOUAGE,832992fffffffff,42.76
2024_E_HOUAGE,832993fffffffff,54.4
2024_E_HOUAGE,832994fffffffff,15.57
2024_E_HOUAGE,832995fffffffff,11.9
2024_E_HOUAGE,832996fffffffff,32.06
2024_E_HOUAGE,832998fffffffff,62.37
2024_E_HOUAGE,832999fffffffff,39.8
2024_E_HOUAGE,83299afffffffff,45.15
2024_E_HOUAGE,83299bfffffffff,27.95
2024_E_HOUAGE,83299cfffffffff,47.19
2024_E_HOUAGE,83299dfffffffff,39.48
2024_E_HOUAGE,83299efffffffff,56.88
2024_E_HOUAGE,8329a0fffffffff,39.64
2024_E_HOUAGE,8329a1fffffffff,44.66
2024_E_HOUAGE,8329a2fffffffff,46.62
2024_E_HOUAGE,8329a3fffffffff,63.02
2024_E_HOUAGE,8329a4fffffffff,40.67
2024_E_HOUAGE,8329a5fffffffff,70.68
2024_E_HOUAGE,8329a6fffffffff,47.39
2024_E_HOUAGE,8329a8fffffffff,45.81
2024_E_HOUAGE,8329a9fffffffff,41.43
2024_E_HOUAGE,8329aafffffffff,57.76
2024_E_HOUAGE,8329abfffffffff,43.63
2024_E_HOUAGE,8329acfffffffff,58.68
2024_E_HOUAGE,8329adfffffffff,38.33
2024_E_HOUAGE,8329aefffffffff,48.94
2024_E_HOUAGE,8329b0fffffffff,25.05
2024_E_HOUAGE,8329b1fffffffff,32.05
2024_E_HOUAGE,8329b2fffffffff,20.43
2024_E_HOUAGE,8329b3fffffffff,17.41
2024_E_HOUAGE,8329b4fffffffff,39.2
2024_E_HOUAGE,8329b5fffffffff,56.93
2024_E_HOUAGE,8329b6fffffffff,19.37
2024_E_HOUAGE,832a06fffffffff,37.91
2024_E_HOUAGE,832a10fffffffff,69.57
2024_E_HOUAGE,832a12fffffffff,50.2
2024_E_HOUAGE,832a13fffffffff,49.4
2024_E_HOUAGE,832a14fffffffff,60.07
2024_E_HOUAGE,832a15fffffffff,57.11
2024_E_HOUAGE,832a16fffffffff,57.3
2024_E_HOUAGE,832a30fffffffff,52.04
2024_E_HOUAGE,832a31fffffffff,52.16
2024_E_HOUAGE,832a32fffffffff,56.01
2024_E_HOUAGE,832a33fffffffff,54.5
2024_E_HOUAGE,832a34fffffffff,44.67
2024_E_HOUAGE,832a36fffffffff,47.7
2024_E_HOUAGE,832a80fffffffff,58.08
2024_E_HOUAGE,832a81fffffffff,48.17
2024_E_HOUAGE,832a82fffffffff,51.01
2024_E_HOUAGE,832a83fffffffff,49.57
2024_E_HOUAGE,832a84fffffffff,64.53
2024_E_HOUAGE,832a85fffffffff,56.14
2024_E_HOUAGE,832a86fffffffff,61.08
2024_E_HOUAGE,832a88fffffffff,44.34
2024_E_HOUAGE,832a89fffffffff,34.26
2024_E_HOUAGE,832a8afffffffff,48.02
2024_E_HOUAGE,832a8bfffffffff,38.34
2024_E_HOUAGE,832a8cfffffffff,38.73
2024_E_HOUAGE,832a8dfffffffff,43.0
2024_E_HOUAGE,832a8efffffffff,53.94
2024_E_HOUAGE,832a90fffffffff,61.37
2024_E_HOUAGE,832a91fffffffff,47.98
2024_E_HOUAGE,832a92fffffffff,65.38
2024_E_HOUAGE,832a93fffffffff,46.36
2024_E_HOUAGE,832a94fffffffff,66.26
2024_E_HOUAGE,832a95fffffffff,50.07
2024_E_HOUAGE,832a96fffffffff,59.96
2024_E_HOUAGE,832a98fffffffff,40.21
2024_E_HOUAGE,832a99fffffffff,52.19
2024_E_HOUAGE,832a9afffffffff,36.74
2024_E_HOUAGE,832a9bfffffffff,45.01
2024_E_HOUAGE,832a9cfffffffff,45.68
2024_E_HOUAGE,832a9dfffffffff,55.29
2024_E_HOUAGE,832a9efffffffff,42.24
2024_E_HOUAGE,832aa0fffffffff,63.46
2024_E_HOUAGE,832aa1fffffffff,60.42
2024_E_HOUAGE,832aa2fffffffff,68.84
2024_E_HOUAGE,832aa3fffffffff,62.02
2024_E_HOUAGE,832aa4fffffffff,60.24
2024_E_HOUAGE,832aa5fffffffff,59.18
2024_E_HOUAGE,832aa6fffffffff,67.05
2024_E_HOUAGE,832aa8fffffffff,44.23
2024_E_HOUAGE,832aa9fffffffff,44.23
2024_E_HOUAGE,832aaafffffffff,36.68
2024_E_HOUAGE,832aabfffffffff,33.47
2024_E_HOUAGE,832aacfffffffff,47.29
2024_E_HOUAGE,832aadfffffffff,40.1
2024_E_HOUAGE,832aaefffffffff,49.88
2024_E_HOUAGE,832ab1fffffffff,62.44
2024_E_HOUAGE,832ab2fffffffff,59.7
2024_E_HOUAGE,832ab3fffffffff,59.07
2024_E_HOUAGE,832ab5fffffffff,62.23
2024_E_HOUAGE,832ab6fffffffff,52.02
2024_E_HOUAGE,832ad0fffffffff,32.21
2024_E_HOUAGE,832ad2fffffffff,39.73
2024_E_HOUAGE,832ad3fffffffff,21.85
2024_E_HOUAGE,832ad4fffffffff,37.73
2024_E_HOUAGE,832ad5fffffffff,28.74
2024_E_HOUAGE,832ad6fffffffff,27.53
2024_E_HOUAGE,832af0fffffffff,29.0
2024_E_HOUAGE,832af2fffffffff,45.42
2024_E_HOUAGE,832af3fffffffff,42.76
2024_E_HOUAGE,832af6fffffffff,39.29
2024_E_HOUAGE,832b10fffffffff,64.62
2024_E_HOUAGE,832b11fffffffff,62.78
2024_E_HOUAGE,832b12fffffffff,63.1
2024_E_HOUAGE,832b13fffffffff,63.71
2024_E_HOUAGE,832b18fffffffff,48.86
2024_E_HOUAGE,832b1afffffffff,45.39
2024_E_HOUAGE,832b1bfffffffff,49.76
2024_E_HOUAGE,832b1efffffffff,52.41
2024_E_HOUAGE,832b81fffffffff,61.24
2024_E_HOUAGE,832b88fffffffff,56.32
2024_E_HOUAGE,832b89fffffffff,58.34
2024_E_HOUAGE,832b8afffffffff,57.42
2024_E_HOUAGE,832b8bfffffffff,61.82
2024_E_HOUAGE,832b8cfffffffff,58.13
2024_E_HOUAGE,832b8dfffffffff,57.9
2024_E_HOUAGE,832b8efffffffff,56.5
2024_E_HOUAGE,832b99fffffffff,62.44
2024_E_HOUAGE,832b9bfffffffff,66.24
2024_E_HOUAGE,832ba8fffffffff,48.79
2024_E_HOUAGE,832ba9fffffffff,54.47
2024_E_HOUAGE,832babfffffffff,52.69
2024_E_HOUAGE,832bacfffffffff,53.85
2024_E_HOUAGE,832badfffffffff,57.57
2024_E_HOUAGE,834412fffffffff,12.33
2024_E_HOUAGE,834413fffffffff,13.77
2024_E_HOUAGE,834414fffffffff,55.42
2024_E_HOUAGE,834416fffffffff,37.07
2024_E_HOUAGE,83441afffffffff,28.5
2024_E_HOUAGE,83441bfffffffff,28.45
2024_E_HOUAGE,83441efffffffff,19.43
2024_E_HOUAGE,834440fffffffff,42.03
2024_E_HOUAGE,834441fffffffff,41.43
2024_E_HOUAGE,834442fffffffff,38.63
2024_E_HOUAGE,834443fffffffff,50.41
2024_E_HOUAGE,834444fffffffff,42.89
2024_E_HOUAGE,834445fffffffff,37.74
2024_E_HOUAGE,834446fffffffff,34.77
2024_E_HOUAGE,834448fffffffff,43.9
2024_E_HOUAGE,834449fffffffff,42.79
2024_E_HOUAGE,83444afffffffff,47.27
2024_E_HOUAGE,83444bfffffffff,34.48
2024_E_HOUAGE,83444cfffffffff,37.55
2024_E_HOUAGE,83444dfffffffff,42.03
2024_E_HOUAGE,83444efffffffff,42.94
2024_E_HOUAGE,834450fffffffff,32.96
2024_E_HOUAGE,834451fffffffff,34.63
2024_E_HOUAGE,834452fffffffff,30.77
2024_E_HOUAGE,834453fffffffff,41.8
2024_E_HOUAGE,834455fffffffff,23.15
2024_E_HOUAGE,834456fffffffff,30.45
2024_E_HOUAGE,834458fffffffff,42.61
2024_E_HOUAGE,834459fffffffff,51.97
2024_E_HOUAGE,83445afffffffff,45.53
2024_E_HOUAGE,83445bfffffffff,35.51
2024_E_HOUAGE,83445cfffffffff,34.88
2024_E_HOUAGE,83445dfffffffff,47.39
2024_E_HOUAGE,83445efffffffff,41.95
2024_E_HOUAGE,834463fffffffff,39.66
2024_E_HOUAGE,834468fffffffff,37.3
2024_E_HOUAGE,834469fffffffff,33.49
2024_E_HOUAGE,83446afffffffff,35.11
2024_E_HOUAGE,83446bfffffffff,38.75
2024_E_HOUAGE,83446cfffffffff,30.58
2024_E_HOUAGE,83446dfffffffff,24.33
2024_E_HOUAGE,83446efffffffff,30.4
2024_E_HOUAGE,834471fffffffff,46.22
2024_E_HOUAGE,834473fffffffff,24.04
2024_E_HOUAGE,8344a1fffffffff,27.38
2024_E_HOUAGE,8344a5fffffffff,13.82
2024_E_HOUAGE,8344a8fffffffff,23.37
2024_E_HOUAGE,8344a9fffffffff,18.94
2024_E_HOUAGE,8344abfffffffff,13.57
2024_E_HOUAGE,8344acfffffffff,14.56
2024_E_HOUAGE,8344adfffffffff,30.65
2024_E_HOUAGE,8344aefffffffff,20.14
2024_E_HOUAGE,8344c0fffffffff,35.4
2024_E_HOUAGE,8344c1fffffffff,25.15
2024_E_HOUAGE,8344c2fffffffff,41.01
2024_E_HOUAGE,8344c3fffffffff,40.52
2024_E_HOUAGE,8344c4fffffffff,43.2
2024_E_HOUAGE,8344c5fffffffff,34.65
2024_E_HOUAGE,8344c6fffffffff,40.95
2024_E_HOUAGE,8344c8fffffffff,33.45
2024_E_HOUAGE,8344c9fffffffff,38.66
2024_E_HOUAGE,8344cafffffffff,29.18
2024_E_HOUAGE,8344cbfffffffff,38.44
2024_E_HOUAGE,8344ccfffffffff,30.42
2024_E_HOUAGE,8344cdfffffffff,39.16
2024_E_HOUAGE,8344cefffffffff,25.82
2024_E_HOUAGE,8344d0fffffffff,24.32
2024_E_HOUAGE,8344d1fffffffff,40.7
2024_E_HOUAGE,8344d2fffffffff,27.12
2024_E_HOUAGE,8344d3fffffffff,35.2
2024_E_HOUAGE,8344d5fffffffff,25.28
2024_E_HOUAGE,8344d8fffffffff,37.08
2024_E_HOUAGE,8344d9fffffffff,40.21
2024_E_HOUAGE,8344dafffffffff,41.95
2024_E_HOUAGE,8344dbfffffffff,39.8
2024_E_HOUAGE,8344dcfffffffff,40.86
2024_E_HOUAGE,8344ddfffffffff,34.45
2024_E_HOUAGE,8344defffffffff,37.17
2024_E_HOUAGE,8344e0fffffffff,35.64
2024_E_HOUAGE,8344e1fffffffff,41.29
2024_E_HOUAGE,8344e2fffffffff,34.26
2024_E_HOUAGE,8344e3fffffffff,43.97
2024_E_HOUAGE,8344e4fffffffff,30.37
2024_E_HOUAGE,8344e5fffffffff,21.98
2024_E_HOUAGE,8344e6fffffffff,24.55
2024_E_HOUAGE,8344e8fffffffff,36.48
2024_E_HOUAGE,8344e9fffffffff,40.23
2024_E_HOUAGE,8344eafffffffff,35.6
2024_E_HOUAGE,8344ebfffffffff,36.74
2024_E_HOUAGE,8344ecfffffffff,38.78
2024_E_HOUAGE,8344edfffffffff,39.76
2024_E_HOUAGE,8344eefffffffff,36.43
2024_E_HOUAGE,8344f0fffffffff,26.39
2024_E_HOUAGE,8344f1fffffffff,42.68
2024_E_HOUAGE,8344f3fffffffff,24.65
2024_E_HOUAGE,8344f4fffffffff,31.32
2024_E_HOUAGE,8344f5fffffffff,30.79
2024_E_HOUAGE,8344f6fffffffff,24.73
2024_E_HOUAGE,834859fffffffff,40.36
2024_E_HOUAGE,83485afffffffff,23.94
2024_E_HOUAGE,83485bfffffffff,51.34
2024_E_HOUAGE,834880fffffffff,24.76
2024_E_HOUAGE,834881fffffffff,22.91
2024_E_HOUAGE,834882fffffffff,45.94
2024_E_HOUAGE,834883fffffffff,37.42
2024_E_HOUAGE,834886fffffffff,38.58
2024_E_HOUAGE,834888fffffffff,61.32
2024_E_HOUAGE,834889fffffffff,50.36
2024_E_HOUAGE,83488afffffffff,50.5
2024_E_HOUAGE,83488bfffffffff,47.48
2024_E_HOUAGE,83488cfffffffff,73.57
2024_E_HOUAGE,83488dfffffffff,47.95
2024_E_HOUAGE,83488efffffffff,43.78
2024_E_HOUAGE,834890fffffffff,49.19
2024_E_HOUAGE,834891fffffffff,45.31
2024_E_HOUAGE,834892fffffffff,52.16
2024_E_HOUAGE,834893fffffffff,46.78
2024_E_HOUAGE,834895fffffffff,40.78
2024_E_HOUAGE,834898fffffffff,29.39
2024_E_HOUAGE,834899fffffffff,56.1
2024_E_HOUAGE,83489afffffffff,36.07
2024_E_HOUAGE,83489bfffffffff,43.0
2024_E_HOUAGE,83489cfffffffff,21.84
2024_E_HOUAGE,83489dfffffffff,41.61
2024_E_HOUAGE,83489efffffffff,29.63
2024_E_HOUAGE,8348abfffffffff,48.1
2024_E_HOUAGE,8348b1fffffffff,19.98
2024_E_HOUAGE,8348b2fffffffff,18.87
2024_E_HOUAGE,8348b3fffffffff,44.0
2024_E_HOUAGE,8348c0fffffffff,43.26
2024_E_HOUAGE,8348c1fffffffff,44.26
2024_E_HOUAGE,8348c2fffffffff,35.35
2024_E_HOUAGE,8348c3fffffffff,42.49
2024_E_HOUAGE,8348c4fffffffff,41.16
2024_E_HOUAGE,8348c5fffffffff,44.75
2024_E_HOUAGE,8348c6fffffffff,19.08
2024_E_HOUAGE,8348c8fffffffff,35.92
2024_E_HOUAGE,8348c9fffffffff,28.5
2024_E_HOUAGE,8348cafffffffff,36.24
2024_E_HOUAGE,8348cbfffffffff,30.87
2024_E_HOUAGE,8348ccfffffffff,28.99
2024_E_HOUAGE,8348cdfffffffff,31.62
2024_E_HOUAGE,8348cefffffffff,33.27
2024_E_HOUAGE,8348d0fffffffff,40.55
2024_E_HOUAGE,8348d1fffffffff,40.19
2024_E_HOUAGE,8348d2fffffffff,56.87
2024_E_HOUAGE,8348d3fffffffff,57.21
2024_E_HOUAGE,8348d4fffffffff,57.47
2024_E_HOUAGE,8348d5fffffffff,20.17
2024_E_HOUAGE,8348d6fffffffff,38.72
2024_E_HOUAGE,8348d8fffffffff,36.02
2024_E_HOUAGE,8348d9fffffffff,39.3
2024_E_HOUAGE,8348dafffffffff,43.08
2024_E_HOUAGE,8348dbfffffffff,38.74
2024_E_HOUAGE,8348dcfffffffff,39.68
2024_E_HOUAGE,8348ddfffffffff,39.06
2024_E_HOUAGE,8348defffffffff,56.87
2024_E_HOUAGE,8348e3fffffffff,37.14
2024_E_HOUAGE,8348e8fffffffff,28.15
2024_E_HOUAGE,8348e9fffffffff,30.28
2024_E_HOUAGE,8348eafffffffff,34.77
2024_E_HOUAGE,8348ebfffffffff,26.72
2024_E_HOUAGE,8348ecfffffffff,25.83
2024_E_HOUAGE,8348edfffffffff,54.69
2024_E_HOUAGE,8348eefffffffff,34.32
2024_E_HOUAGE,8348f2fffffffff,48.68
2024_E_HOUAGE,8348f3fffffffff,45.66
2024_E_HOUAGE,8348f6fffffffff,48.87
2024_E_HOUBDN,8312c9fffffffff,17.9665
2024_E_HOUBDN,8312cafffffffff,23.3921
2024_E_HOUBDN,8312cbfffffffff,22.7885
2024_E_HOUBDN,8312d8fffffffff,21.5374
2024_E_HOUBDN,8312d9fffffffff,23.1862
2024_E_HOUBDN,8312dafffffffff,20.0039
2024_E_HOUBDN,8312dbfffffffff,21.0808
2024_E_HOUBDN,8312ddfffffffff,22.2313
2024_E_HOUBDN,8312defffffffff,21.704
2024_E_HOUBDN,832600fffffffff,14.7027
2024_E_HOUBDN,832601fffffffff,14.9933
2024_E_HOUBDN,832602fffffffff,17.8348
2024_E_HOUBDN,832603fffffffff,15.3081
2024_E_HOUBDN,832604fffffffff,16.5289
2024_E_HOUBDN,832605fffffffff,15.6467
2024_E_HOUBDN,832606fffffffff,15.5743
2024_E_HOUBDN,832608fffffffff,17.2043
2024_E_HOUBDN,832609fffffffff,18.203
2024_E_HOUBDN,83260afffffffff,16.2748
2024_E_HOUBDN,83260bfffffffff,17.939
2024_E_HOUBDN,83260cfffffffff,15.1856
2024_E_HOUBDN,83260dfffffffff,16.6787
2024_E_HOUBDN,83260efffffffff,15.8411
2024_E_HOUBDN,832610fffffffff,23.4157
2024_E_HOUBDN,832611fffffffff,19.0566
2024_E_HOUBDN,832612fffffffff,22.8808
2024_E_HOUBDN,832613fffffffff,15.9588
2024_E_HOUBDN,832614fffffffff,14.4341
2024_E_HOUBDN,832615fffffffff,15.2448
2024_E_HOUBDN,832616fffffffff,23.631
2024_E_HOUBDN,832618fffffffff,16.6994
2024_E_HOUBDN,832619fffffffff,13.8297
2024_E_HOUBDN,83261afffffffff,15.7414
2024_E_HOUBDN,83261bfffffffff,17.1531
2024_E_HOUBDN,83261cfffffffff,17.6061
2024_E_HOUBDN,83261dfffffffff,14.6739
2024_E_HOUBDN,83261efffffffff,14.6885
2024_E_HOUBDN,832620fffffffff,17.711
2024_E_HOUBDN,832621fffffffff,17.5168
2024_E_HOUBDN,832622fffffffff,14.3948
2024_E_HOUBDN,832623fffffffff,16.6161
2024_E_HOUBDN,832624fffffffff,20.505
2024_E_HOUBDN,832625fffffffff,21.1564
2024_E_HOUBDN,832626fffffffff,13.5857
2024_E_HOUBDN,832628fffffffff,15.793
2024_E_HOUBDN,832629fffffffff,16.5093
2024_E_HOUBDN,83262afffffffff,14.527
2024_E_HOUBDN,83262bfffffffff,15.9405
2024_E_HOUBDN,83262cfffffffff,16.7718
2024_E_HOUBDN,83262dfffffffff,17.5776
2024_E_HOUBDN,83262efffffffff,16.4026
2024_E_HOUBDN,832630fffffffff,16.451
2024_E_HOUBDN,832631fffffffff,13.9294
2024_E_HOUBDN,832632fffffffff,15.2284
2024_E_HOUBDN,832633fffffffff,13.6679
2024_E_HOUBDN,832634fffffffff,16.5011
2024_E_HOUBDN,832635fffffffff,13.1068
2024_E_HOUBDN,832636fffffffff,18.2543
2024_E_HOUBDN,832640fffffffff,16.9862
2024_E_HOUBDN,832641fffffffff,17.2005
2024_E_HOUBDN,832642fffffffff,18.9537
2024_E_HOUBDN,832643fffffffff,16.6879
2024_E_HOUBDN,832644fffffffff,16.2143
2024_E_HOUBDN,832645fffffffff,16.0115
2024_E_HOUBDN,832646fffffffff,17.4166
2024_E_HOUBDN,832648fffffffff,17.137
2024_E_HOUBDN,832649fffffffff,17.9107
2024_E_HOUBDN,83264afffffffff,20.154
2024_E_HOUBDN,83264bfffffffff,18.0589
2024_E_HOUBDN,83264cfffffffff,17.2324
2024_E_HOUBDN,83264dfffffffff,18.9184
2024_E_HOUBDN,83264efffffffff,18.527
2024_E_HOUBDN,832650fffffffff,19.1457
2024_E_HOUBDN,832651fffffffff,20.6553
2024_E_HOUBDN,832652fffffffff,18.5606
2024_E_HOUBDN,832653fffffffff,20.303
2024_E_HOUBDN,832654fffffffff,14.4065
2024_E_HOUBDN,832655fffffffff,15.7237
2024_E_HOUBDN,832656fffffffff,17.5454
2024_E_HOUBDN,832658fffffffff,19.4542
2024_E_HOUBDN,832659fffffffff,22.0371
2024_E_HOUBDN,83265afffffffff,19.7666
2024_E_HOUBDN,83265bfffffffff,20.2325
2024_E_HOUBDN,83265cfffffffff,22.403
2024_E_HOUBDN,83265dfffffffff,19.0743
2024_E_HOUBDN,83265efffffffff,20.9175
2024_E_HOUBDN,832660fffffffff,18.1855
2024_E_HOUBDN,832661fffffffff,17.7302
2024_E_HOUBDN,832662fffffffff,15.6333
2024_E_HOUBDN,832663fffffffff,16.3745
2024_E_HOUBDN,832664fffffffff,20.822
2024_E_HOUBDN,832665fffffffff,16.0668
2024_E_HOUBDN,832666fffffffff,18.6713
2024_E_HOUBDN,832668fffffffff,15.5391
2024_E_HOUBDN,832669fffffffff,19.9767
2024_E_HOUBDN,83266afffffffff,17.2015
2024_E_HOUBDN,83266bfffffffff,18.9479
2024_E_HOUBDN,83266cfffffffff,18.3672
2024_E_HOUBDN,83266dfffffffff,18.8495
2024_E_HOUBDN,83266efffffffff,14.5525
2024_E_HOUBDN,832670fffffffff,15.9619
2024_E_HOUBDN,832671fffffffff,15.9054
2024_E_HOUBDN,832672fffffffff,17.883
2024_E_HOUBDN,832673fffffffff,16.9147
2024_E_HOUBDN,832674fffffffff,17.475
2024_E_HOUBDN,832675fffffffff,17.6057
2024_E_HOUBDN,832676fffffffff,17.0627
2024_E_HOUBDN,832680fffffffff,22.3285
2024_E_HOUBDN,832681fffffffff,20.8076
2024_E_HOUBDN,832682fffffffff,20.4939
2024_E_HOUBDN,832683fffffffff,23.5459
2024_E_HOUBDN,832684fffffffff,17.1504
2024_E_HOUBDN,832685fffffffff,16.5364
2024_E_HOUBDN,832686fffffffff,14.1653
2024_E_HOUBDN,832688fffffffff,22.7961
2024_E_HOUBDN,832689fffffffff,21.3331
2024_E_HOUBDN,83268afffffffff,23.0159
2024_E_HOUBDN,83268bfffffffff,26.3996
2024_E_HOUBDN,83268cfffffffff,20.0481
2024_E_HOUBDN,83268dfffffffff,22.9304
2024_E_HOUBDN,83268efffffffff,23.5917
2024_E_HOUBDN,832690fffffffff,18.1403
2024_E_HOUBDN,832691fffffffff,23.3003
2024_E_HOUBDN,832692fffffffff,16.0282
2024_E_HOUBDN,832693fffffffff,18.8115
2024_E_HOUBDN,832694fffffffff,12.5633
2024_E_HOUBDN,832695fffffffff,17.0218
2024_E_HOUBDN,832696fffffffff,13.5123
2024_E_HOUBDN,832698fffffffff,21.0022
2024_E_HOUBDN,832699fffffffff,23.4999
2024_E_HOUBDN,83269afffffffff,17.8298
2024_E_HOUBDN,83269bfffffffff,17.2085
2024_E_HOUBDN,83269cfffffffff,20.5412
2024_E_HOUBDN,83269dfffffffff,21.758
2024_E_HOUBDN,83269efffffffff,25.4743
2024_E_HOUBDN,8326a0fffffffff,14.8449
2024_E_HOUBDN,8326a1fffffffff,20.3314
2024_E_HOUBDN,8326a2fffffffff,15.6503
2024_E_HOUBDN,8326a3fffffffff,14.1712
2024_E_HOUBDN,8326a4fffffffff,17.2008
2024_E_HOUBDN,8326a5fffffffff,23.2436
2024_E_HOUBDN,8326a6fffffffff,14.3137
2024_E_HOUBDN,8326a8fffffffff,21.6246
2024_E_HOUBDN,8326a9fffffffff,19.6117
2024_E_HOUBDN,8326aafffffffff,21.7405
2024_E_HOUBDN,8326abfffffffff,22.792
2024_E_HOUBDN,8326acfffffffff,19.9226
2024_E_HOUBDN,8326adfffffffff,18.9093
2024_E_HOUBDN,8326aefffffffff,18.6159
2024_E_HOUBDN,8326b0fffffffff,16.0698
2024_E_HOUBDN,8326b1fffffffff,14.5174
2024_E_HOUBDN,8326b2fffffffff,14.7977
2024_E_HOUBDN,8326b3fffffffff,13.4175
2024_E_HOUBDN,8326b4fffffffff,19.2392
2024_E_HOUBDN,8326b5fffffffff,17.9199
2024_E_HOUBDN,8326b6fffffffff,18.298
2024_E_HOUBDN,8326c0fffffffff,14.6735
2024_E_HOUBDN,8326c1fffffffff,15.2705
2024_E_HOUBDN,8326c2fffffffff,17.273
2024_E_HOUBDN,8326c3fffffffff,15.8308
2024_E_HOUBDN,8326c4fffffffff,17.4692
2024_E_HOUBDN,8326c5fffffffff,15.9225
2024_E_HOUBDN,8326c6fffffffff,12.5235
2024_E_HOUBDN,8326c8fffffffff,18.9754
2024_E_HOUBDN,8326c9fffffffff,19.7186
2024_E_HOUBDN,8326cafffffffff,16.8872
2024_E_HOUBDN,8326cbfffffffff,20.9596
2024_E_HOUBDN,8326ccfffffffff,16.1371
2024_E_HOUBDN,8326cdfffffffff,18.2652
2024_E_HOUBDN,8326cefffffffff,16.288
2024_E_HOUBDN,8326d0fffffffff,17.9194
2024_E_HOUBDN,8326d1fffffffff,14.8567
2024_E_HOUBDN,8326d2fffffffff,20.793
2024_E_HOUBDN,8326d3fffffffff,14.5836
2024_E_HOUBDN,8326d4fffffffff,13.9272
2024_E_HOUBDN,8326d5fffffffff,15.3569
2024_E_HOUBDN,8326d6fffffffff,15.0292
2024_E_HOUBDN,8326d8fffffffff,14.8066
2024_E_HOUBDN,8326d9fffffffff,18.578
2024_E_HOUBDN,8326dafffffffff,13.4802
2024_E_HOUBDN,8326dbfffffffff,15.8495
2024_E_HOUBDN,8326dcfffffffff,16.7403
2024_E_HOUBDN,8326ddfffffffff,18.1099
2024_E_HOUBDN,8326defffffffff,18.1116
2024_E_HOUBDN,8326e0fffffffff,17.2992
2024_E_HOUBDN,8326e1fffffffff,16.73
2024_E_HOUBDN,8326e2fffffffff,16.1306
2024_E_HOUBDN,8326e3fffffffff,17.1331
2024_E_HOUBDN,8326e4fffffffff,17.3054
2024_E_HOUBDN,8326e5fffffffff,17.3289
2024_E_HOUBDN,8326e6fffffffff,17.7531
2024_E_HOUBDN,8326e8fffffffff,18.9795
2024_E_HOUBDN,8326e9fffffffff,17.9263
2024_E_HOUBDN,8326eafffffffff,17.1738
2024_E_HOUBDN,8326ebfffffffff,18.6718
2024_E_HOUBDN,8326ecfffffffff,19.2669
2024_E_HOUBDN,8326edfffffffff,18.6641
2024_E_HOUBDN,8326eefffffffff,16.1565
2024_E_HOUBDN,8326f0fffffffff,18.0332
2024_E_HOUBDN,8326f1fffffffff,13.8493
2024_E_HOUBDN,8326f2fffffffff,20.8807
2024_E_HOUBDN,8326f3fffffffff,13.2363
2024_E_HOUBDN,8326f4fffffffff,15.7507
2024_E_HOUBDN,8326f5fffffffff,16.4685
2024_E_HOUBDN,8326f6fffffffff,17.6342
2024_E_HOUBDN,832708fffffffff,18.5441
2024_E_HOUBDN,832709fffffffff,15.1052
2024_E_HOUBDN,83270afffffffff,21.8325
2024_E_HOUBDN,83270bfffffffff,22.6495
2024_E_HOUBDN,83270dfffffffff,15.2802
2024_E_HOUBDN,83270efffffffff,21.4541
2024_E_HOUBDN,832718fffffffff,14.7909
2024_E_HOUBDN,832719fffffffff,17.1693
2024_E_HOUBDN,83271afffffffff,15.6289
2024_E_HOUBDN,83271bfffffffff,12.686
2024_E_HOUBDN,83271cfffffffff,18.8821
2024_E_HOUBDN,83271dfffffffff,16.4787
2024_E_HOUBDN,83271efffffffff,18.6561
2024_E_HOUBDN,832740fffffffff,18.6043
2024_E_HOUBDN,832741fffffffff,22.2594
2024_E_HOUBDN,832742fffffffff,17.7793
2024_E_HOUBDN,832743fffffffff,16.4207
2024_E_HOUBDN,832744fffffffff,18.9058
2024_E_HOUBDN,832745fffffffff,19.6934
2024_E_HOUBDN,832746fffffffff,17.9572
2024_E_HOUBDN,832748fffffffff,17.7724
2024_E_HOUBDN,832749fffffffff,18.1871
2024_E_HOUBDN,83274bfffffffff,18.2267
2024_E_HOUBDN,83274cfffffffff,21.5292
2024_E_HOUBDN,83274dfffffffff,18.4963
2024_E_HOUBDN,83274efffffffff,21.4072
2024_E_HOUBDN,832750fffffffff,20.5481
2024_E_HOUBDN,832751fffffffff,17.6581
2024_E_HOUBDN,832752fffffffff,19.1243
2024_E_HOUBDN,832753fffffffff,19.9264
2024_E_HOUBDN,832754fffffffff,19.1548
2024_E_HOUBDN,832755fffffffff,19.8847
2024_E_HOUBDN,832756fffffffff,19.9663
2024_E_HOUBDN,832758fffffffff,17.9881
2024_E_HOUBDN,832759fffffffff,19.845
2024_E_HOUBDN,83275afffffffff,18.5866
2024_E_HOUBDN,83275bfffffffff,16.9579
2024_E_HOUBDN,83275cfffffffff,19.197
2024_E_HOUBDN,83275dfffffffff,17.6958
2024_E_HOUBDN,83275efffffffff,20.792
2024_E_HOUBDN,832763fffffffff,16.7886
2024_E_HOUBDN,832768fffffffff,19.5777
2024_E_HOUBDN,83276afffffffff,21.8889
2024_E_HOUBDN,83276bfffffffff,19.825
2024_E_HOUBDN,83276efffffffff,19.0205
2024_E_HOUBDN,832770fffffffff,0.9515
2024_E_HOUBDN,832771fffffffff,16.1523
2024_E_HOUBDN,832772fffffffff,17.9524
2024_E_HOUBDN,832773fffffffff,17.8086
2024_E_HOUBDN,832780fffffffff,14.9461
2024_E_HOUBDN,832781fffffffff,13.3931
2024_E_HOUBDN,832782fffffffff,16.5553
2024_E_HOUBDN,832783fffffffff,23.1092
2024_E_HOUBDN,832784fffffffff,17.8414
2024_E_HOUBDN,832785fffffffff,16.0059
2024_E_HOUBDN,832786fffffffff,16.3824
2024_E_HOUBDN,832788fffffffff,13.5928
2024_E_HOUBDN,832789fffffffff,20.0297
2024_E_HOUBDN,83278afffffffff,20.3159
2024_E_HOUBDN,83278bfffffffff,23.3435
2024_E_HOUBDN,83278cfffffffff,13.8901
2024_E_HOUBDN,83278dfffffffff,16.92
2024_E_HOUBDN,83278efffffffff,21.7569
2024_E_HOUBDN,832790fffffffff,17.7465
2024_E_HOUBDN,832791fffffffff,15.9841
2024_E_HOUBDN,832792fffffffff,20.7877
2024_E_HOUBDN,832793fffffffff,18.9959
2024_E_HOUBDN,832794fffffffff,17.2228
2024_E_HOUBDN,832795fffffffff,18.3913
2024_E_HOUBDN,832796fffffffff,21.2443
2024_E_HOUBDN,832798fffffffff,18.4306
2024_E_HOUBDN,832799fffffffff,14.4304
2024_E_HOUBDN,83279afffffffff,18.9577
2024_E_HOUBDN,83279bfffffffff,18.6527
2024_E_HOUBDN,83279cfffffffff,25.512
2024_E_HOUBDN,83279dfffffffff,22.8025
2024_E_HOUBDN,83279efffffffff,18.0979
2024_E_HOUBDN,8327a3fffffffff,22.6322
2024_E_HOUBDN,8327a8fffffffff,13.4505
2024_E_HOUBDN,8327a9fffffffff,14.6535
2024_E_HOUBDN,8327aafffffffff,15.0524
2024_E_HOUBDN,8327abfffffffff,15.4573
2024_E_HOUBDN,8327acfffffffff,12.2451
2024_E_HOUBDN,8327adfffffffff,15.189
2024_E_HOUBDN,8327aefffffffff,10.9792
2024_E_HOUBDN,8327b3fffffffff,17.6954
2024_E_HOUBDN,832800fffffffff,33.0175
2024_E_HOUBDN,832802fffffffff,27.8126
2024_E_HOUBDN,832806fffffffff,29.5926
2024_E_HOUBDN,832810fffffffff,27.3349
2024_E_HOUBDN,832811fffffffff,27.8042
2024_E_HOUBDN,832812fffffffff,20.7049
2024_E_HOUBDN,832813fffffffff,19.4287
2024_E_HOUBDN,832814fffffffff,24.9368
2024_E_HOUBDN,832815fffffffff,27.0907
2024_E_HOUBDN,832816fffffffff,23.9197
2024_E_HOUBDN,832818fffffffff,26.2181
2024_E_HOUBDN,83281afffffffff,24.6734
2024_E_HOUBDN,83281bfffffffff,22.5503
2024_E_HOUBDN,83281cfffffffff,23.8395
2024_E_HOUBDN,83281efffffffff,22.4666
2024_E_HOUBDN,832830fffffffff,21.7245
2024_E_HOUBDN,832831fffffffff,26.3276
2024_E_HOUBDN,832832fffffffff,24.0868
2024_E_HOUBDN,832833fffffffff,25.2456
2024_E_HOUBDN,832834fffffffff,14.0109
2024_E_HOUBDN,832835fffffffff,29.7491
2024_E_HOUBDN,832836fffffffff,25.1624
2024_E_HOUBDN,832880fffffffff,20.4665
2024_E_HOUBDN,832881fffffffff,21.3755
2024_E_HOUBDN,832882fffffffff,24.8016
2024_E_HOUBDN,832883fffffffff,23.8338
2024_E_HOUBDN,832884fffffffff,17.7026
2024_E_HOUBDN,832885fffffffff,24.8586
2024_E_HOUBDN,832886fffffffff,22.4562
2024_E_HOUBDN,832888fffffffff,14.3116
2024_E_HOUBDN,832889fffffffff,18.8277
2024_E_HOUBDN,83288afffffffff,20.3677
2024_E_HOUBDN,83288bfffffffff,16.1077
2024_E_HOUBDN,83288cfffffffff,18.1792
2024_E_HOUBDN,83288dfffffffff,23.3371
2024_E_HOUBDN,83288efffffffff,16.6677
2024_E_HOUBDN,832890fffffffff,20.0285
2024_E_HOUBDN,832891fffffffff,19.4956
2024_E_HOUBDN,832892fffffffff,16.9515
2024_E_HOUBDN,832893fffffffff,22.3799
2024_E_HOUBDN,832894fffffffff,20.5857
2024_E_HOUBDN,832895fffffffff,21.9489
2024_E_HOUBDN,832896fffffffff,18.2258
2024_E_HOUBDN,832898fffffffff,23.3009
2024_E_HOUBDN,832899fffffffff,23.029
2024_E_HOUBDN,83289afffffffff,23.8569
2024_E_HOUBDN,83289bfffffffff,25.2731
2024_E_HOUBDN,83289cfffffffff,26.3231
2024_E_HOUBDN,83289dfffffffff,20.152
2024_E_HOUBDN,83289efffffffff,18.768
2024_E_HOUBDN,8328a0fffffffff,15.4643
2024_E_HOUBDN,8328a1fffffffff,19.8855
2024_E_HOUBDN,8328a2fffffffff,14.0123
2024_E_HOUBDN,8328a3fffffffff,23.3194
2024_E_HOUBDN,8328a4fffffffff,16.1552
2024_E_HOUBDN,8328a5fffffffff,12.9609
2024_E_HOUBDN,8328a6fffffffff,12.6149
2024_E_HOUBDN,8328a8fffffffff,21.1742
2024_E_HOUBDN,8328a9fffffffff,22.8879
2024_E_HOUBDN,8328aafffffffff,23.2879
2024_E_HOUBDN,8328abfffffffff,23.2542
2024_E_HOUBDN,8328acfffffffff,22.6446
2024_E_HOUBDN,8328adfffffffff,24.9423
2024_E_HOUBDN,8328aefffffffff,22.4915
2024_E_HOUBDN,8328b0fffffffff,15.7489
2024_E_HOUBDN,8328b1fffffffff,19.0796
2024_E_HOUBDN,8328b2fffffffff,20.3027
2024_E_HOUBDN,8328b3fffffffff,22.2424
2024_E_HOUBDN,8328b4fffffffff,15.6569
2024_E_HOUBDN,8328b5fffffffff,12.9455
2024_E_HOUBDN,8328b6fffffffff,17.8975
2024_E_HOUBDN,8328c2fffffffff,20.3326
2024_E_HOUBDN,8328c6fffffffff,21.2585
2024_E_HOUBDN,8328d0fffffffff,22.624
2024_E_HOUBDN,8328d1fffffffff,23.4447
2024_E_HOUBDN,8328d2fffffffff,25.6795
2024_E_HOUBDN,8328d3fffffffff,27.0916
2024_E_HOUBDN,8328d4fffffffff,18.5522
2024_E_HOUBDN,8328d5fffffffff,22.1846
2024_E_HOUBDN,8328d6fffffffff,18.6088
2024_E_HOUBDN,8328defffffffff,25.8102
2024_E_HOUBDN,8328f0fffffffff,23.4894
2024_E_HOUBDN,8328f1fffffffff,24.5668
2024_E_HOUBDN,8328f2fffffffff,28.4081
2024_E_HOUBDN,8328f3fffffffff,23.3843
2024_E_HOUBDN,8328f4fffffffff,21.4536
2024_E_HOUBDN,8328f5fffffffff,26.7302
2024_E_HOUBDN,8328f6fffffffff,25.9584
2024_E_HOUBDN,832912fffffffff,17.871
2024_E_HOUBDN,832913fffffffff,24.7513
2024_E_HOUBDN,83291afffffffff,23.25
2024_E_HOUBDN,832980fffffffff,15.5956
2024_E_HOUBDN,832981fffffffff,18.7339
2024_E_HOUBDN,832982fffffffff,23.5062
2024_E_HOUBDN,832983fffffffff,17.6358
2024_E_HOUBDN,832984fffffffff,29.1831
2024_E_HOUBDN,832985fffffffff,22.3652
2024_E_HOUBDN,832986fffffffff,19.7891
2024_E_HOUBDN,832988fffffffff,18.7579
2024_E_HOUBDN,832989fffffffff,21.9272
2024_E_HOUBDN,83298afffffffff,12.908
2024_E_HOUBDN,83298bfffffffff,14.2542
2024_E_HOUBDN,83298cfffffffff,23.6894
2024_E_HOUBDN,83298dfffffffff,22.5844
2024_E_HOUBDN,83298efffffffff,20.7828
2024_E_HOUBDN,832990fffffffff,17.6769
2024_E_HOUBDN,832991fffffffff,18.06
2024_E_HOUBDN,832992fffffffff,21.4182
2024_E_HOUBDN,832993fffffffff,17.9055
2024_E_HOUBDN,832994fffffffff,16.0492
2024_E_HOUBDN,832995fffffffff,26.2139
2024_E_HOUBDN,832996fffffffff,11.8884
2024_E_HOUBDN,832998fffffffff,19.5894
2024_E_HOUBDN,832999fffffffff,16.0707
2024_E_HOUBDN,83299afffffffff,14.173
2024_E_HOUBDN,83299bfffffffff,15.8952
2024_E_HOUBDN,83299cfffffffff,14.7872
2024_E_HOUBDN,83299dfffffffff,15.8513
2024_E_HOUBDN,83299efffffffff,14.5127
2024_E_HOUBDN,8329a0fffffffff,27.6643
2024_E_HOUBDN,8329a1fffffffff,26.1815
2024_E_HOUBDN,8329a2fffffffff,28.0264
2024_E_HOUBDN,8329a3fffffffff,24.3658
2024_E_HOUBDN,8329a4fffffffff,24.1379
2024_E_HOUBDN,8329a5fffffffff,25.7782
2024_E_HOUBDN,8329a6fffffffff,28.4686
2024_E_HOUBDN,8329a8fffffffff,29.0361
2024_E_HOUBDN,8329a9fffffffff,23.5227
2024_E_HOUBDN,8329aafffffffff,28.007
2024_E_HOUBDN,8329abfffffffff,25.8609
2024_E_HOUBDN,8329acfffffffff,24.3221
2024_E_HOUBDN,8329adfffffffff,23.5857
2024_E_HOUBDN,8329aefffffffff,30.6677
2024_E_HOUBDN,8329b0fffffffff,21.604
2024_E_HOUBDN,8329b1fffffffff,29.5778
2024_E_HOUBDN,8329b2fffffffff,21.7252
2024_E_HOUBDN,8329b3fffffffff,22.5765
2024_E_HOUBDN,8329b4fffffffff,18.2864
2024_E_HOUBDN,8329b5fffffffff,18.8741
2024_E_HOUBDN,8329b6fffffffff,20.8087
2024_E_HOUBDN,832a06fffffffff,21.7724
2024_E_HOUBDN,832a10fffffffff,19.9321
2024_E_HOUBDN,832a12fffffffff,20.5141
2024_E_HOUBDN,832a13fffffffff,22.465
2024_E_HOUBDN,832a14fffffffff,21.5168
2024_E_HOUBDN,832a15fffffffff,22.0131
2024_E_HOUBDN,832a16fffffffff,24.0759
2024_E_HOUBDN,832a30fffffffff,19.0858
2024_E_HOUBDN,832a31fffffffff,23.471
2024_E_HOUBDN,832a32fffffffff,23.2757
2024_E_HOUBDN,832a33fffffffff,20.4285
2024_E_HOUBDN,832a34fffffffff,20.8335
2024_E_HOUBDN,832a36fffffffff,23.0882
2024_E_HOUBDN,832a80fffffffff,15.435
2024_E_HOUBDN,832a81fffffffff,16.635
2024_E_HOUBDN,832a82fffffffff,18.182
2024_E_HOUBDN,832a83fffffffff,16.3343
2024_E_HOUBDN,832a84fffffffff,18.0046
2024_E_HOUBDN,832a85fffffffff,17.3513
2024_E_HOUBDN,832a86fffffffff,17.4134
2024_E_HOUBDN,832a88fffffffff,20.106
2024_E_HOUBDN,832a89fffffffff,23.1519
2024_E_HOUBDN,832a8afffffffff,17.5026
2024_E_HOUBDN,832a8bfffffffff,20.8677
2024_E_HOUBDN,832a8cfffffffff,19.8192
2024_E_HOUBDN,832a8dfffffffff,22.2338
2024_E_HOUBDN,832a8efffffffff,17.6589
2024_E_HOUBDN,832a90fffffffff,16.9993
2024_E_HOUBDN,832a91fffffffff,19.6583
2024_E_HOUBDN,832a92fffffffff,17.5361
2024_E_HOUBDN,832a93fffffffff,17.6645
2024_E_HOUBDN,832a94fffffffff,16.7422
2024_E_HOUBDN,832a95fffffffff,17.8643
2024_E_HOUBDN,832a96fffffffff,15.5014
2024_E_HOUBDN,832a98fffffffff,21.2918
2024_E_HOUBDN,832a99fffffffff,17.5178
2024_E_HOUBDN,832a9afffffffff,19.2124
2024_E_HOUBDN,832a9bfffffffff,18.8878
2024_E_HOUBDN,832a9cfffffffff,17.7519
2024_E_HOUBDN,832a9dfffffffff,17.4432
2024_E_HOUBDN,832a9efffffffff,19.4818
2024_E_HOUBDN,832aa0fffffffff,19.442
2024_E_HOUBDN,832aa1fffffffff,18.5911
2024_E_HOUBDN,832aa2fffffffff,16.4428
2024_E_HOUBDN,832aa3fffffffff,18.0244
2024_E_HOUBDN,832aa4fffffffff,20.9064
2024_E_HOUBDN,832aa5fffffffff,19.7433
2024_E_HOUBDN,832aa6fffffffff,19.4684
2024_E_HOUBDN,832aa8fffffffff,19.1761
2024_E_HOUBDN,832aa9fffffffff,21.5766
2024_E_HOUBDN,832aaafffffffff,17.3766
2024_E_HOUBDN,832aabfffffffff,20.9035
2024_E_HOUBDN,832aacfffffffff,19.1858
2024_E_HOUBDN,832aadfffffffff,24.6763
2024_E_HOUBDN,832aaefffffffff,17.9418
2024_E_HOUBDN,832ab1fffffffff,18.7729
2024_E_HOUBDN,832ab2fffffffff,21.4593
2024_E_HOUBDN,832ab3fffffffff,18.8049
2024_E_HOUBDN,832ab5fffffffff,19.2931
2024_E_HOUBDN,832ab6fffffffff,19.3822
2024_E_HOUBDN,832ad0fffffffff,24.3264
2024_E_HOUBDN,832ad2fffffffff,23.5365
2024_E_HOUBDN,832ad3fffffffff,24.3898
2024_E_HOUBDN,832ad4fffffffff,23.6185
2024_E_HOUBDN,832ad5fffffffff,19.6602
2024_E_HOUBDN,832ad6fffffffff,21.8823
2024_E_HOUBDN,832af0fffffffff,23.0521
2024_E_HOUBDN,832af2fffffffff,27.7706
2024_E_HOUBDN,832af3fffffffff,29.9341
2024_E_HOUBDN,832af6fffffffff,20.9526
2024_E_HOUBDN,832b10fffffffff,20.8282
2024_E_HOUBDN,832b11fffffffff,20.2563
2024_E_HOUBDN,832b12fffffffff,23.8
2024_E_HOUBDN,832b13fffffffff,19.1501
2024_E_HOUBDN,832b18fffffffff,22.8005
2024_E_HOUBDN,832b1afffffffff,21.6065
2024_E_HOUBDN,832b1bfffffffff,22.9523
2024_E_HOUBDN,832b1efffffffff,20.6981
2024_E_HOUBDN,832b81fffffffff,23.8931
2024_E_HOUBDN,832b88fffffffff,18.2279
2024_E_HOUBDN,832b89fffffffff,20.6433
2024_E_HOUBDN,832b8afffffffff,20.126
2024_E_HOUBDN,832b8bfffffffff,19.6173
2024_E_HOUBDN,832b8cfffffffff,20.0783
2024_E_HOUBDN,832b8dfffffffff,23.3507
2024_E_HOUBDN,832b8efffffffff,20.7445
2024_E_HOUBDN,832b99fffffffff,20.7703
2024_E_HOUBDN,832b9bfffffffff,19.5647
2024_E_HOUBDN,832ba8fffffffff,25.7505
2024_E_HOUBDN,832ba9fffffffff,22.9469
2024_E_HOUBDN,832babfffffffff,25.7317
2024_E_HOUBDN,832bacfffffffff,22.3398
2024_E_HOUBDN,832badfffffffff,21.2217
2024_E_HOUBDN,834412fffffffff,9.1879
2024_E_HOUBDN,834413fffffffff,26.0316
2024_E_HOUBDN,834414fffffffff,13.1543
2024_E_HOUBDN,834416fffffffff,25.8548
2024_E_HOUBDN,83441afffffffff,22.1581
2024_E_HOUBDN,83441bfffffffff,23.7524
2024_E_HOUBDN,83441efffffffff,22.3849
2024_E_HOUBDN,834440fffffffff,19.1395
2024_E_HOUBDN,834441fffffffff,16.8734
2024_E_HOUBDN,834442fffffffff,18.88
2024_E_HOUBDN,834443fffffffff,17.7443
2024_E_HOUBDN,834444fffffffff,16.3511
2024_E_HOUBDN,834445fffffffff,17.0654
2024_E_HOUBDN,834446fffffffff,17.9507
2024_E_HOUBDN,834448fffffffff,17.1177
2024_E_HOUBDN,834449fffffffff,17.0871
2024_E_HOUBDN,83444afffffffff,18.1754
2024_E_HOUBDN,83444bfffffffff,17.5636
2024_E_HOUBDN,83444cfffffffff,19.7384
2024_E_HOUBDN,83444dfffffffff,18.7505
2024_E_HOUBDN,83444efffffffff,21.6063
2024_E_HOUBDN,834450fffffffff,18.5496
2024_E_HOUBDN,834451fffffffff,17.3966
2024_E_HOUBDN,834452fffffffff,18.1592
2024_E_HOUBDN,834453fffffffff,17.6871
2024_E_HOUBDN,834455fffffffff,17.7237
2024_E_HOUBDN,834456fffffffff,23.8476
2024_E_HOUBDN,834458fffffffff,24.9092
2024_E_HOUBDN,834459fffffffff,23.5108
2024_E_HOUBDN,83445afffffffff,20.8431
2024_E_HOUBDN,83445bfffffffff,21.2362
2024_E_HOUBDN,83445cfffffffff,19.6224
2024_E_HOUBDN,83445dfffffffff,22.725
2024_E_HOUBDN,83445efffffffff,20.3313
2024_E_HOUBDN,834463fffffffff,23.7014
2024_E_HOUBDN,834468fffffffff,20.7196
2024_E_HOUBDN,834469fffffffff,19.4435
2024_E_HOUBDN,83446afffffffff,17.3545
2024_E_HOUBDN,83446bfffffffff,18.4036
2024_E_HOUBDN,83446cfffffffff,22.7264
2024_E_HOUBDN,83446dfffffffff,17.7502
2024_E_HOUBDN,83446efffffffff,13.6756
2024_E_HOUBDN,834471fffffffff,19.6725
2024_E_HOUBDN,834473fffffffff,17.9413
2024_E_HOUBDN,8344a1fffffffff,21.4257
2024_E_HOUBDN,8344a5fffffffff,43.6254
2024_E_HOUBDN,8344a8fffffffff,21.0136
2024_E_HOUBDN,8344a9fffffffff,24.415
2024_E_HOUBDN,8344abfffffffff,10.3088
2024_E_HOUBDN,8344acfffffffff,18.8056
2024_E_HOUBDN,8344adfffffffff,19.8582
2024_E_HOUBDN,8344aefffffffff,21.4748
2024_E_HOUBDN,8344c0fffffffff,21.549
2024_E_HOUBDN,8344c1fffffffff,22.9014
2024_E_HOUBDN,8344c2fffffffff,21.2355
2024_E_HOUBDN,8344c3fffffffff,20.8759
2024_E_HOUBDN,8344c4fffffffff,20.8516
2024_E_HOUBDN,8344c5fffffffff,24.0379
2024_E_HOUBDN,8344c6fffffffff,20.5025
2024_E_HOUBDN,8344c8fffffffff,16.7619
2024_E_HOUBDN,8344c9fffffffff,19.5711
2024_E_HOUBDN,8344cafffffffff,16.2324
2024_E_HOUBDN,8344cbfffffffff,19.6705
2024_E_HOUBDN,8344ccfffffffff,20.298
2024_E_HOUBDN,8344cdfffffffff,20.1277
2024_E_HOUBDN,8344cefffffffff,21.2976
2024_E_HOUBDN,8344d0fffffffff,23.2933
2024_E_HOUBDN,8344d1fffffffff,23.5492
2024_E_HOUBDN,8344d2fffffffff,25.2841
2024_E_HOUBDN,8344d3fffffffff,24.4672
2024_E_HOUBDN,8344d5fffffffff,22.5334
2024_E_HOUBDN,8344d8fffffffff,18.0859
2024_E_HOUBDN,8344d9fffffffff,19.28
2024_E_HOUBDN,8344dafffffffff,20.7961
2024_E_HOUBDN,8344dbfffffffff,17.6559
2024_E_HOUBDN,8344dcfffffffff,19.6246
2024_E_HOUBDN,8344ddfffffffff,19.5869
2024_E_HOUBDN,8344defffffffff,21.0677
2024_E_HOUBDN,8344e0fffffffff,21.4713
2024_E_HOUBDN,8344e1fffffffff,18.9146
2024_E_HOUBDN,8344e2fffffffff,21.9893
2024_E_HOUBDN,8344e3fffffffff,23.9695
2024_E_HOUBDN,8344e4fffffffff,22.775
2024_E_HOUBDN,8344e5fffffffff,24.1706
2024_E_HOUBDN,8344e6fffffffff,20.3005
2024_E_HOUBDN,8344e8fffffffff,17.4584
2024_E_HOUBDN,8344e9fffffffff,17.8546
2024_E_HOUBDN,8344eafffffffff,21.2676
2024_E_HOUBDN,8344ebfffffffff,18.6841
2024_E_HOUBDN,8344ecfffffffff,24.7608
2024_E_HOUBDN,8344edfffffffff,21.6339
2024_E_HOUBDN,8344eefffffffff,21.4798
2024_E_HOUBDN,8344f0fffffffff,20.5467
2024_E_HOUBDN,8344f1fffffffff,19.1279
2024_E_HOUBDN,8344f3fffffffff,21.5953
2024_E_HOUBDN,8344f4fffffffff,21.0579
2024_E_HOUBDN,8344f5fffffffff,18.4789
2024_E_HOUBDN,8344f6fffffffff,25.0581
2024_E_HOUBDN,834859fffffffff,30.8639
2024_E_HOUBDN,83485afffffffff,8.1358
2024_E_HOUBDN,83485bfffffffff,32.8029
2024_E_HOUBDN,834880fffffffff,20.8558
2024_E_HOUBDN,834881fffffffff,20.1328
2024_E_HOUBDN,834882fffffffff,18.0019
2024_E_HOUBDN,834883fffffffff,20.3673
2024_E_HOUBDN,834886fffffffff,17.4245
2024_E_HOUBDN,834888fffffffff,18.2683
2024_E_HOUBDN,834889fffffffff,17.1601
2024_E_HOUBDN,83488afffffffff,16.3341
2024_E_HOUBDN,83488bfffffffff,12.9442
2024_E_HOUBDN,83488cfffffffff,21.3043
2024_E_HOUBDN,83488dfffffffff,11.6191
2024_E_HOUBDN,83488efffffffff,29.0333
2024_E_HOUBDN,834890fffffffff,20.3984
2024_E_HOUBDN,834891fffffffff,17.1372
2024_E_HOUBDN,834892fffffffff,23.5017
2024_E_HOUBDN,834893fffffffff,18.3449
2024_E_HOUBDN,834895fffffffff,16.6886
2024_E_HOUBDN,834898fffffffff,17.1821
2024_E_HOUBDN,834899fffffffff,18.186
2024_E_HOUBDN,83489afffffffff,17.7593
2024_E_HOUBDN,83489bfffffffff,18.3038
2024_E_HOUBDN,83489cfffffffff,19.8285
2024_E_HOUBDN,83489dfffffffff,18.6189
2024_E_HOUBDN,83489efffffffff,19.4232
2024_E_HOUBDN,8348abfffffffff,9.0
2024_E_HOUBDN,8348b1fffffffff,18.4291
2024_E_HOUBDN,8348b2fffffffff,22.4612
2024_E_HOUBDN,8348b3fffffffff,15.6631
2024_E_HOUBDN,8348c0fffffffff,24.2356
2024_E_HOUBDN,8348c1fffffffff,20.8958
2024_E_HOUBDN,8348c2fffffffff,15.5248
2024_E_HOUBDN,8348c3fffffffff,11.9907
2024_E_HOUBDN,8348c4fffffffff,18.8493
2024_E_HOUBDN,8348c5fffffffff,15.9333
2024_E_HOUBDN,8348c6fffffffff,20.6875
2024_E_HOUBDN,8348c8fffffffff,14.1622
2024_E_HOUBDN,8348c9fffffffff,10.6849
2024_E_HOUBDN,8348cafffffffff,13.4133
2024_E_HOUBDN,8348cbfffffffff,11.8729
2024_E_HOUBDN,8348ccfffffffff,16.5627
2024_E_HOUBDN,8348cdfffffffff,20.5953
2024_E_HOUBDN,8348cefffffffff,11.7068
2024_E_HOUBDN,8348d0fffffffff,14.5409
2024_E_HOUBDN,8348d1fffffffff,19.2708
2024_E_HOUBDN,8348d2fffffffff,13.1431
2024_E_HOUBDN,8348d3fffffffff,17.7106
2024_E_HOUBDN,8348d4fffffffff,10.8827
2024_E_HOUBDN,8348d5fffffffff,17.0851
2024_E_HOUBDN,8348d6fffffffff,17.1599
2024_E_HOUBDN,8348d8fffffffff,17.2204
2024_E_HOUBDN,8348d9fffffffff,18.6349
2024_E_HOUBDN,8348dafffffffff,18.3525
2024_E_HOUBDN,8348dbfffffffff,20.2793
2024_E_HOUBDN,8348dcfffffffff,16.5221
2024_E_HOUBDN,8348ddfffffffff,13.7743
2024_E_HOUBDN,8348defffffffff,17.7086
2024_E_HOUBDN,8348e3fffffffff,15.5031
2024_E_HOUBDN,8348e8fffffffff,16.4863
2024_E_HOUBDN,8348e9fffffffff,15.4738
2024_E_HOUBDN,8348eafffffffff,16.7887
2024_E_HOUBDN,8348ebfffffffff,17.0479
2024_E_HOUBDN,8348ecfffffffff,18.2324
2024_E_HOUBDN,8348edfffffffff,15.8684
2024_E_HOUBDN,8348eefffffffff,22.0363
2024_E_HOUBDN,8348f2fffffffff,15.5725
2024_E_HOUBDN,8348f3fffffffff,20.2351
2024_E_HOUBDN,8348f6fffffffff,27.9062
2024_E_HRCN,8312c9fffffffff,0.0
2024_E_HRCN,8312cafffffffff,0.0
2024_E_HRCN,8312cbfffffffff,0.0
2024_E_HRCN,8312d8fffffffff,0.0
2024_E_HRCN,8312d9fffffffff,0.0
2024_E_HRCN,8312dafffffffff,0.0
2024_E_HRCN,8312dbfffffffff,0.0
2024_E_HRCN,8312ddfffffffff,0.0
2024_E_HRCN,8312defffffffff,0.0
2024_E_HRCN,832600fffffffff,0.0
2024_E_HRCN,832601fffffffff,0.0
2024_E_HRCN,832602fffffffff,0.0
2024_E_HRCN,832603fffffffff,0.0
2024_E_HRCN,832604fffffffff,0.0
2024_E_HRCN,832605fffffffff,0.0
2024_E_HRCN,832606fffffffff,0.0
2024_E_HRCN,832608fffffffff,0.0019
2024_E_HRCN,832609fffffffff,0.0032
2024_E_HRCN,83260afffffffff,0.0
2024_E_HRCN,83260bfffffffff,0.0
2024_E_HRCN,83260cfffffffff,0.0043
2024_E_HRCN,83260dfffffffff,0.0075
2024_E_HRCN,83260efffffffff,0.0
2024_E_HRCN,832610fffffffff,0.0
2024_E_HRCN,832611fffffffff,0.0
2024_E_HRCN,832612fffffffff,0.0
2024_E_HRCN,832613fffffffff,0.0
2024_E_HRCN,832614fffffffff,0.0
2024_E_HRCN,832615fffffffff,0.0
2024_E_HRCN,832616fffffffff,0.0
2024_E_HRCN,832618fffffffff,0.0
2024_E_HRCN,832619fffffffff,0.0
2024_E_HRCN,83261afffffffff,0.0
2024_E_HRCN,83261bfffffffff,0.0
2024_E_HRCN,83261cfffffffff,0.0
2024_E_HRCN,83261dfffffffff,0.0
2024_E_HRCN,83261efffffffff,0.0
2024_E_HRCN,832620fffffffff,0.0
2024_E_HRCN,832621fffffffff,0.0
2024_E_HRCN,832622fffffffff,0.0
2024_E_HRCN,832623fffffffff,0.0
2024_E_HRCN,832624fffffffff,0.0
2024_E_HRCN,832625fffffffff,0.0
2024_E_HRCN,832626fffffffff,0.0
2024_E_HRCN,832628fffffffff,0.0024
2024_E_HRCN,832629fffffffff,0.0099
2024_E_HRCN,83262afffffffff,0.0008
2024_E_HRCN,83262bfffffffff,0.01
2024_E_HRCN,83262cfffffffff,0.0
2024_E_HRCN,83262dfffffffff,0.0046
2024_E_HRCN,83262efffffffff,0.0
2024_E_HRCN,832630fffffffff,0.0
2024_E_HRCN,832631fffffffff,0.0
2024_E_HRCN,832632fffffffff,0.0
2024_E_HRCN,832633fffffffff,0.0
2024_E_HRCN,832634fffffffff,0.0
2024_E_HRCN,832635fffffffff,0.0
2024_E_HRCN,832636fffffffff,0.0
2024_E_HRCN,832640fffffffff,0.0161
2024_E_HRCN,832641fffffffff,0.0164
2024_E_HRCN,832642fffffffff,0.0168
2024_E_HRCN,832643fffffffff,0.018
2024_E_HRCN,832644fffffffff,0.0155
2024_E_HRCN,832645fffffffff,0.0184
2024_E_HRCN,832646fffffffff,0.0088
2024_E_HRCN,832648fffffffff,0.0282
2024_E_HRCN,832649fffffffff,0.0289
2024_E_HRCN,83264afffffffff,0.0348
2024_E_HRCN,83264bfffffffff,0.042
2024_E_HRCN,83264cfffffffff,0.0086
2024_E_HRCN,83264dfffffffff,0.0182
2024_E_HRCN,83264efffffffff,0.0183
2024_E_HRCN,832650fffffffff,0.0099
2024_E_HRCN,832651fffffffff,0.0128
2024_E_HRCN,832652fffffffff,0.0079
2024_E_HRCN,832653fffffffff,0.0094
2024_E_HRCN,832654fffffffff,0.0071
2024_E_HRCN,832655fffffffff,0.007
2024_E_HRCN,832656fffffffff,0.0019
2024_E_HRCN,832658fffffffff,0.0224
2024_E_HRCN,832659fffffffff,0.0188
2024_E_HRCN,83265afffffffff,0.0115
2024_E_HRCN,83265bfffffffff,0.0239
2024_E_HRCN,83265cfffffffff,0.0213
2024_E_HRCN,83265dfffffffff,0.016
2024_E_HRCN,83265efffffffff,0.0136
2024_E_HRCN,832660fffffffff,0.0185
2024_E_HRCN,832661fffffffff,0.0139
2024_E_HRCN,832662fffffffff,0.0106
2024_E_HRCN,832663fffffffff,0.0285
2024_E_HRCN,832664fffffffff,0.0102
2024_E_HRCN,832665fffffffff,0.0202
2024_E_HRCN,832666fffffffff,0.0098
2024_E_HRCN,832668fffffffff,0.0084
2024_E_HRCN,832669fffffffff,0.0185
2024_E_HRCN,83266afffffffff,0.0083
2024_E_HRCN,83266bfffffffff,0.008
2024_E_HRCN,83266cfffffffff,0.0078
2024_E_HRCN,83266dfffffffff,0.0117
2024_E_HRCN,83266efffffffff,0.0083
2024_E_HRCN,832670fffffffff,0.0089
2024_E_HRCN,832671fffffffff,0.0099
2024_E_HRCN,832672fffffffff,0.0083
2024_E_HRCN,832673fffffffff,0.0099
2024_E_HRCN,832674fffffffff,0.0062
2024_E_HRCN,832675fffffffff,0.0095
2024_E_HRCN,832676fffffffff,0.0068
2024_E_HRCN,832680fffffffff,0.0
2024_E_HRCN,832681fffffffff,0.0
2024_E_HRCN,832682fffffffff,0.0
2024_E_HRCN,832683fffffffff,0.0
2024_E_HRCN,832684fffffffff,0.0
2024_E_HRCN,832685fffffffff,0.0
2024_E_HRCN,832686fffffffff,0.0
2024_E_HRCN,832688fffffffff,0.0
2024_E_HRCN,832689fffffffff,0.0
2024_E_HRCN,83268afffffffff,0.0
2024_E_HRCN,83268bfffffffff,0.0
2024_E_HRCN,83268cfffffffff,0.0
2024_E_HRCN,83268dfffffffff,0.0
2024_E_HRCN,83268efffffffff,0.0
2024_E_HRCN,832690fffffffff,0.0
2024_E_HRCN,832691fffffffff,0.0
2024_E_HRCN,832692fffffffff,0.0
2024_E_HRCN,832693fffffffff,0.0
2024_E_HRCN,832694fffffffff,0.0
2024_E_HRCN,832695fffffffff,0.0
2024_E_HRCN,832696fffffffff,0.0
2024_E_HRCN,832698fffffffff,0.0
2024_E_HRCN,832699fffffffff,0.0
2024_E_HRCN,83269afffffffff,0.001
2024_E_HRCN,83269bfffffffff,0.0013
2024_E_HRCN,83269cfffffffff,0.0
2024_E_HRCN,83269dfffffffff,0.0
2024_E_HRCN,83269efffffffff,0.0
2024_E_HRCN,8326a0fffffffff,0.0
2024_E_HRCN,8326a1fffffffff,0.0
2024_E_HRCN,8326a2fffffffff,0.0
2024_E_HRCN,8326a3fffffffff,0.0
2024_E_HRCN,8326a4fffffffff,0.0
2024_E_HRCN,8326a5fffffffff,0.0
2024_E_HRCN,8326a6fffffffff,0.0
2024_E_HRCN,8326a8fffffffff,0.0
2024_E_HRCN,8326a9fffffffff,0.0
2024_E_HRCN,8326aafffffffff,0.0
2024_E_HRCN,8326abfffffffff,0.0
2024_E_HRCN,8326acfffffffff,0.0
2024_E_HRCN,8326adfffffffff,0.0
2024_E_HRCN,8326aefffffffff,0.0
2024_E_HRCN,8326b0fffffffff,0.0
2024_E_HRCN,8326b1fffffffff,0.0
2024_E_HRCN,8326b2fffffffff,0.0
2024_E_HRCN,8326b3fffffffff,0.0
2024_E_HRCN,8326b4fffffffff,0.0
2024_E_HRCN,8326b5fffffffff,0.0
2024_E_HRCN,8326b6fffffffff,0.0
2024_E_HRCN,8326c0fffffffff,0.0071
2024_E_HRCN,8326c1fffffffff,0.0105
2024_E_HRCN,8326c2fffffffff,0.0079
2024_E_HRCN,8326c3fffffffff,0.0081
2024_E_HRCN,8326c4fffffffff,0.0087
2024_E_HRCN,8326c5fffffffff,0.0083
2024_E_HRCN,8326c6fffffffff,0.0096
2024_E_HRCN,8326c8fffffffff,0.0119
2024_E_HRCN,8326c9fffffffff,0.0186
2024_E_HRCN,8326cafffffffff,0.0113
2024_E_HRCN,8326cbfffffffff,0.0221
2024_E_HRCN,8326ccfffffffff,0.008
2024_E_HRCN,8326cdfffffffff,0.0133
2024_E_HRCN,8326cefffffffff,0.0084
2024_E_HRCN,8326d0fffffffff,0.0
2024_E_HRCN,8326d1fffffffff,0.0021
2024_E_HRCN,8326d2fffffffff,0.0
2024_E_HRCN,8326d3fffffffff,0.0001
2024_E_HRCN,8326d4fffffffff,0.0
2024_E_HRCN,8326d5fffffffff,0.004
2024_E_HRCN,8326d6fffffffff,0.0
2024_E_HRCN,8326d8fffffffff,0.0082
2024_E_HRCN,8326d9fffffffff,0.0098
2024_E_HRCN,8326dafffffffff,0.0076
2024_E_HRCN,8326dbfffffffff,0.0061
2024_E_HRCN,8326dcfffffffff,0.0072
2024_E_HRCN,8326ddfffffffff,0.01
2024_E_HRCN,8326defffffffff,0.0031
2024_E_HRCN,8326e0fffffffff,0.0006
2024_E_HRCN,8326e1fffffffff,0.0038
2024_E_HRCN,8326e2fffffffff,0.0007
2024_E_HRCN,8326e3fffffffff,0.0065
2024_E_HRCN,8326e4fffffffff,0.0
2024_E_HRCN,8326e5fffffffff,0.0
2024_E_HRCN,8326e6fffffffff,0.0
2024_E_HRCN,8326e8fffffffff,0.0109
2024_E_HRCN,8326e9fffffffff,0.0109
2024_E_HRCN,8326eafffffffff,0.0075
2024_E_HRCN,8326ebfffffffff,0.0137
2024_E_HRCN,8326ecfffffffff,0.0096
2024_E_HRCN,8326edfffffffff,0.0119
2024_E_HRCN,8326eefffffffff,0.0091
2024_E_HRCN,8326f0fffffffff,0.0
2024_E_HRCN,8326f1fffffffff,0.0017
2024_E_HRCN,8326f2fffffffff,0.0
2024_E_HRCN,8326f3fffffffff,0.0008
2024_E_HRCN,8326f4fffffffff,0.0
2024_E_HRCN,8326f5fffffffff,0.0
2024_E_HRCN,8326f6fffffffff,0.0
2024_E_HRCN,832708fffffffff,0.0
2024_E_HRCN,832709fffffffff,0.0
2024_E_HRCN,83270afffffffff,0.0
2024_E_HRCN,83270bfffffffff,0.0
2024_E_HRCN,83270dfffffffff,0.0
2024_E_HRCN,83270efffffffff,0.0
2024_E_HRCN,832718fffffffff,0.0
2024_E_HRCN,832719fffffffff,0.0
2024_E_HRCN,83271afffffffff,0.0
2024_E_HRCN,83271bfffffffff,0.0
2024_E_HRCN,83271cfffffffff,0.0
2024_E_HRCN,83271dfffffffff,0.0
2024_E_HRCN,83271efffffffff,0.0
2024_E_HRCN,832740fffffffff,0.0
2024_E_HRCN,832741fffffffff,0.0112
2024_E_HRCN,832742fffffffff,0.0
2024_E_HRCN,832743fffffffff,0.0088
2024_E_HRCN,832744fffffffff,0.0002
2024_E_HRCN,832745fffffffff,0.0133
2024_E_HRCN,832746fffffffff,0.0
2024_E_HRCN,832748fffffffff,0.013
2024_E_HRCN,832749fffffffff,0.0108
2024_E_HRCN,83274bfffffffff,0.0162
2024_E_HRCN,83274cfffffffff,0.0118
2024_E_HRCN,83274dfffffffff,0.0158
2024_E_HRCN,83274efffffffff,0.0079
2024_E_HRCN,832750fffffffff,0.0
2024_E_HRCN,832751fffffffff,0.0
2024_E_HRCN,832752fffffffff,0.0
2024_E_HRCN,832753fffffffff,0.0
2024_E_HRCN,832754fffffffff,0.0
2024_E_HRCN,832755fffffffff,0.0
2024_E_HRCN,832756fffffffff,0.0
2024_E_HRCN,832758fffffffff,0.0072
2024_E_HRCN,832759fffffffff,0.007
2024_E_HRCN,83275afffffffff,0.0073
2024_E_HRCN,83275bfffffffff,0.0069
2024_E_HRCN,83275cfffffffff,0.0061
2024_E_HRCN,83275dfffffffff,0.0088
2024_E_HRCN,83275efffffffff,0.0047
2024_E_HRCN,832763fffffffff,0.0074
2024_E_HRCN,832768fffffffff,0.0155
2024_E_HRCN,83276afffffffff,0.0101
2024_E_HRCN,83276bfffffffff,0.022
2024_E_HRCN,83276efffffffff,0.012
2024_E_HRCN,832770fffffffff,0.0
2024_E_HRCN,832771fffffffff,0.0
2024_E_HRCN,832772fffffffff,0.0
2024_E_HRCN,832773fffffffff,0.0
2024_E_HRCN,832780fffffffff,0.0
2024_E_HRCN,832781fffffffff,0.0
2024_E_HRCN,832782fffffffff,0.0
2024_E_HRCN,832783fffffffff,0.0
2024_E_HRCN,832784fffffffff,0.0
2024_E_HRCN,832785fffffffff,0.0
2024_E_HRCN,832786fffffffff,0.0
2024_E_HRCN,832788fffffffff,0.0
2024_E_HRCN,832789fffffffff,0.0
2024_E_HRCN,83278afffffffff,0.0
2024_E_HRCN,83278bfffffffff,0.0
2024_E_HRCN,83278cfffffffff,0.0
2024_E_HRCN,83278dfffffffff,0.0
2024_E_HRCN,83278efffffffff,0.0
2024_E_HRCN,832790fffffffff,0.0
2024_E_HRCN,832791fffffffff,0.0
2024_E_HRCN,832792fffffffff,0.0
2024_E_HRCN,832793fffffffff,0.0
2024_E_HRCN,832794fffffffff,0.0
2024_E_HRCN,832795fffffffff,0.0
2024_E_HRCN,832796fffffffff,0.0
2024_E_HRCN,832798fffffffff,0.0
2024_E_HRCN,832799fffffffff,0.0
2024_E_HRCN,83279afffffffff,0.0
2024_E_HRCN,83279bfffffffff,0.0
2024_E_HRCN,83279cfffffffff,0.0
2024_E_HRCN,83279dfffffffff,0.0
2024_E_HRCN,83279efffffffff,0.0
2024_E_HRCN,8327a3fffffffff,0.0
2024_E_HRCN,8327a8fffffffff,0.0
2024_E_HRCN,8327a9fffffffff,0.0
2024_E_HRCN,8327aafffffffff,0.0
2024_E_HRCN,8327abfffffffff,0.0
2024_E_HRCN,8327acfffffffff,0.0
2024_E_HRCN,8327adfffffffff,0.0
2024_E_HRCN,8327aefffffffff,0.0
2024_E_HRCN,8327b3fffffffff,0.0
2024_E_HRCN,832800fffffffff,0.0
2024_E_HRCN,832802fffffffff,0.0
2024_E_HRCN,832806fffffffff,0.0
2024_E_HRCN,832810fffffffff,0.0
2024_E_HRCN,832811fffffffff,0.0
2024_E_HRCN,832812fffffffff,0.0
2024_E_HRCN,832813fffffffff,0.0
2024_E_HRCN,832814fffffffff,0.0
2024_E_HRCN,832815fffffffff,0.0
2024_E_HRCN,832816fffffffff,0.0
2024_E_HRCN,832818fffffffff,0.0
2024_E_HRCN,83281afffffffff,0.0
2024_E_HRCN,83281bfffffffff,0.0
2024_E_HRCN,83281cfffffffff,0.0
2024_E_HRCN,83281efffffffff,0.0
2024_E_HRCN,832830fffffffff,0.0
2024_E_HRCN,832831fffffffff,0.0
2024_E_HRCN,832832fffffffff,0.0
2024_E_HRCN,832833fffffffff,0.0
2024_E_HRCN,832834fffffffff,0.0
2024_E_HRCN,832835fffffffff,0.0
2024_E_HRCN,832836fffffffff,0.0
2024_E_HRCN,832880fffffffff,0.0
2024_E_HRCN,832881fffffffff,0.0
2024_E_HRCN,832882fffffffff,0.0
2024_E_HRCN,832883fffffffff,0.0
2024_E_HRCN,832884fffffffff,0.0
2024_E_HRCN,832885fffffffff,0.0
2024_E_HRCN,832886fffffffff,0.0
2024_E_HRCN,832888fffffffff,0.0
2024_E_HRCN,832889fffffffff,0.0
2024_E_HRCN,83288afffffffff,0.0
2024_E_HRCN,83288bfffffffff,0.0
2024_E_HRCN,83288cfffffffff,0.0
2024_E_HRCN,83288dfffffffff,0.0
2024_E_HRCN,83288efffffffff,0.0
2024_E_HRCN,832890fffffffff,0.0
2024_E_HRCN,832891fffffffff,0.0
2024_E_HRCN,832892fffffffff,0.0
2024_E_HRCN,832893fffffffff,0.0
2024_E_HRCN,832894fffffffff,0.0
2024_E_HRCN,832895fffffffff,0.0
2024_E_HRCN,832896fffffffff,0.0
2024_E_HRCN,832898fffffffff,0.0
2024_E_HRCN,832899fffffffff,0.0
2024_E_HRCN,83289afffffffff,0.0
2024_E_HRCN,83289bfffffffff,0.0
2024_E_HRCN,83289cfffffffff,0.0
2024_E_HRCN,83289dfffffffff,0.0
2024_E_HRCN,83289efffffffff,0.0
2024_E_HRCN,8328a0fffffffff,0.0
2024_E_HRCN,8328a1fffffffff,0.0
2024_E_HRCN,8328a2fffffffff,0.0
2024_E_HRCN,8328a3fffffffff,0.0
2024_E_HRCN,8328a4fffffffff,0.0
2024_E_HRCN,8328a5fffffffff,0.0
2024_E_HRCN,8328a6fffffffff,0.0
2024_E_HRCN,8328a8fffffffff,0.0
2024_E_HRCN,8328a9fffffffff,0.0
2024_E_HRCN,8328aafffffffff,0.0
2024_E_HRCN,8328abfffffffff,0.0
2024_E_HRCN,8328acfffffffff,0.0
2024_E_HRCN,8328adfffffffff,0.0
2024_E_HRCN,8328aefffffffff,0.0
2024_E_HRCN,8328b0fffffffff,0.0
2024_E_HRCN,8328b1fffffffff,0.0
2024_E_HRCN,8328b2fffffffff,0.0
2024_E_HRCN,8328b3fffffffff,0.0
2024_E_HRCN,8328b4fffffffff,0.0
2024_E_HRCN,8328b5fffffffff,0.0
2024_E_HRCN,8328b6fffffffff,0.0
2024_E_HRCN,8328c2fffffffff,0.0
2024_E_HRCN,8328c6fffffffff,0.0
2024_E_HRCN,8328d0fffffffff,0.0
2024_E_HRCN,8328d1fffffffff,0.0
2024_E_HRCN,8328d2fffffffff,0.0
2024_E_HRCN,8328d3fffffffff,0.0
2024_E_HRCN,8328d4fffffffff,0.0
2024_E_HRCN,8328d5fffffffff,0.0
2024_E_HRCN,8328d6fffffffff,0.0
2024_E_HRCN,8328defffffffff,0.0
2024_E_HRCN,8328f0fffffffff,0.0
2024_E_HRCN,8328f1fffffffff,0.0
2024_E_HRCN,8328f2fffffffff,0.0
2024_E_HRCN,8328f3fffffffff,0.0
2024_E_HRCN,8328f4fffffffff,0.0
2024_E_HRCN,8328f5fffffffff,0.0
2024_E_HRCN,8328f6fffffffff,0.0
2024_E_HRCN,832912fffffffff,0.0
2024_E_HRCN,832913fffffffff,0.0
2024_E_HRCN,832916fffffffff,0.0
2024_E_HRCN,83291afffffffff,0.0
2024_E_HRCN,832980fffffffff,0.0
2024_E_HRCN,832981fffffffff,0.0
2024_E_HRCN,832982fffffffff,0.0
2024_E_HRCN,832983fffffffff,0.0
2024_E_HRCN,832984fffffffff,0.0
2024_E_HRCN,832985fffffffff,0.0
2024_E_HRCN,832986fffffffff,0.0
2024_E_HRCN,832988fffffffff,0.0
2024_E_HRCN,832989fffffffff,0.0
2024_E_HRCN,83298afffffffff,0.0
2024_E_HRCN,83298bfffffffff,0.0
2024_E_HRCN,83298cfffffffff,0.0
2024_E_HRCN,83298dfffffffff,0.0
2024_E_HRCN,83298efffffffff,0.0
2024_E_HRCN,832990fffffffff,0.0
2024_E_HRCN,832991fffffffff,0.0
2024_E_HRCN,832992fffffffff,0.0
2024_E_HRCN,832993fffffffff,0.0
2024_E_HRCN,832994fffffffff,0.0
2024_E_HRCN,832995fffffffff,0.0
2024_E_HRCN,832996fffffffff,0.0
2024_E_HRCN,832998fffffffff,0.0
2024_E_HRCN,832999fffffffff,0.0
2024_E_HRCN,83299afffffffff,0.0
2024_E_HRCN,83299bfffffffff,0.0
2024_E_HRCN,83299cfffffffff,0.0
2024_E_HRCN,83299dfffffffff,0.0
2024_E_HRCN,83299efffffffff,0.0
2024_E_HRCN,8329a0fffffffff,0.0042
2024_E_HRCN,8329a1fffffffff,0.0
2024_E_HRCN,8329a2fffffffff,0.0003
2024_E_HRCN,8329a3fffffffff,0.0
2024_E_HRCN,8329a4fffffffff,0.0102
2024_E_HRCN,8329a5fffffffff,0.0
2024_E_HRCN,8329a6fffffffff,0.0104
2024_E_HRCN,8329a8fffffffff,0.0
2024_E_HRCN,8329a9fffffffff,0.0
2024_E_HRCN,8329aafffffffff,0.0
2024_E_HRCN,8329abfffffffff,0.0
2024_E_HRCN,8329acfffffffff,0.0
2024_E_HRCN,8329adfffffffff,0.0
2024_E_HRCN,8329aefffffffff,0.0
2024_E_HRCN,8329b0fffffffff,0.0015
2024_E_HRCN,8329b1fffffffff,0.0
2024_E_HRCN,8329b2fffffffff,0.0
2024_E_HRCN,8329b3fffffffff,0.0
2024_E_HRCN,8329b4fffffffff,0.0106
2024_E_HRCN,8329b5fffffffff,0.0068
2024_E_HRCN,8329b6fffffffff,0.0049
2024_E_HRCN,832a06fffffffff,0.287
2024_E_HRCN,832a10fffffffff,0.1792
2024_E_HRCN,832a12fffffffff,0.0613
2024_E_HRCN,832a13fffffffff,0.1693
2024_E_HRCN,832a14fffffffff,0.1303
2024_E_HRCN,832a15fffffffff,0.3176
2024_E_HRCN,832a16fffffffff,0.0522
2024_E_HRCN,832a30fffffffff,0.1676
2024_E_HRCN,832a31fffffffff,0.1905
2024_E_HRCN,832a32fffffffff,0.0934
2024_E_HRCN,832a33fffffffff,0.182
2024_E_HRCN,832a34fffffffff,0.125
2024_E_HRCN,832a36fffffffff,0.0817
2024_E_HRCN,832a80fffffffff,0.0225
2024_E_HRCN,832a81fffffffff,0.0279
2024_E_HRCN,832a82fffffffff,0.0206
2024_E_HRCN,832a83fffffffff,0.0143
2024_E_HRCN,832a84fffffffff,0.0295
2024_E_HRCN,832a85fffffffff,0.0352
2024_E_HRCN,832a86fffffffff,0.0129
2024_E_HRCN,832a88fffffffff,0.0779
2024_E_HRCN,832a89fffffffff,0.1671
2024_E_HRCN,832a8afffffffff,0.0402
2024_E_HRCN,832a8bfffffffff,0.0942
2024_E_HRCN,832a8cfffffffff,0.074
2024_E_HRCN,832a8dfffffffff,0.1422
2024_E_HRCN,832a8efffffffff,0.0273
2024_E_HRCN,832a90fffffffff,0.0089
2024_E_HRCN,832a91fffffffff,0.0092
2024_E_HRCN,832a92fffffffff,0.0084
2024_E_HRCN,832a93fffffffff,0.0069
2024_E_HRCN,832a94fffffffff,0.0166
2024_E_HRCN,832a95fffffffff,0.0062
2024_E_HRCN,832a96fffffffff,0.0116
2024_E_HRCN,832a98fffffffff,0.0212
2024_E_HRCN,832a99fffffffff,0.023
2024_E_HRCN,832a9afffffffff,0.0255
2024_E_HRCN,832a9bfffffffff,0.0115
2024_E_HRCN,832a9cfffffffff,0.0236
2024_E_HRCN,832a9dfffffffff,0.0163
2024_E_HRCN,832a9efffffffff,0.0185
2024_E_HRCN,832aa0fffffffff,0.0354
2024_E_HRCN,832aa1fffffffff,0.0557
2024_E_HRCN,832aa2fffffffff,0.0363
2024_E_HRCN,832aa3fffffffff,0.0462
2024_E_HRCN,832aa4fffffffff,0.0262
2024_E_HRCN,832aa5fffffffff,0.0346
2024_E_HRCN,832aa6fffffffff,0.0285
2024_E_HRCN,832aa8fffffffff,0.1117
2024_E_HRCN,832aa9fffffffff,0.3078
2024_E_HRCN,832aaafffffffff,0.082
2024_E_HRCN,832aabfffffffff,0.1203
2024_E_HRCN,832aacfffffffff,0.087
2024_E_HRCN,832aadfffffffff,0.1497
2024_E_HRCN,832aaefffffffff,0.0799
2024_E_HRCN,832ab1fffffffff,0.0254
2024_E_HRCN,832ab2fffffffff,0.014
2024_E_HRCN,832ab3fffffffff,0.0122
2024_E_HRCN,832ab5fffffffff,0.0311
2024_E_HRCN,832ab6fffffffff,0.0202
2024_E_HRCN,832ad0fffffffff,0.335
2024_E_HRCN,832ad2fffffffff,0.24
2024_E_HRCN,832ad3fffffffff,0.3225
2024_E_HRCN,832ad4fffffffff,0.2949
2024_E_HRCN,832ad5fffffffff,0.5391
2024_E_HRCN,832ad6fffffffff,0.2045
2024_E_HRCN,832af0fffffffff,0.4257
2024_E_HRCN,832af2fffffffff,0.2603
2024_E_HRCN,832af3fffffffff,0.4866
2024_E_HRCN,832af6fffffffff,0.2761
2024_E_HRCN,832b10fffffffff,0.0583
2024_E_HRCN,832b11fffffffff,0.0496
2024_E_HRCN,832b12fffffffff,0.0669
2024_E_HRCN,832b13fffffffff,0.0702
2024_E_HRCN,832b18fffffffff,0.1241
2024_E_HRCN,832b1afffffffff,0.1019
2024_E_HRCN,832b1bfffffffff,0.3113
2024_E_HRCN,832b1efffffffff,0.0801
2024_E_HRCN,832b81fffffffff,0.0078
2024_E_HRCN,832b88fffffffff,0.0122
2024_E_HRCN,832b89fffffffff,0.0519
2024_E_HRCN,832b8afffffffff,0.0133
2024_E_HRCN,832b8bfffffffff,0.0205
2024_E_HRCN,832b8cfffffffff,0.0139
2024_E_HRCN,832b8dfffffffff,0.0446
2024_E_HRCN,832b8efffffffff,0.009
2024_E_HRCN,832b99fffffffff,0.029
2024_E_HRCN,832b9bfffffffff,0.0296
2024_E_HRCN,832ba8fffffffff,0.0534
2024_E_HRCN,832ba9fffffffff,0.0815
2024_E_HRCN,832babfffffffff,0.0382
2024_E_HRCN,832bacfffffffff,0.0727
2024_E_HRCN,832badfffffffff,0.0774
2024_E_HRCN,834412fffffffff,0.3802
2024_E_HRCN,834413fffffffff,0.2779
2024_E_HRCN,834414fffffffff,6.0555
2024_E_HRCN,834416fffffffff,0.7289
2024_E_HRCN,83441afffffffff,0.2704
2024_E_HRCN,83441bfffffffff,0.2835
2024_E_HRCN,83441efffffffff,0.2651
2024_E_HRCN,834440fffffffff,0.1736
2024_E_HRCN,834441fffffffff,0.0858
2024_E_HRCN,834442fffffffff,0.1587
2024_E_HRCN,834443fffffffff,0.0898
2024_E_HRCN,834444fffffffff,0.2619
2024_E_HRCN,834445fffffffff,0.1432
2024_E_HRCN,834446fffffffff,0.2775
2024_E_HRCN,834448fffffffff,0.0458
2024_E_HRCN,834449fffffffff,0.0119
2024_E_HRCN,83444afffffffff,0.0329
2024_E_HRCN,83444bfffffffff,0.0255
2024_E_HRCN,83444cfffffffff,0.066
2024_E_HRCN,83444dfffffffff,0.022
2024_E_HRCN,83444efffffffff,0.0473
2024_E_HRCN,834450fffffffff,0.2624
2024_E_HRCN,834451fffffffff,0.1813
2024_E_HRCN,834452fffffffff,0.2245
2024_E_HRCN,834453fffffffff,0.1623
2024_E_HRCN,834455fffffffff,0.2758
2024_E_HRCN,834456fffffffff,0.4851
2024_E_HRCN,834458fffffffff,0.0719
2024_E_HRCN,834459fffffffff,0.0345
2024_E_HRCN,83445afffffffff,0.0645
2024_E_HRCN,83445bfffffffff,0.0544
2024_E_HRCN,83445cfffffffff,0.0993
2024_E_HRCN,83445dfffffffff,0.0594
2024_E_HRCN,83445efffffffff,0.1052
2024_E_HRCN,834463fffffffff,0.1779
2024_E_HRCN,834468fffffffff,0.1112
2024_E_HRCN,834469fffffffff,0.0448
2024_E_HRCN,83446afffffffff,0.0959
2024_E_HRCN,83446bfffffffff,0.0583
2024_E_HRCN,83446cfffffffff,0.2001
2024_E_HRCN,83446dfffffffff,0.1025
2024_E_HRCN,83446efffffffff,0.1543
2024_E_HRCN,834471fffffffff,0.4442
2024_E_HRCN,834473fffffffff,0.4719
2024_E_HRCN,8344a1fffffffff,0.3243
2024_E_HRCN,8344a5fffffffff,0.3972
2024_E_HRCN,8344a8fffffffff,0.3164
2024_E_HRCN,8344a9fffffffff,0.2462
2024_E_HRCN,8344abfffffffff,0.44
2024_E_HRCN,8344acfffffffff,0.2635
2024_E_HRCN,8344adfffffffff,0.2468
2024_E_HRCN,8344aefffffffff,0.3503
2024_E_HRCN,8344c0fffffffff,0.0846
2024_E_HRCN,8344c1fffffffff,0.0485
2024_E_HRCN,8344c2fffffffff,0.1354
2024_E_HRCN,8344c3fffffffff,0.0531
2024_E_HRCN,8344c4fffffffff,0.1856
2024_E_HRCN,8344c5fffffffff,0.0829
2024_E_HRCN,8344c6fffffffff,0.2261
2024_E_HRCN,8344c8fffffffff,0.0192
2024_E_HRCN,8344c9fffffffff,0.0238
2024_E_HRCN,8344cafffffffff,0.0135
2024_E_HRCN,8344cbfffffffff,0.0195
2024_E_HRCN,8344ccfffffffff,0.026
2024_E_HRCN,8344cdfffffffff,0.0203
2024_E_HRCN,8344cefffffffff,0.0219
2024_E_HRCN,8344d0fffffffff,0.355
2024_E_HRCN,8344d1fffffffff,0.2355
2024_E_HRCN,8344d2fffffffff,0.3899
2024_E_HRCN,8344d3fffffffff,0.2911
2024_E_HRCN,8344d5fffffffff,0.307
2024_E_HRCN,8344d8fffffffff,0.0657
2024_E_HRCN,8344d9fffffffff,0.0258
2024_E_HRCN,8344dafffffffff,0.1217
2024_E_HRCN,8344dbfffffffff,0.0554
2024_E_HRCN,8344dcfffffffff,0.0989
2024_E_HRCN,8344ddfffffffff,0.042
2024_E_HRCN,8344defffffffff,0.1857
2024_E_HRCN,8344e0fffffffff,0.2465
2024_E_HRCN,8344e1fffffffff,0.1733
2024_E_HRCN,8344e2fffffffff,0.2376
2024_E_HRCN,8344e3fffffffff,0.172
2024_E_HRCN,8344e4fffffffff,0.3555
2024_E_HRCN,8344e5fffffffff,0.2856
2024_E_HRCN,8344e6fffffffff,0.2762
2024_E_HRCN,8344e8fffffffff,0.0639
2024_E_HRCN,8344e9fffffffff,0.0414
2024_E_HRCN,8344eafffffffff,0.0631
2024_E_HRCN,8344ebfffffffff,0.0338
2024_E_HRCN,8344ecfffffffff,0.1023
2024_E_HRCN,8344edfffffffff,0.0765
2024_E_HRCN,8344eefffffffff,0.1015
2024_E_HRCN,8344f0fffffffff,0.2546
2024_E_HRCN,8344f1fffffffff,0.2722
2024_E_HRCN,8344f3fffffffff,0.3416
2024_E_HRCN,8344f4fffffffff,0.2496
2024_E_HRCN,8344f5fffffffff,0.222
2024_E_HRCN,8344f6fffffffff,0.282
2024_E_HRCN,834859fffffffff,0.0103
2024_E_HRCN,83485afffffffff,0.0122
2024_E_HRCN,83485bfffffffff,0.0129
2024_E_HRCN,834880fffffffff,0.0518
2024_E_HRCN,834881fffffffff,0.0351
2024_E_HRCN,834882fffffffff,0.0657
2024_E_HRCN,834883fffffffff,0.031
2024_E_HRCN,834886fffffffff,0.076
2024_E_HRCN,834888fffffffff,0.0105
2024_E_HRCN,834889fffffffff,0.0066
2024_E_HRCN,83488afffffffff,0.0093
2024_E_HRCN,83488bfffffffff,0.0063
2024_E_HRCN,83488cfffffffff,0.0134
2024_E_HRCN,83488dfffffffff,0.0116
2024_E_HRCN,83488efffffffff,0.0192
2024_E_HRCN,834890fffffffff,0.2262
2024_E_HRCN,834891fffffffff,0.114
2024_E_HRCN,834892fffffffff,0.2575
2024_E_HRCN,834893fffffffff,0.1478
2024_E_HRCN,834895fffffffff,0.1343
2024_E_HRCN,834898fffffffff,0.0163
2024_E_HRCN,834899fffffffff,0.0087
2024_E_HRCN,83489afffffffff,0.0478
2024_E_HRCN,83489bfffffffff,0.0152
2024_E_HRCN,83489cfffffffff,0.0382
2024_E_HRCN,83489dfffffffff,0.0181
2024_E_HRCN,83489efffffffff,0.0627
2024_E_HRCN,8348abfffffffff,0.0123
2024_E_HRCN,8348b1fffffffff,0.0783
2024_E_HRCN,8348b2fffffffff,0.1817
2024_E_HRCN,8348b3fffffffff,0.1498
2024_E_HRCN,8348c0fffffffff,0.0067
2024_E_HRCN,8348c1fffffffff,0.008
2024_E_HRCN,8348c2fffffffff,0.0081
2024_E_HRCN,8348c3fffffffff,0.0011
2024_E_HRCN,8348c4fffffffff,0.0064
2024_E_HRCN,8348c5fffffffff,0.01
2024_E_HRCN,8348c6fffffffff,0.0067
2024_E_HRCN,8348c8fffffffff,0.0042
2024_E_HRCN,8348c9fffffffff,0.0
2024_E_HRCN,8348cafffffffff,0.002
2024_E_HRCN,8348cbfffffffff,0.006
2024_E_HRCN,8348ccfffffffff,0.0073
2024_E_HRCN,8348cdfffffffff,0.0025
2024_E_HRCN,8348cefffffffff,0.0026
2024_E_HRCN,8348d0fffffffff,0.0092
2024_E_HRCN,8348d1fffffffff,0.0096
2024_E_HRCN,8348d2fffffffff,0.0086
2024_E_HRCN,8348d3fffffffff,0.0056
2024_E_HRCN,8348d4fffffffff,0.0061
2024_E_HRCN,8348d5fffffffff,0.009
2024_E_HRCN,8348d6fffffffff,0.0075
2024_E_HRCN,8348d8fffffffff,0.0
2024_E_HRCN,8348d9fffffffff,0.0
2024_E_HRCN,8348dafffffffff,0.0
2024_E_HRCN,8348dbfffffffff,0.0
2024_E_HRCN,8348dcfffffffff,0.0007
2024_E_HRCN,8348ddfffffffff,0.0
2024_E_HRCN,8348defffffffff,0.0003
2024_E_HRCN,8348e3fffffffff,0.0092
2024_E_HRCN,8348e8fffffffff,0.012
2024_E_HRCN,8348e9fffffffff,0.0099
2024_E_HRCN,8348eafffffffff,0.016
2024_E_HRCN,8348ebfffffffff,0.01
2024_E_HRCN,8348ecfffffffff,0.0226
2024_E_HRCN,8348edfffffffff,0.0093
2024_E_HRCN,8348eefffffffff,0.0205
2024_E_HRCN,8348f2fffffffff,0.0067
2024_E_HRCN,8348f3fffffffff,0.0057
2024_E_HRCN,8348f6fffffffff,0.0089
2024_E_IMPWTR,8312c9fffffffff,0.03
2024_E_IMPWTR,8312cafffffffff,0.16
2024_E_IMPWTR,8312cbfffffffff,0.02
2024_E_IMPWTR,8312d8fffffffff,0.19
2024_E_IMPWTR,8312d9fffffffff,0.41
2024_E_IMPWTR,8312dafffffffff,0.04
2024_E_IMPWTR,8312dbfffffffff,0.29
2024_E_IMPWTR,8312ddfffffffff,0.35
2024_E_IMPWTR,8312defffffffff,0.08
2024_E_IMPWTR,832600fffffffff,0.12
2024_E_IMPWTR,832601fffffffff,0.22
2024_E_IMPWTR,832602fffffffff,0.11
2024_E_IMPWTR,832603fffffffff,0.09
2024_E_IMPWTR,832604fffffffff,0.16
2024_E_IMPWTR,832605fffffffff,0.26
2024_E_IMPWTR,832606fffffffff,0.05
2024_E_IMPWTR,832608fffffffff,0.12
2024_E_IMPWTR,832609fffffffff,0.14
2024_E_IMPWTR,83260afffffffff,0.14
2024_E_IMPWTR,83260bfffffffff,0.21
2024_E_IMPWTR,83260cfffffffff,0.06
2024_E_IMPWTR,83260dfffffffff,0.09
2024_E_IMPWTR,83260efffffffff,0.14
2024_E_IMPWTR,832610fffffffff,0.04
2024_E_IMPWTR,832611fffffffff,0.06
2024_E_IMPWTR,832612fffffffff,0.05
2024_E_IMPWTR,832613fffffffff,0.08
2024_E_IMPWTR,832614fffffffff,0.15
2024_E_IMPWTR,832615fffffffff,0.13
2024_E_IMPWTR,832616fffffffff,0.07
2024_E_IMPWTR,832618fffffffff,0.06
2024_E_IMPWTR,832619fffffffff,0.09
2024_E_IMPWTR,83261afffffffff,0.16
2024_E_IMPWTR,83261bfffffffff,0.18
2024_E_IMPWTR,83261cfffffffff,0.08
2024_E_IMPWTR,83261dfffffffff,0.08
2024_E_IMPWTR,83261efffffffff,0.16
2024_E_IMPWTR,832620fffffffff,0.43
2024_E_IMPWTR,832621fffffffff,0.47
2024_E_IMPWTR,832622fffffffff,0.22
2024_E_IMPWTR,832623fffffffff,0.36
2024_E_IMPWTR,832624fffffffff,0.35
2024_E_IMPWTR,832625fffffffff,0.36
2024_E_IMPWTR,832626fffffffff,0.37
2024_E_IMPWTR,832628fffffffff,0.25
2024_E_IMPWTR,832629fffffffff,0.13
2024_E_IMPWTR,83262afffffffff,0.17
2024_E_IMPWTR,83262bfffffffff,0.18
2024_E_IMPWTR,83262cfffffffff,0.4
2024_E_IMPWTR,83262dfffffffff,0.23
2024_E_IMPWTR,83262efffffffff,0.44
2024_E_IMPWTR,832630fffffffff,0.09
2024_E_IMPWTR,832631fffffffff,0.09
2024_E_IMPWTR,832632fffffffff,0.2
2024_E_IMPWTR,832633fffffffff,0.24
2024_E_IMPWTR,832634fffffffff,0.08
2024_E_IMPWTR,832635fffffffff,0.24
2024_E_IMPWTR,832636fffffffff,0.09
2024_E_IMPWTR,832640fffffffff,0.25
2024_E_IMPWTR,832641fffffffff,0.3
2024_E_IMPWTR,832642fffffffff,0.06
2024_E_IMPWTR,832643fffffffff,0.09
2024_E_IMPWTR,832644fffffffff,0.22
2024_E_IMPWTR,832645fffffffff,0.24
2024_E_IMPWTR,832646fffffffff,0.1
2024_E_IMPWTR,832648fffffffff,0.13
2024_E_IMPWTR,832649fffffffff,0.19
2024_E_IMPWTR,83264afffffffff,0.37
2024_E_IMPWTR,83264bfffffffff,0.07
2024_E_IMPWTR,83264cfffffffff,0.16
2024_E_IMPWTR,83264dfffffffff,0.26
2024_E_IMPWTR,83264efffffffff,0.26
2024_E_IMPWTR,832650fffffffff,0.04
2024_E_IMPWTR,832651fffffffff,0.04
2024_E_IMPWTR,832652fffffffff,0.22
2024_E_IMPWTR,832653fffffffff,0.11
2024_E_IMPWTR,832654fffffffff,0.07
2024_E_IMPWTR,832655fffffffff,0.05
2024_E_IMPWTR,832656fffffffff,0.15
2024_E_IMPWTR,832658fffffffff,0.06
2024_E_IMPWTR,832659fffffffff,0.15
2024_E_IMPWTR,83265afffffffff,0.03
2024_E_IMPWTR,83265bfffffffff,0.09
2024_E_IMPWTR,83265cfffffffff,0.05
2024_E_IMPWTR,83265dfffffffff,0.1
2024_E_IMPWTR,83265efffffffff,0.02
2024_E_IMPWTR,832660fffffffff,0.28
2024_E_IMPWTR,832661fffffffff,0.63
2024_E_IMPWTR,832662fffffffff,0.18
2024_E_IMPWTR,832663fffffffff,0.2
2024_E_IMPWTR,832664fffffffff,0.63
2024_E_IMPWTR,832665fffffffff,0.56
2024_E_IMPWTR,832666fffffffff,0.17
2024_E_IMPWTR,832668fffffffff,0.37
2024_E_IMPWTR,832669fffffffff,0.21
2024_E_IMPWTR,83266afffffffff,0.36
2024_E_IMPWTR,83266bfffffffff,0.16
2024_E_IMPWTR,83266cfffffffff,0.49
2024_E_IMPWTR,83266dfffffffff,0.29
2024_E_IMPWTR,83266efffffffff,0.56
2024_E_IMPWTR,832670fffffffff,0.09
2024_E_IMPWTR,832671fffffffff,0.13
2024_E_IMPWTR,832672fffffffff,0.12
2024_E_IMPWTR,832673fffffffff,0.11
2024_E_IMPWTR,832674fffffffff,0.14
2024_E_IMPWTR,832675fffffffff,0.14
2024_E_IMPWTR,832676fffffffff,0.11
2024_E_IMPWTR,832680fffffffff,0.17
2024_E_IMPWTR,832681fffffffff,0.45
2024_E_IMPWTR,832682fffffffff,0.2
2024_E_IMPWTR,832683fffffffff,0.24
2024_E_IMPWTR,832684fffffffff,0.02
2024_E_IMPWTR,832685fffffffff,0.27
2024_E_IMPWTR,832686fffffffff,0.01
2024_E_IMPWTR,832688fffffffff,0.54
2024_E_IMPWTR,832689fffffffff,0.76
2024_E_IMPWTR,83268afffffffff,0.31
2024_E_IMPWTR,83268bfffffffff,0.36
2024_E_IMPWTR,83268cfffffffff,0.46
2024_E_IMPWTR,83268dfffffffff,0.63
2024_E_IMPWTR,83268efffffffff,0.21
2024_E_IMPWTR,832690fffffffff,0.51
2024_E_IMPWTR,832691fffffffff,0.36
2024_E_IMPWTR,832692fffffffff,0.13
2024_E_IMPWTR,832693fffffffff,0.3
2024_E_IMPWTR,832694fffffffff,0.24
2024_E_IMPWTR,832695fffffffff,0.37
2024_E_IMPWTR,832696fffffffff,0.22
2024_E_IMPWTR,832698fffffffff,0.23
2024_E_IMPWTR,832699fffffffff,0.23
2024_E_IMPWTR,83269afffffffff,0.25
2024_E_IMPWTR,83269bfffffffff,0.06
2024_E_IMPWTR,83269cfffffffff,0.32
2024_E_IMPWTR,83269dfffffffff,0.42
2024_E_IMPWTR,83269efffffffff,0.39
2024_E_IMPWTR,8326a0fffffffff,0.0
2024_E_IMPWTR,8326a1fffffffff,0.05
2024_E_IMPWTR,8326a2fffffffff,0.02
2024_E_IMPWTR,8326a3fffffffff,0.02
2024_E_IMPWTR,8326a4fffffffff,0.03
2024_E_IMPWTR,8326a5fffffffff,0.03
2024_E_IMPWTR,8326a6fffffffff,0.05
2024_E_IMPWTR,8326a8fffffffff,0.17
2024_E_IMPWTR,8326a9fffffffff,0.17
2024_E_IMPWTR,8326aafffffffff,0.25
2024_E_IMPWTR,8326abfffffffff,0.12
2024_E_IMPWTR,8326acfffffffff,0.07
2024_E_IMPWTR,8326adfffffffff,0.08
2024_E_IMPWTR,8326aefffffffff,0.04
2024_E_IMPWTR,8326b0fffffffff,0.0
2024_E_IMPWTR,8326b1fffffffff,0.01
2024_E_IMPWTR,8326b2fffffffff,0.15
2024_E_IMPWTR,8326b3fffffffff,0.02
2024_E_IMPWTR,8326b4fffffffff,0.0
2024_E_IMPWTR,8326b5fffffffff,0.01
2024_E_IMPWTR,8326b6fffffffff,0.13
2024_E_IMPWTR,8326c0fffffffff,0.26
2024_E_IMPWTR,8326c1fffffffff,0.3
2024_E_IMPWTR,8326c2fffffffff,0.08
2024_E_IMPWTR,8326c3fffffffff,0.23
2024_E_IMPWTR,8326c4fffffffff,0.19
2024_E_IMPWTR,8326c5fffffffff,0.18
2024_E_IMPWTR,8326c6fffffffff,0.13
2024_E_IMPWTR,8326c8fffffffff,0.08
2024_E_IMPWTR,8326c9fffffffff,0.14
2024_E_IMPWTR,8326cafffffffff,0.06
2024_E_IMPWTR,8326cbfffffffff,0.12
2024_E_IMPWTR,8326ccfffffffff,0.17
2024_E_IMPWTR,8326cdfffffffff,0.12
2024_E_IMPWTR,8326cefffffffff,0.19
2024_E_IMPWTR,8326d0fffffffff,0.08
2024_E_IMPWTR,8326d1fffffffff,0.05
2024_E_IMPWTR,8326d2fffffffff,0.17
2024_E_IMPWTR,8326d3fffffffff,0.0
2024_E_IMPWTR,8326d4fffffffff,0.23
2024_E_IMPWTR,8326d5fffffffff,0.04
2024_E_IMPWTR,8326d6fffffffff,0.09
2024_E_IMPWTR,8326d8fffffffff,0.11
2024_E_IMPWTR,8326d9fffffffff,0.02
2024_E_IMPWTR,8326dafffffffff,0.06
2024_E_IMPWTR,8326dbfffffffff,0.06
2024_E_IMPWTR,8326dcfffffffff,0.05
2024_E_IMPWTR,8326ddfffffffff,0.05
2024_E_IMPWTR,8326defffffffff,0.03
2024_E_IMPWTR,8326e0fffffffff,0.21
2024_E_IMPWTR,8326e1fffffffff,0.16
2024_E_IMPWTR,8326e2fffffffff,0.28
2024_E_IMPWTR,8326e3fffffffff,0.26
2024_E_IMPWTR,8326e4fffffffff,0.31
2024_E_IMPWTR,8326e5fffffffff,0.24
2024_E_IMPWTR,8326e6fffffffff,0.24
2024_E_IMPWTR,8326e8fffffffff,0.27
2024_E_IMPWTR,8326e9fffffffff,0.04
2024_E_IMPWTR,8326eafffffffff,0.25
2024_E_IMPWTR,8326ebfffffffff,0.26
2024_E_IMPWTR,8326ecfffffffff,0.38
2024_E_IMPWTR,8326edfffffffff,0.1
2024_E_IMPWTR,8326eefffffffff,0.31
2024_E_IMPWTR,8326f0fffffffff,0.17
2024_E_IMPWTR,8326f1fffffffff,0.19
2024_E_IMPWTR,8326f2fffffffff,0.48
2024_E_IMPWTR,8326f3fffffffff,0.17
2024_E_IMPWTR,8326f4fffffffff,0.16
2024_E_IMPWTR,8326f5fffffffff,0.19
2024_E_IMPWTR,8326f6fffffffff,0.2
2024_E_IMPWTR,832708fffffffff,0.24
2024_E_IMPWTR,832709fffffffff,0.29
2024_E_IMPWTR,83270afffffffff,0.27
2024_E_IMPWTR,83270bfffffffff,0.3
2024_E_IMPWTR,83270dfffffffff,0.36
2024_E_IMPWTR,83270efffffffff,0.37
2024_E_IMPWTR,832718fffffffff,0.16
2024_E_IMPWTR,832719fffffffff,0.36
2024_E_IMPWTR,83271afffffffff,0.08
2024_E_IMPWTR,83271bfffffffff,0.29
2024_E_IMPWTR,83271cfffffffff,0.22
2024_E_IMPWTR,83271dfffffffff,0.26
2024_E_IMPWTR,83271efffffffff,0.01
2024_E_IMPWTR,832740fffffffff,0.44
2024_E_IMPWTR,832741fffffffff,0.67
2024_E_IMPWTR,832742fffffffff,0.08
2024_E_IMPWTR,832743fffffffff,0.34
2024_E_IMPWTR,832744fffffffff,0.56
2024_E_IMPWTR,832745fffffffff,0.47
2024_E_IMPWTR,832746fffffffff,0.47
2024_E_IMPWTR,832748fffffffff,0.93
2024_E_IMPWTR,832749fffffffff,0.83
2024_E_IMPWTR,83274bfffffffff,0.71
2024_E_IMPWTR,83274cfffffffff,0.95
2024_E_IMPWTR,83274dfffffffff,0.96
2024_E_IMPWTR,83274efffffffff,0.76
2024_E_IMPWTR,832750fffffffff,0.14
2024_E_IMPWTR,832751fffffffff,0.2
2024_E_IMPWTR,832752fffffffff,0.36
2024_E_IMPWTR,832753fffffffff,0.27
2024_E_IMPWTR,832754fffffffff,0.09
2024_E_IMPWTR,832755fffffffff,0.22
2024_E_IMPWTR,832756fffffffff,0.21
2024_E_IMPWTR,832758fffffffff,0.3
2024_E_IMPWTR,832759fffffffff,0.37
2024_E_IMPWTR,83275afffffffff,0.22
2024_E_IMPWTR,83275bfffffffff,0.18
2024_E_IMPWTR,83275cfffffffff,0.25
2024_E_IMPWTR,83275dfffffffff,0.43
2024_E_IMPWTR,83275efffffffff,0.2
2024_E_IMPWTR,832763fffffffff,0.66
2024_E_IMPWTR,832768fffffffff,0.57
2024_E_IMPWTR,83276afffffffff,0.84
2024_E_IMPWTR,83276bfffffffff,0.65
2024_E_IMPWTR,83276efffffffff,0.44
2024_E_IMPWTR,832770fffffffff,0.13
2024_E_IMPWTR,832771fffffffff,0.24
2024_E_IMPWTR,832772fffffffff,0.25
2024_E_IMPWTR,832773fffffffff,0.5
2024_E_IMPWTR,832780fffffffff,0.33
2024_E_IMPWTR,832781fffffffff,0.21
2024_E_IMPWTR,832782fffffffff,0.31
2024_E_IMPWTR,832783fffffffff,0.22
2024_E_IMPWTR,832784fffffffff,0.3
2024_E_IMPWTR,832785fffffffff,0.2
2024_E_IMPWTR,832786fffffffff,0.31
2024_E_IMPWTR,832788fffffffff,0.05
2024_E_IMPWTR,832789fffffffff,0.07
2024_E_IMPWTR,83278afffffffff,0.09
2024_E_IMPWTR,83278bfffffffff,0.06
2024_E_IMPWTR,83278cfffffffff,0.09
2024_E_IMPWTR,83278dfffffffff,0.1
2024_E_IMPWTR,83278efffffffff,0.11
2024_E_IMPWTR,832790fffffffff,0.13
2024_E_IMPWTR,832791fffffffff,0.17
2024_E_IMPWTR,832792fffffffff,0.19
2024_E_IMPWTR,832793fffffffff,0.14
2024_E_IMPWTR,832794fffffffff,0.11
2024_E_IMPWTR,832795fffffffff,0.17
2024_E_IMPWTR,832796fffffffff,0.16
2024_E_IMPWTR,832798fffffffff,0.05
2024_E_IMPWTR,832799fffffffff,0.1
2024_E_IMPWTR,83279afffffffff,0.07
2024_E_IMPWTR,83279bfffffffff,0.09
2024_E_IMPWTR,83279cfffffffff,0.14
2024_E_IMPWTR,83279dfffffffff,0.16
2024_E_IMPWTR,83279efffffffff,0.18
2024_E_IMPWTR,8327a3fffffffff,0.11
2024_E_IMPWTR,8327a8fffffffff,0.11
2024_E_IMPWTR,8327a9fffffffff,0.23
2024_E_IMPWTR,8327aafffffffff,0.24
2024_E_IMPWTR,8327abfffffffff,0.11
2024_E_IMPWTR,8327acfffffffff,0.14
2024_E_IMPWTR,8327adfffffffff,0.13
2024_E_IMPWTR,8327aefffffffff,0.06
2024_E_IMPWTR,8327b3fffffffff,0.18
2024_E_IMPWTR,832800fffffffff,0.24
2024_E_IMPWTR,832802fffffffff,0.91
2024_E_IMPWTR,832806fffffffff,0.74
2024_E_IMPWTR,832810fffffffff,0.12
2024_E_IMPWTR,832811fffffffff,0.61
2024_E_IMPWTR,832812fffffffff,0.06
2024_E_IMPWTR,832813fffffffff,0.41
2024_E_IMPWTR,832814fffffffff,0.16
2024_E_IMPWTR,832815fffffffff,0.2
2024_E_IMPWTR,832816fffffffff,0.08
2024_E_IMPWTR,832818fffffffff,0.72
2024_E_IMPWTR,83281afffffffff,0.63
2024_E_IMPWTR,83281bfffffffff,0.77
2024_E_IMPWTR,83281cfffffffff,0.65
2024_E_IMPWTR,83281efffffffff,0.63
2024_E_IMPWTR,832830fffffffff,0.41
2024_E_IMPWTR,832831fffffffff,0.67
2024_E_IMPWTR,832832fffffffff,0.2
2024_E_IMPWTR,832833fffffffff,0.34
2024_E_IMPWTR,832834fffffffff,0.29
2024_E_IMPWTR,832835fffffffff,0.04
2024_E_IMPWTR,832836fffffffff,0.41
2024_E_IMPWTR,832880fffffffff,0.38
2024_E_IMPWTR,832881fffffffff,0.42
2024_E_IMPWTR,832882fffffffff,0.3
2024_E_IMPWTR,832883fffffffff,0.25
2024_E_IMPWTR,832884fffffffff,0.37
2024_E_IMPWTR,832885fffffffff,0.3
2024_E_IMPWTR,832886fffffffff,0.29
2024_E_IMPWTR,832888fffffffff,0.32
2024_E_IMPWTR,832889fffffffff,0.2
2024_E_IMPWTR,83288afffffffff,0.2
2024_E_IMPWTR,83288bfffffffff,0.14
2024_E_IMPWTR,83288cfffffffff,0.5
2024_E_IMPWTR,83288dfffffffff,0.31
2024_E_IMPWTR,83288efffffffff,0.3
2024_E_IMPWTR,832890fffffffff,0.23
2024_E_IMPWTR,832891fffffffff,0.24
2024_E_IMPWTR,832892fffffffff,0.15
2024_E_IMPWTR,832893fffffffff,0.24
2024_E_IMPWTR,832894fffffffff,0.27
2024_E_IMPWTR,832895fffffffff,0.32
2024_E_IMPWTR,832896fffffffff,0.04
2024_E_IMPWTR,832898fffffffff,0.24
2024_E_IMPWTR,832899fffffffff,0.48
2024_E_IMPWTR,83289afffffffff,0.09
2024_E_IMPWTR,83289bfffffffff,0.15
2024_E_IMPWTR,83289cfffffffff,0.18
2024_E_IMPWTR,83289dfffffffff,0.27
2024_E_IMPWTR,83289efffffffff,0.24
2024_E_IMPWTR,8328a0fffffffff,0.09
2024_E_IMPWTR,8328a1fffffffff,0.16
2024_E_IMPWTR,8328a2fffffffff,0.28
2024_E_IMPWTR,8328a3fffffffff,0.19
2024_E_IMPWTR,8328a4fffffffff,0.15
2024_E_IMPWTR,8328a5fffffffff,0.06
2024_E_IMPWTR,8328a6fffffffff,0.11
2024_E_IMPWTR,8328a8fffffffff,0.33
2024_E_IMPWTR,8328a9fffffffff,0.46
2024_E_IMPWTR,8328aafffffffff,0.44
2024_E_IMPWTR,8328abfffffffff,0.46
2024_E_IMPWTR,8328acfffffffff,0.32
2024_E_IMPWTR,8328adfffffffff,0.45
2024_E_IMPWTR,8328aefffffffff,0.21
2024_E_IMPWTR,8328b0fffffffff,0.47
2024_E_IMPWTR,8328b1fffffffff,0.52
2024_E_IMPWTR,8328b2fffffffff,0.64
2024_E_IMPWTR,8328b3fffffffff,0.51
2024_E_IMPWTR,8328b4fffffffff,0.18
2024_E_IMPWTR,8328b5fffffffff,0.19
2024_E_IMPWTR,8328b6fffffffff,0.36
2024_E_IMPWTR,8328c2fffffffff,0.12
2024_E_IMPWTR,8328c6fffffffff,0.14
2024_E_IMPWTR,8328d0fffffffff,0.12
2024_E_IMPWTR,8328d1fffffffff,0.37
2024_E_IMPWTR,8328d2fffffffff,0.07
2024_E_IMPWTR,8328d3fffffffff,0.1
2024_E_IMPWTR,8328d4fffffffff,0.13
2024_E_IMPWTR,8328d5fffffffff,0.36
2024_E_IMPWTR,8328d6fffffffff,0.14
2024_E_IMPWTR,8328defffffffff,0.02
2024_E_IMPWTR,8328f0fffffffff,0.54
2024_E_IMPWTR,8328f1fffffffff,0.58
2024_E_IMPWTR,8328f2fffffffff,0.13
2024_E_IMPWTR,8328f3fffffffff,0.22
2024_E_IMPWTR,8328f4fffffffff,0.53
2024_E_IMPWTR,8328f5fffffffff,0.57
2024_E_IMPWTR,8328f6fffffffff,0.39
2024_E_IMPWTR,832912fffffffff,0.29
2024_E_IMPWTR,832913fffffffff,0.21
2024_E_IMPWTR,832916fffffffff,0.0
2024_E_IMPWTR,83291afffffffff,0.08
2024_E_IMPWTR,832980fffffffff,0.01
2024_E_IMPWTR,832981fffffffff,0.01
2024_E_IMPWTR,832982fffffffff,0.01
2024_E_IMPWTR,832983fffffffff,0.0
2024_E_IMPWTR,832984fffffffff,0.01
2024_E_IMPWTR,832985fffffffff,0.04
2024_E_IMPWTR,832986fffffffff,0.06
2024_E_IMPWTR,832988fffffffff,0.33
2024_E_IMPWTR,832989fffffffff,0.18
2024_E_IMPWTR,83298afffffffff,0.17
2024_E_IMPWTR,83298bfffffffff,0.18
2024_E_IMPWTR,83298cfffffffff,0.24
2024_E_IMPWTR,83298dfffffffff,0.2
2024_E_IMPWTR,83298efffffffff,0.03
2024_E_IMPWTR,832990fffffffff,0.45
2024_E_IMPWTR,832991fffffffff,0.11
2024_E_IMPWTR,832992fffffffff,0.4
2024_E_IMPWTR,832993fffffffff,0.36
2024_E_IMPWTR,832994fffffffff,0.02
2024_E_IMPWTR,832995fffffffff,0.15
2024_E_IMPWTR,832996fffffffff,0.16
2024_E_IMPWTR,832998fffffffff,0.03
2024_E_IMPWTR,832999fffffffff,0.1
2024_E_IMPWTR,83299afffffffff,0.05
2024_E_IMPWTR,83299bfffffffff,0.05
2024_E_IMPWTR,83299cfffffffff,0.01
2024_E_IMPWTR,83299dfffffffff,0.03
2024_E_IMPWTR,83299efffffffff,0.01
2024_E_IMPWTR,8329a0fffffffff,0.17
2024_E_IMPWTR,8329a1fffffffff,0.2
2024_E_IMPWTR,8329a2fffffffff,0.0
2024_E_IMPWTR,8329a3fffffffff,0.02
2024_E_IMPWTR,8329a4fffffffff,0.31
2024_E_IMPWTR,8329a5fffffffff,0.61
2024_E_IMPWTR,8329a6fffffffff,0.14
2024_E_IMPWTR,8329a8fffffffff,0.18
2024_E_IMPWTR,8329a9fffffffff,0.28
2024_E_IMPWTR,8329aafffffffff,0.05
2024_E_IMPWTR,8329abfffffffff,0.12
2024_E_IMPWTR,8329acfffffffff,0.08
2024_E_IMPWTR,8329adfffffffff,0.13
2024_E_IMPWTR,8329aefffffffff,0.03
2024_E_IMPWTR,8329b0fffffffff,0.02
2024_E_IMPWTR,8329b1fffffffff,0.05
2024_E_IMPWTR,8329b2fffffffff,0.01
2024_E_IMPWTR,8329b3fffffffff,0.01
2024_E_IMPWTR,8329b4fffffffff,0.01
2024_E_IMPWTR,8329b5fffffffff,0.06
2024_E_IMPWTR,8329b6fffffffff,0.06
2024_E_IMPWTR,832a06fffffffff,0.55
2024_E_IMPWTR,832a10fffffffff,0.59
2024_E_IMPWTR,832a12fffffffff,0.58
2024_E_IMPWTR,832a13fffffffff,0.9
2024_E_IMPWTR,832a14fffffffff,0.27
2024_E_IMPWTR,832a15fffffffff,0.35
2024_E_IMPWTR,832a16fffffffff,0.18
2024_E_IMPWTR,832a30fffffffff,0.73
2024_E_IMPWTR,832a31fffffffff,0.71
2024_E_IMPWTR,832a32fffffffff,0.52
2024_E_IMPWTR,832a33fffffffff,0.44
2024_E_IMPWTR,832a34fffffffff,0.12
2024_E_IMPWTR,832a36fffffffff,0.85
2024_E_IMPWTR,832a80fffffffff,0.56
2024_E_IMPWTR,832a81fffffffff,0.36
2024_E_IMPWTR,832a82fffffffff,0.77
2024_E_IMPWTR,832a83fffffffff,0.44
2024_E_IMPWTR,832a84fffffffff,0.46
2024_E_IMPWTR,832a85fffffffff,0.36
2024_E_IMPWTR,832a86fffffffff,0.88
2024_E_IMPWTR,832a88fffffffff,0.3
2024_E_IMPWTR,832a89fffffffff,0.13
2024_E_IMPWTR,832a8afffffffff,0.26
2024_E_IMPWTR,832a8bfffffffff,0.11
2024_E_IMPWTR,832a8cfffffffff,0.34
2024_E_IMPWTR,832a8dfffffffff,0.37
2024_E_IMPWTR,832a8efffffffff,0.25
2024_E_IMPWTR,832a90fffffffff,0.95
2024_E_IMPWTR,832a91fffffffff,0.94
2024_E_IMPWTR,832a92fffffffff,0.67
2024_E_IMPWTR,832a93fffffffff,0.66
2024_E_IMPWTR,832a94fffffffff,0.94
2024_E_IMPWTR,832a95fffffffff,0.92
2024_E_IMPWTR,832a96fffffffff,0.69
2024_E_IMPWTR,832a98fffffffff,0.32
2024_E_IMPWTR,832a99fffffffff,0.29
2024_E_IMPWTR,832a9afffffffff,0.17
2024_E_IMPWTR,832a9bfffffffff,0.35
2024_E_IMPWTR,832a9cfffffffff,0.66
2024_E_IMPWTR,832a9dfffffffff,0.54
2024_E_IMPWTR,832a9efffffffff,0.3
2024_E_IMPWTR,832aa0fffffffff,0.18
2024_E_IMPWTR,832aa1fffffffff,0.6
2024_E_IMPWTR,832aa2fffffffff,0.25
2024_E_IMPWTR,832aa3fffffffff,0.3
2024_E_IMPWTR,832aa4fffffffff,0.07
2024_E_IMPWTR,832aa5fffffffff,0.22
2024_E_IMPWTR,832aa6fffffffff,0.12
2024_E_IMPWTR,832aa8fffffffff,0.81
2024_E_IMPWTR,832aa9fffffffff,0.6
2024_E_IMPWTR,832aaafffffffff,0.43
2024_E_IMPWTR,832aabfffffffff,0.37
2024_E_IMPWTR,832aacfffffffff,0.69
2024_E_IMPWTR,832aadfffffffff,0.66
2024_E_IMPWTR,832aaefffffffff,0.73
2024_E_IMPWTR,832ab1fffffffff,0.6
2024_E_IMPWTR,832ab2fffffffff,0.82
2024_E_IMPWTR,832ab3fffffffff,0.99
2024_E_IMPWTR,832ab5fffffffff,0.28
2024_E_IMPWTR,832ab6fffffffff,0.82
2024_E_IMPWTR,832ad0fffffffff,0.07
2024_E_IMPWTR,832ad2fffffffff,0.08
2024_E_IMPWTR,832ad3fffffffff,0.14
2024_E_IMPWTR,832ad4fffffffff,0.07
2024_E_IMPWTR,832ad5fffffffff,0.28
2024_E_IMPWTR,832ad6fffffffff,0.05
2024_E_IMPWTR,832af0fffffffff,0.17
2024_E_IMPWTR,832af2fffffffff,0.13
2024_E_IMPWTR,832af3fffffffff,0.23
2024_E_IMPWTR,832af6fffffffff,0.6
2024_E_IMPWTR,832b10fffffffff,0.08
2024_E_IMPWTR,832b11fffffffff,0.17
2024_E_IMPWTR,832b12fffffffff,0.01
2024_E_IMPWTR,832b13fffffffff,0.02
2024_E_IMPWTR,832b18fffffffff,0.01
2024_E_IMPWTR,832b1afffffffff,0.1
2024_E_IMPWTR,832b1bfffffffff,0.0
2024_E_IMPWTR,832b1efffffffff,0.02
2024_E_IMPWTR,832b81fffffffff,0.35
2024_E_IMPWTR,832b88fffffffff,0.19
2024_E_IMPWTR,832b89fffffffff,0.16
2024_E_IMPWTR,832b8afffffffff,0.13
2024_E_IMPWTR,832b8bfffffffff,0.13
2024_E_IMPWTR,832b8cfffffffff,0.27
2024_E_IMPWTR,832b8dfffffffff,0.21
2024_E_IMPWTR,832b8efffffffff,0.15
2024_E_IMPWTR,832b99fffffffff,0.35
2024_E_IMPWTR,832b9bfffffffff,0.46
2024_E_IMPWTR,832ba8fffffffff,0.6
2024_E_IMPWTR,832ba9fffffffff,0.31
2024_E_IMPWTR,832babfffffffff,0.21
2024_E_IMPWTR,832bacfffffffff,0.07
2024_E_IMPWTR,832badfffffffff,0.05
2024_E_IMPWTR,834412fffffffff,0.56
2024_E_IMPWTR,834413fffffffff,0.48
2024_E_IMPWTR,834414fffffffff,0.97
2024_E_IMPWTR,834416fffffffff,1.0
2024_E_IMPWTR,83441afffffffff,0.8
2024_E_IMPWTR,83441bfffffffff,0.83
2024_E_IMPWTR,83441efffffffff,0.79
2024_E_IMPWTR,834440fffffffff,0.25
2024_E_IMPWTR,834441fffffffff,0.29
2024_E_IMPWTR,834442fffffffff,0.09
2024_E_IMPWTR,834443fffffffff,0.21
2024_E_IMPWTR,834444fffffffff,0.43
2024_E_IMPWTR,834445fffffffff,0.37
2024_E_IMPWTR,834446fffffffff,0.28
2024_E_IMPWTR,834448fffffffff,0.12
2024_E_IMPWTR,834449fffffffff,0.11
2024_E_IMPWTR,83444afffffffff,0.12
2024_E_IMPWTR,83444bfffffffff,0.04
2024_E_IMPWTR,83444cfffffffff,0.49
2024_E_IMPWTR,83444dfffffffff,0.25
2024_E_IMPWTR,83444efffffffff,0.28
2024_E_IMPWTR,834450fffffffff,0.17
2024_E_IMPWTR,834451fffffffff,0.04
2024_E_IMPWTR,834452fffffffff,0.23
2024_E_IMPWTR,834453fffffffff,0.05
2024_E_IMPWTR,834455fffffffff,0.14
2024_E_IMPWTR,834456fffffffff,0.62
2024_E_IMPWTR,834458fffffffff,0.07
2024_E_IMPWTR,834459fffffffff,0.05
2024_E_IMPWTR,83445afffffffff,0.08
2024_E_IMPWTR,83445bfffffffff,0.07
2024_E_IMPWTR,83445cfffffffff,0.06
2024_E_IMPWTR,83445dfffffffff,0.09
2024_E_IMPWTR,83445efffffffff,0.05
2024_E_IMPWTR,834463fffffffff,0.28
2024_E_IMPWTR,834468fffffffff,0.18
2024_E_IMPWTR,834469fffffffff,0.09
2024_E_IMPWTR,83446afffffffff,0.33
2024_E_IMPWTR,83446bfffffffff,0.13
2024_E_IMPWTR,83446cfffffffff,0.41
2024_E_IMPWTR,83446dfffffffff,0.11
2024_E_IMPWTR,83446efffffffff,0.28
2024_E_IMPWTR,834471fffffffff,0.48
2024_E_IMPWTR,834473fffffffff,0.35
2024_E_IMPWTR,8344a1fffffffff,0.32
2024_E_IMPWTR,8344a5fffffffff,0.55
2024_E_IMPWTR,8344a8fffffffff,0.58
2024_E_IMPWTR,8344a9fffffffff,0.78
2024_E_IMPWTR,8344abfffffffff,0.99
2024_E_IMPWTR,8344acfffffffff,0.36
2024_E_IMPWTR,8344adfffffffff,0.62
2024_E_IMPWTR,8344aefffffffff,0.23
2024_E_IMPWTR,8344c0fffffffff,0.1
2024_E_IMPWTR,8344c1fffffffff,0.29
2024_E_IMPWTR,8344c2fffffffff,0.42
2024_E_IMPWTR,8344c3fffffffff,0.14
2024_E_IMPWTR,8344c4fffffffff,0.09
2024_E_IMPWTR,8344c5fffffffff,0.12
2024_E_IMPWTR,8344c6fffffffff,0.15
2024_E_IMPWTR,8344c8fffffffff,0.36
2024_E_IMPWTR,8344c9fffffffff,0.14
2024_E_IMPWTR,8344cafffffffff,0.23
2024_E_IMPWTR,8344cbfffffffff,0.2
2024_E_IMPWTR,8344ccfffffffff,0.22
2024_E_IMPWTR,8344cdfffffffff,0.21
2024_E_IMPWTR,8344cefffffffff,0.22
2024_E_IMPWTR,8344d0fffffffff,0.1
2024_E_IMPWTR,8344d1fffffffff,0.09
2024_E_IMPWTR,8344d2fffffffff,0.16
2024_E_IMPWTR,8344d3fffffffff,0.07
2024_E_IMPWTR,8344d5fffffffff,0.28
2024_E_IMPWTR,8344d8fffffffff,0.19
2024_E_IMPWTR,8344d9fffffffff,0.15
2024_E_IMPWTR,8344dafffffffff,0.18
2024_E_IMPWTR,8344dbfffffffff,0.09
2024_E_IMPWTR,8344dcfffffffff,0.1
2024_E_IMPWTR,8344ddfffffffff,0.06
2024_E_IMPWTR,8344defffffffff,0.06
2024_E_IMPWTR,8344e0fffffffff,0.41
2024_E_IMPWTR,8344e1fffffffff,0.15
2024_E_IMPWTR,8344e2fffffffff,0.32
2024_E_IMPWTR,8344e3fffffffff,0.12
2024_E_IMPWTR,8344e4fffffffff,0.73
2024_E_IMPWTR,8344e5fffffffff,0.51
2024_E_IMPWTR,8344e6fffffffff,0.64
2024_E_IMPWTR,8344e8fffffffff,0.13
2024_E_IMPWTR,8344e9fffffffff,0.1
2024_E_IMPWTR,8344eafffffffff,0.19
2024_E_IMPWTR,8344ebfffffffff,0.13
2024_E_IMPWTR,8344ecfffffffff,0.04
2024_E_IMPWTR,8344edfffffffff,0.05
2024_E_IMPWTR,8344eefffffffff,0.08
2024_E_IMPWTR,8344f0fffffffff,0.64
2024_E_IMPWTR,8344f1fffffffff,0.17
2024_E_IMPWTR,8344f3fffffffff,0.14
2024_E_IMPWTR,8344f4fffffffff,0.61
2024_E_IMPWTR,8344f5fffffffff,0.61
2024_E_IMPWTR,8344f6fffffffff,0.72
2024_E_IMPWTR,834859fffffffff,0.22
2024_E_IMPWTR,83485afffffffff,0.0
2024_E_IMPWTR,83485bfffffffff,0.31
2024_E_IMPWTR,834880fffffffff,0.01
2024_E_IMPWTR,834881fffffffff,0.03
2024_E_IMPWTR,834882fffffffff,0.12
2024_E_IMPWTR,834883fffffffff,0.05
2024_E_IMPWTR,834886fffffffff,0.03
2024_E_IMPWTR,834888fffffffff,0.03
2024_E_IMPWTR,834889fffffffff,0.07
2024_E_IMPWTR,83488afffffffff,0.01
2024_E_IMPWTR,83488bfffffffff,0.01
2024_E_IMPWTR,83488cfffffffff,0.02
2024_E_IMPWTR,83488dfffffffff,0.01
2024_E_IMPWTR,83488efffffffff,0.02
2024_E_IMPWTR,834890fffffffff,0.07
2024_E_IMPWTR,834891fffffffff,0.09
2024_E_IMPWTR,834892fffffffff,0.16
2024_E_IMPWTR,834893fffffffff,0.1
2024_E_IMPWTR,834895fffffffff,0.15
2024_E_IMPWTR,834898fffffffff,0.01
2024_E_IMPWTR,834899fffffffff,0.09
2024_E_IMPWTR,83489afffffffff,0.08
2024_E_IMPWTR,83489bfffffffff,0.1
2024_E_IMPWTR,83489cfffffffff,0.1
2024_E_IMPWTR,83489dfffffffff,0.01
2024_E_IMPWTR,83489efffffffff,0.06
2024_E_IMPWTR,8348abfffffffff,0.01
2024_E_IMPWTR,8348b1fffffffff,0.09
2024_E_IMPWTR,8348b2fffffffff,0.08
2024_E_IMPWTR,8348b3fffffffff,0.14
2024_E_IMPWTR,8348c0fffffffff,0.06
2024_E_IMPWTR,8348c1fffffffff,0.08
2024_E_IMPWTR,8348c2fffffffff,0.1
2024_E_IMPWTR,8348c3fffffffff,0.05
2024_E_IMPWTR,8348c4fffffffff,0.01
2024_E_IMPWTR,8348c5fffffffff,0.01
2024_E_IMPWTR,8348c6fffffffff,0.06
2024_E_IMPWTR,8348c8fffffffff,0.0
2024_E_IMPWTR,8348c9fffffffff,0.0
2024_E_IMPWTR,8348cafffffffff,0.0
2024_E_IMPWTR,8348cbfffffffff,0.0
2024_E_IMPWTR,8348ccfffffffff,0.01
2024_E_IMPWTR,8348cdfffffffff,0.03
2024_E_IMPWTR,8348cefffffffff,0.03
2024_E_IMPWTR,8348d0fffffffff,0.09
2024_E_IMPWTR,8348d1fffffffff,0.03
2024_E_IMPWTR,8348d2fffffffff,0.0
2024_E_IMPWTR,8348d3fffffffff,0.1
2024_E_IMPWTR,8348d4fffffffff,0.04
2024_E_IMPWTR,8348d5fffffffff,0.03
2024_E_IMPWTR,8348d6fffffffff,0.0
2024_E_IMPWTR,8348d8fffffffff,0.14
2024_E_IMPWTR,8348d9fffffffff,0.06
2024_E_IMPWTR,8348dafffffffff,0.22
2024_E_IMPWTR,8348dbfffffffff,0.18
2024_E_IMPWTR,8348dcfffffffff,0.11
2024_E_IMPWTR,8348ddfffffffff,0.05
2024_E_IMPWTR,8348defffffffff,0.16
2024_E_IMPWTR,8348e3fffffffff,0.01
2024_E_IMPWTR,8348e8fffffffff,0.01
2024_E_IMPWTR,8348e9fffffffff,0.03
2024_E_IMPWTR,8348eafffffffff,0.01
2024_E_IMPWTR,8348ebfffffffff,0.08
2024_E_IMPWTR,8348ecfffffffff,0.07
2024_E_IMPWTR,8348edfffffffff,0.0
2024_E_IMPWTR,8348eefffffffff,0.03
2024_E_IMPWTR,8348f2fffffffff,0.01
2024_E_IMPWTR,8348f3fffffffff,0.04
2024_E_IMPWTR,8348f6fffffffff,0.02
2024_E_LIMENG,8312c9fffffffff,0.9
2024_E_LIMENG,8312cafffffffff,0.9
2024_E_LIMENG,8312cbfffffffff,0.8
2024_E_LIMENG,8312d8fffffffff,0.6
2024_E_LIMENG,8312d9fffffffff,0.5
2024_E_LIMENG,8312dafffffffff,5.0
2024_E_LIMENG,8312dbfffffffff,0.3
2024_E_LIMENG,8312ddfffffffff,0.4
2024_E_LIMENG,8312defffffffff,1.4
2024_E_LIMENG,832600fffffffff,0.4
2024_E_LIMENG,832601fffffffff,1.3
2024_E_LIMENG,832602fffffffff,1.0
2024_E_LIMENG,832603fffffffff,1.1
2024_E_LIMENG,832604fffffffff,0.8
2024_E_LIMENG,832605fffffffff,1.2
2024_E_LIMENG,832606fffffffff,0.4
2024_E_LIMENG,832608fffffffff,0.5
2024_E_LIMENG,832609fffffffff,0.4
2024_E_LIMENG,83260afffffffff,0.7
2024_E_LIMENG,83260bfffffffff,0.2
2024_E_LIMENG,83260cfffffffff,0.5
2024_E_LIMENG,83260dfffffffff,0.6
2024_E_LIMENG,83260efffffffff,0.8
2024_E_LIMENG,832610fffffffff,0.1
2024_E_LIMENG,832611fffffffff,0.4
2024_E_LIMENG,832612fffffffff,0.4
2024_E_LIMENG,832613fffffffff,0.1
2024_E_LIMENG,832614fffffffff,0.1
2024_E_LIMENG,832615fffffffff,0.7
2024_E_LIMENG,832616fffffffff,0.1
2024_E_LIMENG,832618fffffffff,1.1
2024_E_LIMENG,832619fffffffff,0.3
2024_E_LIMENG,83261afffffffff,0.8
2024_E_LIMENG,83261bfffffffff,0.4
2024_E_LIMENG,83261cfffffffff,0.3
2024_E_LIMENG,83261dfffffffff,0.9
2024_E_LIMENG,83261efffffffff,0.3
2024_E_LIMENG,832620fffffffff,1.0
2024_E_LIMENG,832621fffffffff,0.5
2024_E_LIMENG,832622fffffffff,0.5
2024_E_LIMENG,832623fffffffff,1.2
2024_E_LIMENG,832624fffffffff,0.3
2024_E_LIMENG,832625fffffffff,0.2
2024_E_LIMENG,832626fffffffff,0.3
2024_E_LIMENG,832628fffffffff,0.5
2024_E_LIMENG,832629fffffffff,0.2
2024_E_LIMENG,83262afffffffff,1.1
2024_E_LIMENG,83262bfffffffff,0.7
2024_E_LIMENG,83262cfffffffff,0.8
2024_E_LIMENG,83262dfffffffff,0.6
2024_E_LIMENG,83262efffffffff,0.8
2024_E_LIMENG,832630fffffffff,0.7
2024_E_LIMENG,832631fffffffff,0.5
2024_E_LIMENG,832632fffffffff,0.1
2024_E_LIMENG,832633fffffffff,1.5
2024_E_LIMENG,832634fffffffff,0.5
2024_E_LIMENG,832635fffffffff,0.3
2024_E_LIMENG,832636fffffffff,0.4
2024_E_LIMENG,832640fffffffff,0.3
2024_E_LIMENG,832641fffffffff,0.2
2024_E_LIMENG,832642fffffffff,0.1
2024_E_LIMENG,832643fffffffff,0.1
2024_E_LIMENG,832644fffffffff,0.2
2024_E_LIMENG,832645fffffffff,0.5
2024_E_LIMENG,832646fffffffff,0.2
2024_E_LIMENG,832648fffffffff,0.2
2024_E_LIMENG,832649fffffffff,0.6
2024_E_LIMENG,83264afffffffff,0.6
2024_E_LIMENG,83264bfffffffff,0.5
2024_E_LIMENG,83264cfffffffff,0.5
2024_E_LIMENG,83264dfffffffff,0.9
2024_E_LIMENG,83264efffffffff,0.3
2024_E_LIMENG,832650fffffffff,0.5
2024_E_LIMENG,832651fffffffff,0.3
2024_E_LIMENG,832652fffffffff,0.2
2024_E_LIMENG,832653fffffffff,0.5
2024_E_LIMENG,832654fffffffff,0.2
2024_E_LIMENG,832655fffffffff,0.4
2024_E_LIMENG,832656fffffffff,0.5
2024_E_LIMENG,832658fffffffff,0.2
2024_E_LIMENG,832659fffffffff,0.5
2024_E_LIMENG,83265afffffffff,0.5
2024_E_LIMENG,83265bfffffffff,1.0
2024_E_LIMENG,83265cfffffffff,0.1
2024_E_LIMENG,83265dfffffffff,0.4
2024_E_LIMENG,83265efffffffff,0.2
2024_E_LIMENG,832660fffffffff,0.6
2024_E_LIMENG,832661fffffffff,0.5
2024_E_LIMENG,832662fffffffff,0.1
2024_E_LIMENG,832663fffffffff,0.3
2024_E_LIMENG,832664fffffffff,1.6
2024_E_LIMENG,832665fffffffff,0.6
2024_E_LIMENG,832666fffffffff,0.7
2024_E_LIMENG,832668fffffffff,0.4
2024_E_LIMENG,832669fffffffff,0.3
2024_E_LIMENG,83266afffffffff,0.3
2024_E_LIMENG,83266bfffffffff,0.5
2024_E_LIMENG,83266cfffffffff,0.4
2024_E_LIMENG,83266dfffffffff,0.5
2024_E_LIMENG,83266efffffffff,0.3
2024_E_LIMENG,832670fffffffff,0.8
2024_E_LIMENG,832671fffffffff,0.3
2024_E_LIMENG,832672fffffffff,0.5
2024_E_LIMENG,832673fffffffff,0.2
2024_E_LIMENG,832674fffffffff,0.8
2024_E_LIMENG,832675fffffffff,0.4
2024_E_LIMENG,832676fffffffff,0.5
2024_E_LIMENG,832680fffffffff,0.3
2024_E_LIMENG,832681fffffffff,1.3
2024_E_LIMENG,832682fffffffff,1.0
2024_E_LIMENG,832683fffffffff,2.7
2024_E_LIMENG,832684fffffffff,0.4
2024_E_LIMENG,832685fffffffff,0.1
2024_E_LIMENG,832686fffffffff,0.4
2024_E_LIMENG,832688fffffffff,1.1
2024_E_LIMENG,832689fffffffff,1.3
2024_E_LIMENG,83268afffffffff,1.6
2024_E_LIMENG,83268bfffffffff,1.7
2024_E_LIMENG,83268cfffffffff,0.8
2024_E_LIMENG,83268dfffffffff,1.1
2024_E_LIMENG,83268efffffffff,1.7
2024_E_LIMENG,832690fffffffff,0.6
2024_E_LIMENG,832691fffffffff,1.2
2024_E_LIMENG,832692fffffffff,1.6
2024_E_LIMENG,832693fffffffff,1.2
2024_E_LIMENG,832694fffffffff,1.3
2024_E_LIMENG,832695fffffffff,0.5
2024_E_LIMENG,832696fffffffff,2.1
2024_E_LIMENG,832698fffffffff,2.4
2024_E_LIMENG,832699fffffffff,1.2
2024_E_LIMENG,83269afffffffff,3.9
2024_E_LIMENG,83269bfffffffff,3.6
2024_E_LIMENG,83269cfffffffff,0.8
2024_E_LIMENG,83269dfffffffff,0.8
2024_E_LIMENG,83269efffffffff,0.7
2024_E_LIMENG,8326a0fffffffff,0.1
2024_E_LIMENG,8326a1fffffffff,1.2
2024_E_LIMENG,8326a2fffffffff,0.1
2024_E_LIMENG,8326a3fffffffff,0.4
2024_E_LIMENG,8326a4fffffffff,0.5
2024_E_LIMENG,8326a5fffffffff,0.8
2024_E_LIMENG,8326a6fffffffff,0.1
2024_E_LIMENG,8326a8fffffffff,1.5
2024_E_LIMENG,8326a9fffffffff,3.1
2024_E_LIMENG,8326aafffffffff,3.0
2024_E_LIMENG,8326abfffffffff,2.3
2024_E_LIMENG,8326acfffffffff,0.8
2024_E_LIMENG,8326adfffffffff,0.3
2024_E_LIMENG,8326aefffffffff,0.7
2024_E_LIMENG,8326b0fffffffff,0.2
2024_E_LIMENG,8326b1fffffffff,0.4
2024_E_LIMENG,8326b2fffffffff,0.5
2024_E_LIMENG,8326b3fffffffff,0.7
2024_E_LIMENG,8326b4fffffffff,0.0
2024_E_LIMENG,8326b5fffffffff,0.1
2024_E_LIMENG,8326b6fffffffff,0.5
2024_E_LIMENG,8326c0fffffffff,0.9
2024_E_LIMENG,8326c1fffffffff,0.9
2024_E_LIMENG,8326c2fffffffff,3.0
2024_E_LIMENG,8326c3fffffffff,0.8
2024_E_LIMENG,8326c4fffffffff,0.7
2024_E_LIMENG,8326c5fffffffff,1.1
2024_E_LIMENG,8326c6fffffffff,2.7
2024_E_LIMENG,8326c8fffffffff,2.4
2024_E_LIMENG,8326c9fffffffff,1.7
2024_E_LIMENG,8326cafffffffff,1.5
2024_E_LIMENG,8326cbfffffffff,3.7
2024_E_LIMENG,8326ccfffffffff,0.5
2024_E_LIMENG,8326cdfffffffff,0.9
2024_E_LIMENG,8326cefffffffff,0.4
2024_E_LIMENG,8326d0fffffffff,2.6
2024_E_LIMENG,8326d1fffffffff,1.6
2024_E_LIMENG,8326d2fffffffff,1.3
2024_E_LIMENG,8326d3fffffffff,8.9
2024_E_LIMENG,8326d4fffffffff,2.9
2024_E_LIMENG,8326d5fffffffff,3.8
2024_E_LIMENG,8326d6fffffffff,1.8
2024_E_LIMENG,8326d8fffffffff,2.5
2024_E_LIMENG,8326d9fffffffff,0.9
2024_E_LIMENG,8326dafffffffff,3.8
2024_E_LIMENG,8326dbfffffffff,2.4
2024_E_LIMENG,8326dcfffffffff,2.0
2024_E_LIMENG,8326ddfffffffff,1.1
2024_E_LIMENG,8326defffffffff,3.5
2024_E_LIMENG,8326e0fffffffff,0.4
2024_E_LIMENG,8326e1fffffffff,0.2
2024_E_LIMENG,8326e2fffffffff,0.6
2024_E_LIMENG,8326e3fffffffff,0.5
2024_E_LIMENG,8326e4fffffffff,0.5
2024_E_LIMENG,8326e5fffffffff,0.2
2024_E_LIMENG,8326e6fffffffff,0.1
2024_E_LIMENG,8326e8fffffffff,0.6
2024_E_LIMENG,8326e9fffffffff,1.1
2024_E_LIMENG,8326eafffffffff,0.4
2024_E_LIMENG,8326ebfffffffff,0.4
2024_E_LIMENG,8326ecfffffffff,0.6
2024_E_LIMENG,8326edfffffffff,1.2
2024_E_LIMENG,8326eefffffffff,0.4
2024_E_LIMENG,8326f0fffffffff,2.8
2024_E_LIMENG,8326f1fffffffff,2.1
2024_E_LIMENG,8326f2fffffffff,5.6
2024_E_LIMENG,8326f3fffffffff,4.8
2024_E_LIMENG,8326f4fffffffff,0.5
2024_E_LIMENG,8326f5fffffffff,0.4
2024_E_LIMENG,8326f6fffffffff,1.5
2024_E_LIMENG,832708fffffffff,0.3
2024_E_LIMENG,832709fffffffff,0.2
2024_E_LIMENG,83270afffffffff,0.1
2024_E_LIMENG,83270bfffffffff,0.2
2024_E_LIMENG,83270dfffffffff,0.1
2024_E_LIMENG,83270efffffffff,0.1
2024_E_LIMENG,832718fffffffff,0.5
2024_E_LIMENG,832719fffffffff,0.3
2024_E_LIMENG,83271afffffffff,0.5
2024_E_LIMENG,83271bfffffffff,0.2
2024_E_LIMENG,83271cfffffffff,0.6
2024_E_LIMENG,83271dfffffffff,0.3
2024_E_LIMENG,83271efffffffff,1.1
2024_E_LIMENG,832740fffffffff,0.1
2024_E_LIMENG,832741fffffffff,0.3
2024_E_LIMENG,832742fffffffff,0.2
2024_E_LIMENG,832743fffffffff,1.0
2024_E_LIMENG,832744fffffffff,0.5
2024_E_LIMENG,832745fffffffff,0.3
2024_E_LIMENG,832746fffffffff,0.1
2024_E_LIMENG,832748fffffffff,0.6
2024_E_LIMENG,832749fffffffff,0.5
2024_E_LIMENG,83274bfffffffff,1.1
2024_E_LIMENG,83274cfffffffff,0.4
2024_E_LIMENG,83274dfffffffff,0.4
2024_E_LIMENG,83274efffffffff,0.7
2024_E_LIMENG,832750fffffffff,0.2
2024_E_LIMENG,832751fffffffff,1.1
2024_E_LIMENG,832752fffffffff,0.6
2024_E_LIMENG,832753fffffffff,0.8
2024_E_LIMENG,832754fffffffff,0.2
2024_E_LIMENG,832755fffffffff,0.2
2024_E_LIMENG,832756fffffffff,0.3
2024_E_LIMENG,832758fffffffff,0.8
2024_E_LIMENG,832759fffffffff,2.0
2024_E_LIMENG,83275afffffffff,0.7
2024_E_LIMENG,83275bfffffffff,0.4
2024_E_LIMENG,83275cfffffffff,0.6
2024_E_LIMENG,83275dfffffffff,0.5
2024_E_LIMENG,83275efffffffff,0.9
2024_E_LIMENG,832763fffffffff,0.4
2024_E_LIMENG,832768fffffffff,0.1
2024_E_LIMENG,83276afffffffff,0.2
2024_E_LIMENG,83276bfffffffff,0.3
2024_E_LIMENG,83276efffffffff,0.3
2024_E_LIMENG,832770fffffffff,0.0
2024_E_LIMENG,832771fffffffff,0.5
2024_E_LIMENG,832772fffffffff,1.0
2024_E_LIMENG,832773fffffffff,0.1
2024_E_LIMENG,832780fffffffff,0.1
2024_E_LIMENG,832781fffffffff,0.3
2024_E_LIMENG,832782fffffffff,0.0
2024_E_LIMENG,832783fffffffff,0.0
2024_E_LIMENG,832784fffffffff,0.0
2024_E_LIMENG,832785fffffffff,0.1
2024_E_LIMENG,832786fffffffff,0.0
2024_E_LIMENG,832788fffffffff,0.0
2024_E_LIMENG,832789fffffffff,0.0
2024_E_LIMENG,83278afffffffff,0.2
2024_E_LIMENG,83278bfffffffff,0.7
2024_E_LIMENG,83278cfffffffff,0.2
2024_E_LIMENG,83278dfffffffff,0.1
2024_E_LIMENG,83278efffffffff,0.1
2024_E_LIMENG,832790fffffffff,0.0
2024_E_LIMENG,832791fffffffff,0.1
2024_E_LIMENG,832792fffffffff,0.1
2024_E_LIMENG,832793fffffffff,0.1
2024_E_LIMENG,832794fffffffff,0.1
2024_E_LIMENG,832795fffffffff,0.2
2024_E_LIMENG,832796fffffffff,0.5
2024_E_LIMENG,832798fffffffff,0.1
2024_E_LIMENG,832799fffffffff,0.2
2024_E_LIMENG,83279afffffffff,0.4
2024_E_LIMENG,83279bfffffffff,1.2
2024_E_LIMENG,83279cfffffffff,0.1
2024_E_LIMENG,83279dfffffffff,1.4
2024_E_LIMENG,83279efffffffff,0.1
2024_E_LIMENG,8327a3fffffffff,0.0
2024_E_LIMENG,8327a8fffffffff,0.9
2024_E_LIMENG,8327a9fffffffff,0.3
2024_E_LIMENG,8327aafffffffff,0.6
2024_E_LIMENG,8327abfffffffff,1.8
2024_E_LIMENG,8327acfffffffff,0.4
2024_E_LIMENG,8327adfffffffff,0.1
2024_E_LIMENG,8327aefffffffff,0.2
2024_E_LIMENG,8327b3fffffffff,0.4
2024_E_LIMENG,832800fffffffff,0.5
2024_E_LIMENG,832802fffffffff,1.9
2024_E_LIMENG,832806fffffffff,4.0
2024_E_LIMENG,832810fffffffff,1.5
2024_E_LIMENG,832811fffffffff,1.2
2024_E_LIMENG,832812fffffffff,0.9
2024_E_LIMENG,832813fffffffff,3.0
2024_E_LIMENG,832814fffffffff,1.2
2024_E_LIMENG,832815fffffffff,1.3
2024_E_LIMENG,832816fffffffff,1.0
2024_E_LIMENG,832818fffffffff,0.4
2024_E_LIMENG,83281afffffffff,0.3
2024_E_LIMENG,83281bfffffffff,0.4
2024_E_LIMENG,83281cfffffffff,0.5
2024_E_LIMENG,83281efffffffff,0.7
2024_E_LIMENG,832830fffffffff,4.1
2024_E_LIMENG,832831fffffffff,4.4
2024_E_LIMENG,832832fffffffff,1.9
2024_E_LIMENG,832833fffffffff,6.6
2024_E_LIMENG,832834fffffffff,5.9
2024_E_LIMENG,832835fffffffff,0.0
2024_E_LIMENG,832836fffffffff,8.7
2024_E_LIMENG,832880fffffffff,0.5
2024_E_LIMENG,832881fffffffff,0.5
2024_E_LIMENG,832882fffffffff,0.5
2024_E_LIMENG,832883fffffffff,0.8
2024_E_LIMENG,832884fffffffff,2.8
2024_E_LIMENG,832885fffffffff,3.4
2024_E_LIMENG,832886fffffffff,1.6
2024_E_LIMENG,832888fffffffff,7.8
2024_E_LIMENG,832889fffffffff,8.6
2024_E_LIMENG,83288afffffffff,0.4
2024_E_LIMENG,83288bfffffffff,2.0
2024_E_LIMENG,83288cfffffffff,0.9
2024_E_LIMENG,83288dfffffffff,6.2
2024_E_LIMENG,83288efffffffff,0.6
2024_E_LIMENG,832890fffffffff,1.4
2024_E_LIMENG,832891fffffffff,0.1
2024_E_LIMENG,832892fffffffff,0.3
2024_E_LIMENG,832893fffffffff,0.1
2024_E_LIMENG,832894fffffffff,7.2
2024_E_LIMENG,832895fffffffff,2.4
2024_E_LIMENG,832896fffffffff,0.5
2024_E_LIMENG,832898fffffffff,0.5
2024_E_LIMENG,832899fffffffff,0.2
2024_E_LIMENG,83289afffffffff,0.1
2024_E_LIMENG,83289bfffffffff,0.5
2024_E_LIMENG,83289cfffffffff,1.2
2024_E_LIMENG,83289dfffffffff,1.0
2024_E_LIMENG,83289efffffffff,0.0
2024_E_LIMENG,8328a0fffffffff,1.8
2024_E_LIMENG,8328a1fffffffff,1.8
2024_E_LIMENG,8328a2fffffffff,4.0
2024_E_LIMENG,8328a3fffffffff,3.6
2024_E_LIMENG,8328a4fffffffff,2.9
2024_E_LIMENG,8328a5fffffffff,1.3
2024_E_LIMENG,8328a6fffffffff,1.9
2024_E_LIMENG,8328a8fffffffff,0.3
2024_E_LIMENG,8328a9fffffffff,0.7
2024_E_LIMENG,8328aafffffffff,1.4
2024_E_LIMENG,8328abfffffffff,0.8
2024_E_LIMENG,8328acfffffffff,0.7
2024_E_LIMENG,8328adfffffffff,0.0
2024_E_LIMENG,8328aefffffffff,2.1
2024_E_LIMENG,8328b0fffffffff,4.8
2024_E_LIMENG,8328b1fffffffff,4.7
2024_E_LIMENG,8328b2fffffffff,1.1
2024_E_LIMENG,8328b3fffffffff,7.2
2024_E_LIMENG,8328b4fffffffff,2.6
2024_E_LIMENG,8328b5fffffffff,3.1
2024_E_LIMENG,8328b6fffffffff,0.4
2024_E_LIMENG,8328c2fffffffff,0.7
2024_E_LIMENG,8328c6fffffffff,1.0
2024_E_LIMENG,8328d0fffffffff,0.8
2024_E_LIMENG,8328d1fffffffff,1.1
2024_E_LIMENG,8328d2fffffffff,2.9
2024_E_LIMENG,8328d3fffffffff,1.5
2024_E_LIMENG,8328d4fffffffff,0.8
2024_E_LIMENG,8328d5fffffffff,1.4
2024_E_LIMENG,8328d6fffffffff,8.1
2024_E_LIMENG,8328defffffffff,0.6
2024_E_LIMENG,8328f0fffffffff,1.7
2024_E_LIMENG,8328f1fffffffff,0.6
2024_E_LIMENG,8328f2fffffffff,2.9
2024_E_LIMENG,8328f3fffffffff,0.7
2024_E_LIMENG,8328f4fffffffff,0.6
2024_E_LIMENG,8328f5fffffffff,1.1
2024_E_LIMENG,8328f6fffffffff,1.9
2024_E_LIMENG,832912fffffffff,4.5
2024_E_LIMENG,832913fffffffff,7.7
2024_E_LIMENG,832916fffffffff,0.0
2024_E_LIMENG,83291afffffffff,7.7
2024_E_LIMENG,832980fffffffff,2.3
2024_E_LIMENG,832981fffffffff,2.8
2024_E_LIMENG,832982fffffffff,0.0
2024_E_LIMENG,832983fffffffff,0.4
2024_E_LIMENG,832984fffffffff,4.9
2024_E_LIMENG,832985fffffffff,2.1
2024_E_LIMENG,832986fffffffff,2.8
2024_E_LIMENG,832988fffffffff,1.2
2024_E_LIMENG,832989fffffffff,0.7
2024_E_LIMENG,83298afffffffff,3.9
2024_E_LIMENG,83298bfffffffff,2.1
2024_E_LIMENG,83298cfffffffff,1.8
2024_E_LIMENG,83298dfffffffff,1.3
2024_E_LIMENG,83298efffffffff,1.9
2024_E_LIMENG,832990fffffffff,0.3
2024_E_LIMENG,832991fffffffff,1.2
2024_E_LIMENG,832992fffffffff,0.5
2024_E_LIMENG,832993fffffffff,1.7
2024_E_LIMENG,832994fffffffff,4.9
2024_E_LIMENG,832995fffffffff,4.2
2024_E_LIMENG,832996fffffffff,5.4
2024_E_LIMENG,832998fffffffff,0.1
2024_E_LIMENG,832999fffffffff,0.7
2024_E_LIMENG,83299afffffffff,7.1
2024_E_LIMENG,83299bfffffffff,2.1
2024_E_LIMENG,83299cfffffffff,0.5
2024_E_LIMENG,83299dfffffffff,1.0
2024_E_LIMENG,83299efffffffff,0.6
2024_E_LIMENG,8329a0fffffffff,4.5
2024_E_LIMENG,8329a1fffffffff,6.6
2024_E_LIMENG,8329a2fffffffff,5.4
2024_E_LIMENG,8329a3fffffffff,2.7
2024_E_LIMENG,8329a4fffffffff,3.2
2024_E_LIMENG,8329a5fffffffff,5.7
2024_E_LIMENG,8329a6fffffffff,8.1
2024_E_LIMENG,8329a8fffffffff,21.8
2024_E_LIMENG,8329a9fffffffff,15.8
2024_E_LIMENG,8329aafffffffff,1.8
2024_E_LIMENG,8329abfffffffff,4.6
2024_E_LIMENG,8329acfffffffff,8.3
2024_E_LIMENG,8329adfffffffff,3.9
2024_E_LIMENG,8329aefffffffff,3.6
2024_E_LIMENG,8329b0fffffffff,2.0
2024_E_LIMENG,8329b1fffffffff,3.3
2024_E_LIMENG,8329b2fffffffff,1.3
2024_E_LIMENG,8329b3fffffffff,2.4
2024_E_LIMENG,8329b4fffffffff,8.3
2024_E_LIMENG,8329b5fffffffff,4.5
2024_E_LIMENG,8329b6fffffffff,1.6
2024_E_LIMENG,832a06fffffffff,2.7
2024_E_LIMENG,832a10fffffffff,3.6
2024_E_LIMENG,832a12fffffffff,1.0
2024_E_LIMENG,832a13fffffffff,2.0
2024_E_LIMENG,832a14fffffffff,1.4
2024_E_LIMENG,832a15fffffffff,2.4
2024_E_LIMENG,832a16fffffffff,1.2
2024_E_LIMENG,832a30fffffffff,1.3
2024_E_LIMENG,832a31fffffffff,1.0
2024_E_LIMENG,832a32fffffffff,0.4
2024_E_LIMENG,832a33fffffffff,1.3
2024_E_LIMENG,832a34fffffffff,0.3
2024_E_LIMENG,832a36fffffffff,0.2
2024_E_LIMENG,832a80fffffffff,0.1
2024_E_LIMENG,832a81fffffffff,0.6
2024_E_LIMENG,832a82fffffffff,0.1
2024_E_LIMENG,832a83fffffffff,0.1
2024_E_LIMENG,832a84fffffffff,0.4
2024_E_LIMENG,832a85fffffffff,0.2
2024_E_LIMENG,832a86fffffffff,0.3
2024_E_LIMENG,832a88fffffffff,0.3
2024_E_LIMENG,832a89fffffffff,1.3
2024_E_LIMENG,832a8afffffffff,0.5
2024_E_LIMENG,832a8bfffffffff,1.6
2024_E_LIMENG,832a8cfffffffff,0.5
2024_E_LIMENG,832a8dfffffffff,0.7
2024_E_LIMENG,832a8efffffffff,0.3
2024_E_LIMENG,832a90fffffffff,0.3
2024_E_LIMENG,832a91fffffffff,0.3
2024_E_LIMENG,832a92fffffffff,0.3
2024_E_LIMENG,832a93fffffffff,0.4
2024_E_LIMENG,832a94fffffffff,0.4
2024_E_LIMENG,832a95fffffffff,0.5
2024_E_LIMENG,832a96fffffffff,0.4
2024_E_LIMENG,832a98fffffffff,0.1
2024_E_LIMENG,832a99fffffffff,0.4
2024_E_LIMENG,832a9afffffffff,0.2
2024_E_LIMENG,832a9bfffffffff,0.2
2024_E_LIMENG,832a9cfffffffff,0.2
2024_E_LIMENG,832a9dfffffffff,0.1
2024_E_LIMENG,832a9efffffffff,0.2
2024_E_LIMENG,832aa0fffffffff,0.3
2024_E_LIMENG,832aa1fffffffff,0.7
2024_E_LIMENG,832aa2fffffffff,0.4
2024_E_LIMENG,832aa3fffffffff,0.4
2024_E_LIMENG,832aa4fffffffff,0.6
2024_E_LIMENG,832aa5fffffffff,0.5
2024_E_LIMENG,832aa6fffffffff,0.7
2024_E_LIMENG,832aa8fffffffff,1.8
2024_E_LIMENG,832aa9fffffffff,1.4
2024_E_LIMENG,832aaafffffffff,1.4
2024_E_LIMENG,832aabfffffffff,0.7
2024_E_LIMENG,832aacfffffffff,1.1
2024_E_LIMENG,832aadfffffffff,1.8
2024_E_LIMENG,832aaefffffffff,0.7
2024_E_LIMENG,832ab1fffffffff,0.4
2024_E_LIMENG,832ab2fffffffff,1.3
2024_E_LIMENG,832ab3fffffffff,0.7
2024_E_LIMENG,832ab5fffffffff,0.9
2024_E_LIMENG,832ab6fffffffff,0.6
2024_E_LIMENG,832ad0fffffffff,2.1
2024_E_LIMENG,832ad2fffffffff,0.8
2024_E_LIMENG,832ad3fffffffff,0.9
2024_E_LIMENG,832ad4fffffffff,2.3
2024_E_LIMENG,832ad5fffffffff,0.5
2024_E_LIMENG,832ad6fffffffff,2.2
2024_E_LIMENG,832af0fffffffff,0.8
2024_E_LIMENG,832af2fffffffff,0.3
2024_E_LIMENG,832af3fffffffff,1.8
2024_E_LIMENG,832af6fffffffff,0.7
2024_E_LIMENG,832b10fffffffff,0.7
2024_E_LIMENG,832b11fffffffff,0.1
2024_E_LIMENG,832b12fffffffff,1.0
2024_E_LIMENG,832b13fffffffff,0.4
2024_E_LIMENG,832b18fffffffff,0.3
2024_E_LIMENG,832b1afffffffff,0.2
2024_E_LIMENG,832b1bfffffffff,0.2
2024_E_LIMENG,832b1efffffffff,0.1
2024_E_LIMENG,832b81fffffffff,0.2
2024_E_LIMENG,832b88fffffffff,0.2
2024_E_LIMENG,832b89fffffffff,0.6
2024_E_LIMENG,832b8afffffffff,0.4
2024_E_LIMENG,832b8bfffffffff,0.3
2024_E_LIMENG,832b8cfffffffff,0.3
2024_E_LIMENG,832b8dfffffffff,0.3
2024_E_LIMENG,832b8efffffffff,0.9
2024_E_LIMENG,832b99fffffffff,0.9
2024_E_LIMENG,832b9bfffffffff,0.6
2024_E_LIMENG,832ba8fffffffff,0.2
2024_E_LIMENG,832ba9fffffffff,0.2
2024_E_LIMENG,832babfffffffff,0.3
2024_E_LIMENG,832bacfffffffff,0.2
2024_E_LIMENG,832badfffffffff,0.0
2024_E_LIMENG,834412fffffffff,24.8
2024_E_LIMENG,834413fffffffff,5.9
2024_E_LIMENG,834414fffffffff,2.1
2024_E_LIMENG,834416fffffffff,2.6
2024_E_LIMENG,83441afffffffff,2.6
2024_E_LIMENG,83441bfffffffff,0.8
2024_E_LIMENG,83441efffffffff,1.5
2024_E_LIMENG,834440fffffffff,0.9
2024_E_LIMENG,834441fffffffff,0.8
2024_E_LIMENG,834442fffffffff,0.4
2024_E_LIMENG,834443fffffffff,1.1
2024_E_LIMENG,834444fffffffff,1.2
2024_E_LIMENG,834445fffffffff,0.9
2024_E_LIMENG,834446fffffffff,1.1
2024_E_LIMENG,834448fffffffff,0.9
2024_E_LIMENG,834449fffffffff,1.1
2024_E_LIMENG,83444afffffffff,0.9
2024_E_LIMENG,83444bfffffffff,0.6
2024_E_LIMENG,83444cfffffffff,0.6
2024_E_LIMENG,83444dfffffffff,1.4
2024_E_LIMENG,83444efffffffff,0.6
2024_E_LIMENG,834450fffffffff,0.4
2024_E_LIMENG,834451fffffffff,0.2
2024_E_LIMENG,834452fffffffff,0.2
2024_E_LIMENG,834453fffffffff,0.1
2024_E_LIMENG,834455fffffffff,0.6
2024_E_LIMENG,834456fffffffff,0.6
2024_E_LIMENG,834458fffffffff,0.3
2024_E_LIMENG,834459fffffffff,0.7
2024_E_LIMENG,83445afffffffff,0.6
2024_E_LIMENG,83445bfffffffff,0.7
2024_E_LIMENG,83445cfffffffff,0.3
2024_E_LIMENG,83445dfffffffff,0.7
2024_E_LIMENG,83445efffffffff,0.2
2024_E_LIMENG,834463fffffffff,0.0
2024_E_LIMENG,834468fffffffff,2.0
2024_E_LIMENG,834469fffffffff,1.3
2024_E_LIMENG,83446afffffffff,0.5
2024_E_LIMENG,83446bfffffffff,2.4
2024_E_LIMENG,83446cfffffffff,6.4
2024_E_LIMENG,83446dfffffffff,2.7
2024_E_LIMENG,83446efffffffff,1.5
2024_E_LIMENG,834471fffffffff,1.2
2024_E_LIMENG,834473fffffffff,1.2
2024_E_LIMENG,8344a1fffffffff,30.0
2024_E_LIMENG,8344a5fffffffff,17.2
2024_E_LIMENG,8344a8fffffffff,3.2
2024_E_LIMENG,8344a9fffffffff,4.0
2024_E_LIMENG,8344abfffffffff,0.2
2024_E_LIMENG,8344acfffffffff,12.9
2024_E_LIMENG,8344adfffffffff,4.4
2024_E_LIMENG,8344aefffffffff,2.9
2024_E_LIMENG,8344c0fffffffff,0.5
2024_E_LIMENG,8344c1fffffffff,2.0
2024_E_LIMENG,8344c2fffffffff,0.8
2024_E_LIMENG,8344c3fffffffff,0.8
2024_E_LIMENG,8344c4fffffffff,1.1
2024_E_LIMENG,8344c5fffffffff,0.5
2024_E_LIMENG,8344c6fffffffff,1.7
2024_E_LIMENG,8344c8fffffffff,0.4
2024_E_LIMENG,8344c9fffffffff,0.6
2024_E_LIMENG,8344cafffffffff,0.8
2024_E_LIMENG,8344cbfffffffff,0.2
2024_E_LIMENG,8344ccfffffffff,1.5
2024_E_LIMENG,8344cdfffffffff,0.5
2024_E_LIMENG,8344cefffffffff,1.2
2024_E_LIMENG,8344d0fffffffff,1.1
2024_E_LIMENG,8344d1fffffffff,0.6
2024_E_LIMENG,8344d2fffffffff,0.7
2024_E_LIMENG,8344d3fffffffff,0.6
2024_E_LIMENG,8344d5fffffffff,1.4
2024_E_LIMENG,8344d8fffffffff,0.9
2024_E_LIMENG,8344d9fffffffff,0.7
2024_E_LIMENG,8344dafffffffff,1.9
2024_E_LIMENG,8344dbfffffffff,1.3
2024_E_LIMENG,8344dcfffffffff,1.3
2024_E_LIMENG,8344ddfffffffff,1.2
2024_E_LIMENG,8344defffffffff,0.7
2024_E_LIMENG,8344e0fffffffff,1.1
2024_E_LIMENG,8344e1fffffffff,0.6
2024_E_LIMENG,8344e2fffffffff,1.6
2024_E_LIMENG,8344e3fffffffff,1.5
2024_E_LIMENG,8344e4fffffffff,0.4
2024_E_LIMENG,8344e5fffffffff,0.8
2024_E_LIMENG,8344e6fffffffff,1.3
2024_E_LIMENG,8344e8fffffffff,0.7
2024_E_LIMENG,8344e9fffffffff,0.4
2024_E_LIMENG,8344eafffffffff,0.8
2024_E_LIMENG,8344ebfffffffff,1.6
2024_E_LIMENG,8344ecfffffffff,0.2
2024_E_LIMENG,8344edfffffffff,0.2
2024_E_LIMENG,8344eefffffffff,1.1
2024_E_LIMENG,8344f0fffffffff,0.7
2024_E_LIMENG,8344f1fffffffff,3.0
2024_E_LIMENG,8344f3fffffffff,0.5
2024_E_LIMENG,8344f4fffffffff,1.3
2024_E_LIMENG,8344f5fffffffff,1.0
2024_E_LIMENG,8344f6fffffffff,1.8
2024_E_LIMENG,834859fffffffff,5.7
2024_E_LIMENG,83485afffffffff,2.4
2024_E_LIMENG,83485bfffffffff,6.0
2024_E_LIMENG,834880fffffffff,13.6
2024_E_LIMENG,834881fffffffff,19.4
2024_E_LIMENG,834882fffffffff,6.2
2024_E_LIMENG,834883fffffffff,7.0
2024_E_LIMENG,834886fffffffff,12.1
2024_E_LIMENG,834888fffffffff,3.9
2024_E_LIMENG,834889fffffffff,8.6
2024_E_LIMENG,83488afffffffff,3.5
2024_E_LIMENG,83488bfffffffff,4.2
2024_E_LIMENG,83488cfffffffff,2.0
2024_E_LIMENG,83488dfffffffff,4.6
2024_E_LIMENG,83488efffffffff,3.8
2024_E_LIMENG,834890fffffffff,2.1
2024_E_LIMENG,834891fffffffff,2.9
2024_E_LIMENG,834892fffffffff,1.6
2024_E_LIMENG,834893fffffffff,3.6
2024_E_LIMENG,834895fffffffff,5.9
2024_E_LIMENG,834898fffffffff,1.7
2024_E_LIMENG,834899fffffffff,3.7
2024_E_LIMENG,83489afffffffff,2.2
2024_E_LIMENG,83489bfffffffff,2.6
2024_E_LIMENG,83489cfffffffff,3.2
2024_E_LIMENG,83489dfffffffff,1.6
2024_E_LIMENG,83489efffffffff,3.7
2024_E_LIMENG,8348abfffffffff,4.2
2024_E_LIMENG,8348b1fffffffff,21.0
2024_E_LIMENG,8348b2fffffffff,15.8
2024_E_LIMENG,8348b3fffffffff,19.5
2024_E_LIMENG,8348c0fffffffff,4.5
2024_E_LIMENG,8348c1fffffffff,0.6
2024_E_LIMENG,8348c2fffffffff,0.9
2024_E_LIMENG,8348c3fffffffff,1.3
2024_E_LIMENG,8348c4fffffffff,10.1
2024_E_LIMENG,8348c5fffffffff,4.5
2024_E_LIMENG,8348c6fffffffff,9.8
2024_E_LIMENG,8348c8fffffffff,3.5
2024_E_LIMENG,8348c9fffffffff,4.4
2024_E_LIMENG,8348cafffffffff,2.8
2024_E_LIMENG,8348cbfffffffff,8.4
2024_E_LIMENG,8348ccfffffffff,0.8
2024_E_LIMENG,8348cdfffffffff,0.6
2024_E_LIMENG,8348cefffffffff,0.9
2024_E_LIMENG,8348d0fffffffff,7.3
2024_E_LIMENG,8348d1fffffffff,1.1
2024_E_LIMENG,8348d2fffffffff,9.3
2024_E_LIMENG,8348d3fffffffff,3.6
2024_E_LIMENG,8348d4fffffffff,7.2
2024_E_LIMENG,8348d5fffffffff,7.9
2024_E_LIMENG,8348d6fffffffff,9.5
2024_E_LIMENG,8348d8fffffffff,1.7
2024_E_LIMENG,8348d9fffffffff,4.1
2024_E_LIMENG,8348dafffffffff,1.8
2024_E_LIMENG,8348dbfffffffff,0.8
2024_E_LIMENG,8348dcfffffffff,1.8
2024_E_LIMENG,8348ddfffffffff,2.0
2024_E_LIMENG,8348defffffffff,3.5
2024_E_LIMENG,8348e3fffffffff,5.4
2024_E_LIMENG,8348e8fffffffff,3.3
2024_E_LIMENG,8348e9fffffffff,4.9
2024_E_LIMENG,8348eafffffffff,2.3
2024_E_LIMENG,8348ebfffffffff,1.2
2024_E_LIMENG,8348ecfffffffff,12.1
2024_E_LIMENG,8348edfffffffff,0.7
2024_E_LIMENG,8348eefffffffff,2.3
2024_E_LIMENG,8348f2fffffffff,9.6
2024_E_LIMENG,8348f3fffffffff,28.5
2024_E_LIMENG,8348f6fffffffff,16.9
2024_E_MINRTY,8312c9fffffffff,27.2
2024_E_MINRTY,8312cafffffffff,13.0
2024_E_MINRTY,8312cbfffffffff,43.2
2024_E_MINRTY,8312d8fffffffff,14.7
2024_E_MINRTY,8312d9fffffffff,9.5
2024_E_MINRTY,8312dafffffffff,46.6
2024_E_MINRTY,8312dbfffffffff,15.2
2024_E_MINRTY,8312ddfffffffff,8.5
2024_E_MINRTY,8312defffffffff,15.9
2024_E_MINRTY,832600fffffffff,7.0
2024_E_MINRTY,832601fffffffff,11.0
2024_E_MINRTY,832602fffffffff,14.3
2024_E_MINRTY,832603fffffffff,9.7
2024_E_MINRTY,832604fffffffff,7.0
2024_E_MINRTY,832605fffffffff,10.6
2024_E_MINRTY,832606fffffffff,15.8
2024_E_MINRTY,832608fffffffff,6.9
2024_E_MINRTY,832609fffffffff,5.8
2024_E_MINRTY,83260afffffffff,7.6
2024_E_MINRTY,83260bfffffffff,10.1
2024_E_MINRTY,83260cfffffffff,7.5
2024_E_MINRTY,83260dfffffffff,7.5
2024_E_MINRTY,83260efffffffff,13.1
2024_E_MINRTY,832610fffffffff,67.6
2024_E_MINRTY,832611fffffffff,16.4
2024_E_MINRTY,832612fffffffff,38.6
2024_E_MINRTY,832613fffffffff,9.8
2024_E_MINRTY,832614fffffffff,24.9
2024_E_MINRTY,832615fffffffff,28.3
2024_E_MINRTY,832616fffffffff,27.3
2024_E_MINRTY,832618fffffffff,8.6
2024_E_MINRTY,832619fffffffff,6.8
2024_E_MINRTY,83261afffffffff,8.8
2024_E_MINRTY,83261bfffffffff,7.8
2024_E_MINRTY,83261cfffffffff,5.5
2024_E_MINRTY,83261dfffffffff,8.0
2024_E_MINRTY,83261efffffffff,6.6
2024_E_MINRTY,832620fffffffff,6.8
2024_E_MINRTY,832621fffffffff,8.2
2024_E_MINRTY,832622fffffffff,18.6
2024_E_MINRTY,832623fffffffff,9.9
2024_E_MINRTY,832624fffffffff,17.6
2024_E_MINRTY,832625fffffffff,7.1
2024_E_MINRTY,832626fffffffff,8.5
2024_E_MINRTY,832628fffffffff,7.0
2024_E_MINRTY,832629fffffffff,5.8
2024_E_MINRTY,83262afffffffff,9.1
2024_E_MINRTY,83262bfffffffff,8.1
2024_E_MINRTY,83262cfffffffff,10.0
2024_E_MINRTY,83262dfffffffff,5.9
2024_E_MINRTY,83262efffffffff,10.2
2024_E_MINRTY,832630fffffffff,8.4
2024_E_MINRTY,832631fffffffff,5.3
2024_E_MINRTY,832632fffffffff,65.9
2024_E_MINRTY,832633fffffffff,14.8
2024_E_MINRTY,832634fffffffff,6.3
2024_E_MINRTY,832635fffffffff,7.9
2024_E_MINRTY,832636fffffffff,21.6
2024_E_MINRTY,832640fffffffff,9.4
2024_E_MINRTY,832641fffffffff,9.6
2024_E_MINRTY,832642fffffffff,7.5
2024_E_MINRTY,832643fffffffff,6.9
2024_E_MINRTY,832644fffffffff,6.2
2024_E_MINRTY,832645fffffffff,5.0
2024_E_MINRTY,832646fffffffff,9.1
2024_E_MINRTY,832648fffffffff,10.7
2024_E_MINRTY,832649fffffffff,17.2
2024_E_MINRTY,83264afffffffff,32.5
2024_E_MINRTY,83264bfffffffff,10.8
2024_E_MINRTY,83264cfffffffff,10.7
2024_E_MINRTY,83264dfffffffff,15.9
2024_E_MINRTY,83264efffffffff,14.9
2024_E_MINRTY,832650fffffffff,7.0
2024_E_MINRTY,832651fffffffff,8.9
2024_E_MINRTY,832652fffffffff,7.5
2024_E_MINRTY,832653fffffffff,7.8
2024_E_MINRTY,832654fffffffff,6.3
2024_E_MINRTY,832655fffffffff,7.8
2024_E_MINRTY,832656fffffffff,13.2
2024_E_MINRTY,832658fffffffff,9.7
2024_E_MINRTY,832659fffffffff,41.4
2024_E_MINRTY,83265afffffffff,10.0
2024_E_MINRTY,83265bfffffffff,27.7
2024_E_MINRTY,83265cfffffffff,6.9
2024_E_MINRTY,83265dfffffffff,13.1
2024_E_MINRTY,83265efffffffff,6.7
2024_E_MINRTY,832660fffffffff,10.2
2024_E_MINRTY,832661fffffffff,9.1
2024_E_MINRTY,832662fffffffff,8.2
2024_E_MINRTY,832663fffffffff,5.4
2024_E_MINRTY,832664fffffffff,26.1
2024_E_MINRTY,832665fffffffff,8.3
2024_E_MINRTY,832666fffffffff,14.0
2024_E_MINRTY,832668fffffffff,8.6
2024_E_MINRTY,832669fffffffff,7.0
2024_E_MINRTY,83266afffffffff,6.8
2024_E_MINRTY,83266bfffffffff,8.3
2024_E_MINRTY,83266cfffffffff,6.2
2024_E_MINRTY,83266dfffffffff,9.4
2024_E_MINRTY,83266efffffffff,6.1
2024_E_MINRTY,832670fffffffff,7.0
2024_E_MINRTY,832671fffffffff,5.3
2024_E_MINRTY,832672fffffffff,5.6
2024_E_MINRTY,832673fffffffff,5.6
2024_E_MINRTY,832674fffffffff,7.7
2024_E_MINRTY,832675fffffffff,7.5
2024_E_MINRTY,832676fffffffff,6.3
2024_E_MINRTY,832680fffffffff,16.6
2024_E_MINRTY,832681fffffffff,19.4
2024_E_MINRTY,832682fffffffff,24.1
2024_E_MINRTY,832683fffffffff,29.0
2024_E_MINRTY,832684fffffffff,16.3
2024_E_MINRTY,832685fffffffff,12.8
2024_E_MINRTY,832686fffffffff,19.9
2024_E_MINRTY,832688fffffffff,29.5
2024_E_MINRTY,832689fffffffff,41.5
2024_E_MINRTY,83268afffffffff,31.8
2024_E_MINRTY,83268bfffffffff,50.1
2024_E_MINRTY,83268cfffffffff,19.3
2024_E_MINRTY,83268dfffffffff,17.4
2024_E_MINRTY,83268efffffffff,16.2
2024_E_MINRTY,832690fffffffff,13.4
2024_E_MINRTY,832691fffffffff,24.4
2024_E_MINRTY,832692fffffffff,16.2
2024_E_MINRTY,832693fffffffff,12.2
2024_E_MINRTY,832694fffffffff,16.3
2024_E_MINRTY,832695fffffffff,16.6
2024_E_MINRTY,832696fffffffff,19.6
2024_E_MINRTY,832698fffffffff,14.6
2024_E_MINRTY,832699fffffffff,36.4
2024_E_MINRTY,83269afffffffff,60.8
2024_E_MINRTY,83269bfffffffff,80.7
2024_E_MINRTY,83269cfffffffff,13.8
2024_E_MINRTY,83269dfffffffff,14.1
2024_E_MINRTY,83269efffffffff,15.5
2024_E_MINRTY,8326a0fffffffff,9.8
2024_E_MINRTY,8326a1fffffffff,11.0
2024_E_MINRTY,8326a2fffffffff,13.1
2024_E_MINRTY,8326a3fffffffff,13.6
2024_E_MINRTY,8326a4fffffffff,10.7
2024_E_MINRTY,8326a5fffffffff,14.5
2024_E_MINRTY,8326a6fffffffff,9.6
2024_E_MINRTY,8326a8fffffffff,18.1
2024_E_MINRTY,8326a9fffffffff,16.6
2024_E_MINRTY,8326aafffffffff,25.5
2024_E_MINRTY,8326abfffffffff,18.9
2024_E_MINRTY,8326acfffffffff,13.7
2024_E_MINRTY,8326adfffffffff,8.0
2024_E_MINRTY,8326aefffffffff,13.5
2024_E_MINRTY,8326b0fffffffff,25.3
2024_E_MINRTY,8326b1fffffffff,10.8
2024_E_MINRTY,8326b2fffffffff,8.3
2024_E_MINRTY,8326b3fffffffff,13.4
2024_E_MINRTY,8326b4fffffffff,19.4
2024_E_MINRTY,8326b5fffffffff,20.8
2024_E_MINRTY,8326b6fffffffff,12.6
2024_E_MINRTY,8326c0fffffffff,19.5
2024_E_MINRTY,8326c1fffffffff,24.5
2024_E_MINRTY,8326c2fffffffff,28.0
2024_E_MINRTY,8326c3fffffffff,28.7
2024_E_MINRTY,8326c4fffffffff,13.8
2024_E_MINRTY,8326c5fffffffff,21.0
2024_E_MINRTY,8326c6fffffffff,22.0
2024_E_MINRTY,8326c8fffffffff,29.0
2024_E_MINRTY,8326c9fffffffff,23.4
2024_E_MINRTY,8326cafffffffff,20.0
2024_E_MINRTY,8326cbfffffffff,38.5
2024_E_MINRTY,8326ccfffffffff,29.7
2024_E_MINRTY,8326cdfffffffff,25.0
2024_E_MINRTY,8326cefffffffff,19.5
2024_E_MINRTY,8326d0fffffffff,34.3
2024_E_MINRTY,8326d1fffffffff,24.5
2024_E_MINRTY,8326d2fffffffff,51.4
2024_E_MINRTY,8326d3fffffffff,53.9
2024_E_MINRTY,8326d4fffffffff,22.3
2024_E_MINRTY,8326d5fffffffff,32.1
2024_E_MINRTY,8326d6fffffffff,48.3
2024_E_MINRTY,8326d8fffffffff,34.8
2024_E_MINRTY,8326d9fffffffff,17.0
2024_E_MINRTY,8326dafffffffff,37.1
2024_E_MINRTY,8326dbfffffffff,31.6
2024_E_MINRTY,8326dcfffffffff,39.6
2024_E_MINRTY,8326ddfffffffff,23.0
2024_E_MINRTY,8326defffffffff,51.3
2024_E_MINRTY,8326e0fffffffff,10.2
2024_E_MINRTY,8326e1fffffffff,9.7
2024_E_MINRTY,8326e2fffffffff,10.9
2024_E_MINRTY,8326e3fffffffff,13.3
2024_E_MINRTY,8326e4fffffffff,8.5
2024_E_MINRTY,8326e5fffffffff,9.9
2024_E_MINRTY,8326e6fffffffff,7.5
2024_E_MINRTY,8326e8fffffffff,42.9
2024_E_MINRTY,8326e9fffffffff,17.5
2024_E_MINRTY,8326eafffffffff,29.0
2024_E_MINRTY,8326ebfffffffff,33.4
2024_E_MINRTY,8326ecfffffffff,20.5
2024_E_MINRTY,8326edfffffffff,17.9
2024_E_MINRTY,8326eefffffffff,26.7
2024_E_MINRTY,8326f0fffffffff,23.9
2024_E_MINRTY,8326f1fffffffff,14.3
2024_E_MINRTY,8326f2fffffffff,31.8
2024_E_MINRTY,8326f3fffffffff,35.8
2024_E_MINRTY,8326f4fffffffff,9.1
2024_E_MINRTY,8326f5fffffffff,9.6
2024_E_MINRTY,8326f6fffffffff,16.2
2024_E_MINRTY,832708fffffffff,14.5
2024_E_MINRTY,832709fffffffff,6.9
2024_E_MINRTY,83270afffffffff,27.5
2024_E_MINRTY,83270bfffffffff,17.9
2024_E_MINRTY,83270dfffffffff,26.4
2024_E_MINRTY,83270efffffffff,8.3
2024_E_MINRTY,832718fffffffff,8.7
2024_E_MINRTY,832719fffffffff,11.9
2024_E_MINRTY,83271afffffffff,13.3
2024_E_MINRTY,83271bfffffffff,4.8
2024_E_MINRTY,83271cfffffffff,12.2
2024_E_MINRTY,83271dfffffffff,7.1
2024_E_MINRTY,83271efffffffff,25.1
2024_E_MINRTY,832740fffffffff,8.4
2024_E_MINRTY,832741fffffffff,9.2
2024_E_MINRTY,832742fffffffff,15.3
2024_E_MINRTY,832743fffffffff,9.5
2024_E_MINRTY,832744fffffffff,14.0
2024_E_MINRTY,832745fffffffff,13.9
2024_E_MINRTY,832746fffffffff,8.8
2024_E_MINRTY,832748fffffffff,11.9
2024_E_MINRTY,832749fffffffff,8.7
2024_E_MINRTY,83274bfffffffff,12.7
2024_E_MINRTY,83274cfffffffff,8.4
2024_E_MINRTY,83274dfffffffff,10.8
2024_E_MINRTY,83274efffffffff,13.0
2024_E_MINRTY,832750fffffffff,9.9
2024_E_MINRTY,832751fffffffff,6.4
2024_E_MINRTY,832752fffffffff,10.1
2024_E_MINRTY,832753fffffffff,6.7
2024_E_MINRTY,832754fffffffff,14.9
2024_E_MINRTY,832755fffffffff,8.4
2024_E_MINRTY,832756fffffffff,10.7
2024_E_MINRTY,832758fffffffff,9.1
2024_E_MINRTY,832759fffffffff,21.2
2024_E_MINRTY,83275afffffffff,5.2
2024_E_MINRTY,83275bfffffffff,8.2
2024_E_MINRTY,83275cfffffffff,7.9
2024_E_MINRTY,83275dfffffffff,11.0
2024_E_MINRTY,83275efffffffff,10.7
2024_E_MINRTY,832763fffffffff,18.6
2024_E_MINRTY,832768fffffffff,5.2
2024_E_MINRTY,83276afffffffff,6.5
2024_E_MINRTY,83276bfffffffff,6.3
2024_E_MINRTY,83276efffffffff,10.9
2024_E_MINRTY,832770fffffffff,2.1
2024_E_MINRTY,832771fffffffff,6.8
2024_E_MINRTY,832772fffffffff,14.5
2024_E_MINRTY,832773fffffffff,7.6
2024_E_MINRTY,832780fffffffff,12.6
2024_E_MINRTY,832781fffffffff,6.5
2024_E_MINRTY,832782fffffffff,6.9
2024_E_MINRTY,832783fffffffff,8.3
2024_E_MINRTY,832784fffffffff,11.9
2024_E_MINRTY,832785fffffffff,34.8
2024_E_MINRTY,832786fffffffff,21.6
2024_E_MINRTY,832788fffffffff,10.6
2024_E_MINRTY,832789fffffffff,19.8
2024_E_MINRTY,83278afffffffff,8.0
2024_E_MINRTY,83278bfffffffff,10.5
2024_E_MINRTY,83278cfffffffff,7.4
2024_E_MINRTY,83278dfffffffff,12.1
2024_E_MINRTY,83278efffffffff,6.8
2024_E_MINRTY,832790fffffffff,17.3
2024_E_MINRTY,832791fffffffff,7.1
2024_E_MINRTY,832792fffffffff,8.8
2024_E_MINRTY,832793fffffffff,7.4
2024_E_MINRTY,832794fffffffff,11.0
2024_E_MINRTY,832795fffffffff,28.7
2024_E_MINRTY,832796fffffffff,13.8
2024_E_MINRTY,832798fffffffff,54.0
2024_E_MINRTY,832799fffffffff,20.8
2024_E_MINRTY,83279afffffffff,8.5
2024_E_MINRTY,83279bfffffffff,11.0
2024_E_MINRTY,83279cfffffffff,11.7
2024_E_MINRTY,83279dfffffffff,32.1
2024_E_MINRTY,83279efffffffff,10.1
2024_E_MINRTY,8327a3fffffffff,9.2
2024_E_MINRTY,8327a8fffffffff,20.8
2024_E_MINRTY,8327a9fffffffff,6.6
2024_E_MINRTY,8327aafffffffff,13.5
2024_E_MINRTY,8327abfffffffff,15.4
2024_E_MINRTY,8327acfffffffff,5.9
2024_E_MINRTY,8327adfffffffff,11.7
2024_E_MINRTY,8327aefffffffff,13.9
2024_E_MINRTY,8327b3fffffffff,19.6
2024_E_MINRTY,832800fffffffff,25.5
2024_E_MINRTY,832802fffffffff,23.2
2024_E_MINRTY,832806fffffffff,32.7
2024_E_MINRTY,832810fffffffff,21.3
2024_E_MINRTY,832811fffffffff,23.6
2024_E_MINRTY,832812fffffffff,22.2
2024_E_MINRTY,832813fffffffff,22.4
2024_E_MINRTY,832814fffffffff,17.4
2024_E_MINRTY,832815fffffffff,21.0
2024_E_MINRTY,832816fffffffff,32.9
2024_E_MINRTY,832818fffffffff,13.7
2024_E_MINRTY,83281afffffffff,11.3
2024_E_MINRTY,83281bfffffffff,13.2
2024_E_MINRTY,83281cfffffffff,27.9
2024_E_MINRTY,83281efffffffff,16.7
2024_E_MINRTY,832830fffffffff,42.0
2024_E_MINRTY,832831fffffffff,33.3
2024_E_MINRTY,832832fffffffff,27.9
2024_E_MINRTY,832833fffffffff,41.0
2024_E_MINRTY,832834fffffffff,50.2
2024_E_MINRTY,832835fffffffff,11.0
2024_E_MINRTY,832836fffffffff,48.1
2024_E_MINRTY,832880fffffffff,8.8
2024_E_MINRTY,832881fffffffff,12.6
2024_E_MINRTY,832882fffffffff,7.5
2024_E_MINRTY,832883fffffffff,5.9
2024_E_MINRTY,832884fffffffff,24.8
2024_E_MINRTY,832885fffffffff,29.8
2024_E_MINRTY,832886fffffffff,14.5
2024_E_MINRTY,832888fffffffff,34.9
2024_E_MINRTY,832889fffffffff,40.9
2024_E_MINRTY,83288afffffffff,15.6
2024_E_MINRTY,83288bfffffffff,21.3
2024_E_MINRTY,83288cfffffffff,14.4
2024_E_MINRTY,83288dfffffffff,31.7
2024_E_MINRTY,83288efffffffff,11.8
2024_E_MINRTY,832890fffffffff,14.1
2024_E_MINRTY,832891fffffffff,10.9
2024_E_MINRTY,832892fffffffff,8.6
2024_E_MINRTY,832893fffffffff,7.8
2024_E_MINRTY,832894fffffffff,23.3
2024_E_MINRTY,832895fffffffff,13.3
2024_E_MINRTY,832896fffffffff,14.2
2024_E_MINRTY,832898fffffffff,12.0
2024_E_MINRTY,832899fffffffff,11.0
2024_E_MINRTY,83289afffffffff,12.9
2024_E_MINRTY,83289bfffffffff,12.1
2024_E_MINRTY,83289cfffffffff,5.2
2024_E_MINRTY,83289dfffffffff,10.1
2024_E_MINRTY,83289efffffffff,8.3
2024_E_MINRTY,8328a0fffffffff,38.5
2024_E_MINRTY,8328a1fffffffff,20.2
2024_E_MINRTY,8328a2fffffffff,37.5
2024_E_MINRTY,8328a3fffffffff,30.9
2024_E_MINRTY,8328a4fffffffff,34.9
2024_E_MINRTY,8328a5fffffffff,27.5
2024_E_MINRTY,8328a6fffffffff,60.3
2024_E_MINRTY,8328a8fffffffff,16.4
2024_E_MINRTY,8328a9fffffffff,14.1
2024_E_MINRTY,8328aafffffffff,13.7
2024_E_MINRTY,8328abfffffffff,16.7
2024_E_MINRTY,8328acfffffffff,10.2
2024_E_MINRTY,8328adfffffffff,8.3
2024_E_MINRTY,8328aefffffffff,18.4
2024_E_MINRTY,8328b0fffffffff,24.6
2024_E_MINRTY,8328b1fffffffff,30.8
2024_E_MINRTY,8328b2fffffffff,22.7
2024_E_MINRTY,8328b3fffffffff,28.8
2024_E_MINRTY,8328b4fffffffff,21.4
2024_E_MINRTY,8328b5fffffffff,62.6
2024_E_MINRTY,8328b6fffffffff,10.4
2024_E_MINRTY,8328c2fffffffff,35.1
2024_E_MINRTY,8328c6fffffffff,22.6
2024_E_MINRTY,8328d0fffffffff,14.7
2024_E_MINRTY,8328d1fffffffff,18.1
2024_E_MINRTY,8328d2fffffffff,26.6
2024_E_MINRTY,8328d3fffffffff,22.5
2024_E_MINRTY,8328d4fffffffff,14.2
2024_E_MINRTY,8328d5fffffffff,24.3
2024_E_MINRTY,8328d6fffffffff,31.3
2024_E_MINRTY,8328defffffffff,15.2
2024_E_MINRTY,8328f0fffffffff,19.4
2024_E_MINRTY,8328f1fffffffff,14.6
2024_E_MINRTY,8328f2fffffffff,23.9
2024_E_MINRTY,8328f3fffffffff,17.3
2024_E_MINRTY,8328f4fffffffff,14.6
2024_E_MINRTY,8328f5fffffffff,19.4
2024_E_MINRTY,8328f6fffffffff,32.7
2024_E_MINRTY,832912fffffffff,51.4
2024_E_MINRTY,832913fffffffff,47.6
2024_E_MINRTY,832916fffffffff,53.3
2024_E_MINRTY,83291afffffffff,40.6
2024_E_MINRTY,832980fffffffff,23.5
2024_E_MINRTY,832981fffffffff,28.0
2024_E_MINRTY,832982fffffffff,16.4
2024_E_MINRTY,832983fffffffff,17.8
2024_E_MINRTY,832984fffffffff,44.4
2024_E_MINRTY,832985fffffffff,41.6
2024_E_MINRTY,832986fffffffff,34.1
2024_E_MINRTY,832988fffffffff,40.4
2024_E_MINRTY,832989fffffffff,21.8
2024_E_MINRTY,83298afffffffff,28.9
2024_E_MINRTY,83298bfffffffff,31.5
2024_E_MINRTY,83298cfffffffff,41.8
2024_E_MINRTY,83298dfffffffff,26.7
2024_E_MINRTY,83298efffffffff,31.1
2024_E_MINRTY,832990fffffffff,11.6
2024_E_MINRTY,832991fffffffff,13.1
2024_E_MINRTY,832992fffffffff,12.0
2024_E_MINRTY,832993fffffffff,12.3
2024_E_MINRTY,832994fffffffff,46.0
2024_E_MINRTY,832995fffffffff,30.7
2024_E_MINRTY,832996fffffffff,76.3
2024_E_MINRTY,832998fffffffff,16.5
2024_E_MINRTY,832999fffffffff,25.9
2024_E_MINRTY,83299afffffffff,42.5
2024_E_MINRTY,83299bfffffffff,45.2
2024_E_MINRTY,83299cfffffffff,21.0
2024_E_MINRTY,83299dfffffffff,25.4
2024_E_MINRTY,83299efffffffff,13.2
2024_E_MINRTY,8329a0fffffffff,51.2
2024_E_MINRTY,8329a1fffffffff,52.0
2024_E_MINRTY,8329a2fffffffff,46.1
2024_E_MINRTY,8329a3fffffffff,41.8
2024_E_MINRTY,8329a4fffffffff,42.9
2024_E_MINRTY,8329a5fffffffff,59.1
2024_E_MINRTY,8329a6fffffffff,57.0
2024_E_MINRTY,8329a8fffffffff,80.0
2024_E_MINRTY,8329a9fffffffff,68.5
2024_E_MINRTY,8329aafffffffff,34.4
2024_E_MINRTY,8329abfffffffff,37.4
2024_E_MINRTY,8329acfffffffff,45.3
2024_E_MINRTY,8329adfffffffff,31.8
2024_E_MINRTY,8329aefffffffff,32.1
2024_E_MINRTY,8329b0fffffffff,27.9
2024_E_MINRTY,8329b1fffffffff,37.5
2024_E_MINRTY,8329b2fffffffff,25.4
2024_E_MINRTY,8329b3fffffffff,37.6
2024_E_MINRTY,8329b4fffffffff,33.5
2024_E_MINRTY,8329b5fffffffff,53.4
2024_E_MINRTY,8329b6fffffffff,21.9
2024_E_MINRTY,832a06fffffffff,15.1
2024_E_MINRTY,832a10fffffffff,33.8
2024_E_MINRTY,832a12fffffffff,16.7
2024_E_MINRTY,832a13fffffffff,26.2
2024_E_MINRTY,832a14fffffffff,18.8
2024_E_MINRTY,832a15fffffffff,22.2
2024_E_MINRTY,832a16fffffffff,19.2
2024_E_MINRTY,832a30fffffffff,15.5
2024_E_MINRTY,832a31fffffffff,11.6
2024_E_MINRTY,832a32fffffffff,8.5
2024_E_MINRTY,832a33fffffffff,14.9
2024_E_MINRTY,832a34fffffffff,7.6
2024_E_MINRTY,832a36fffffffff,7.0
2024_E_MINRTY,832a80fffffffff,5.7
2024_E_MINRTY,832a81fffffffff,7.6
2024_E_MINRTY,832a82fffffffff,4.3
2024_E_MINRTY,832a83fffffffff,6.3
2024_E_MINRTY,832a84fffffffff,6.3
2024_E_MINRTY,832a85fffffffff,5.3
2024_E_MINRTY,832a86fffffffff,5.0
2024_E_MINRTY,832a88fffffffff,26.9
2024_E_MINRTY,832a89fffffffff,46.8
2024_E_MINRTY,832a8afffffffff,10.1
2024_E_MINRTY,832a8bfffffffff,28.3
2024_E_MINRTY,832a8cfffffffff,20.8
2024_E_MINRTY,832a8dfffffffff,39.8
2024_E_MINRTY,832a8efffffffff,7.7
2024_E_MINRTY,832a90fffffffff,8.3
2024_E_MINRTY,832a91fffffffff,5.8
2024_E_MINRTY,832a92fffffffff,6.8
2024_E_MINRTY,832a93fffffffff,8.3
2024_E_MINRTY,832a94fffffffff,9.1
2024_E_MINRTY,832a95fffffffff,8.9
2024_E_MINRTY,832a96fffffffff,6.4
2024_E_MINRTY,832a98fffffffff,3.9
2024_E_MINRTY,832a99fffffffff,5.8
2024_E_MINRTY,832a9afffffffff,4.7
2024_E_MINRTY,832a9bfffffffff,4.8
2024_E_MINRTY,832a9cfffffffff,4.2
2024_E_MINRTY,832a9dfffffffff,6.7
2024_E_MINRTY,832a9efffffffff,4.8
2024_E_MINRTY,832aa0fffffffff,4.1
2024_E_MINRTY,832aa1fffffffff,7.0
2024_E_MINRTY,832aa2fffffffff,6.8
2024_E_MINRTY,832aa3fffffffff,4.9
2024_E_MINRTY,832aa4fffffffff,7.8
2024_E_MINRTY,832aa5fffffffff,6.7
2024_E_MINRTY,832aa6fffffffff,8.0
2024_E_MINRTY,832aa8fffffffff,38.5
2024_E_MINRTY,832aa9fffffffff,27.4
2024_E_MINRTY,832aaafffffffff,19.6
2024_E_MINRTY,832aabfffffffff,32.2
2024_E_MINRTY,832aacfffffffff,16.6
2024_E_MINRTY,832aadfffffffff,24.6
2024_E_MINRTY,832aaefffffffff,11.1
2024_E_MINRTY,832ab1fffffffff,6.4
2024_E_MINRTY,832ab2fffffffff,27.0
2024_E_MINRTY,832ab3fffffffff,11.9
2024_E_MINRTY,832ab5fffffffff,7.2
2024_E_MINRTY,832ab6fffffffff,7.3
2024_E_MINRTY,832ad0fffffffff,41.6
2024_E_MINRTY,832ad2fffffffff,54.1
2024_E_MINRTY,832ad3fffffffff,27.9
2024_E_MINRTY,832ad4fffffffff,40.9
2024_E_MINRTY,832ad5fffffffff,26.2
2024_E_MINRTY,832ad6fffffffff,33.9
2024_E_MINRTY,832af0fffffffff,20.0
2024_E_MINRTY,832af2fffffffff,52.3
2024_E_MINRTY,832af3fffffffff,38.7
2024_E_MINRTY,832af6fffffffff,35.3
2024_E_MINRTY,832b10fffffffff,6.5
2024_E_MINRTY,832b11fffffffff,5.9
2024_E_MINRTY,832b12fffffffff,9.1
2024_E_MINRTY,832b13fffffffff,6.1
2024_E_MINRTY,832b18fffffffff,13.2
2024_E_MINRTY,832b1afffffffff,5.8
2024_E_MINRTY,832b1bfffffffff,4.4
2024_E_MINRTY,832b1efffffffff,9.6
2024_E_MINRTY,832b81fffffffff,17.3
2024_E_MINRTY,832b88fffffffff,6.2
2024_E_MINRTY,832b89fffffffff,9.7
2024_E_MINRTY,832b8afffffffff,8.1
2024_E_MINRTY,832b8bfffffffff,6.8
2024_E_MINRTY,832b8cfffffffff,8.6
2024_E_MINRTY,832b8dfffffffff,6.5
2024_E_MINRTY,832b8efffffffff,8.1
2024_E_MINRTY,832b99fffffffff,12.7
2024_E_MINRTY,832b9bfffffffff,11.8
2024_E_MINRTY,832ba8fffffffff,3.3
2024_E_MINRTY,832ba9fffffffff,4.6
2024_E_MINRTY,832babfffffffff,6.0
2024_E_MINRTY,832bacfffffffff,5.3
2024_E_MINRTY,832badfffffffff,4.7
2024_E_MINRTY,834412fffffffff,45.2
2024_E_MINRTY,834413fffffffff,36.1
2024_E_MINRTY,834414fffffffff,28.7
2024_E_MINRTY,834416fffffffff,26.7
2024_E_MINRTY,83441afffffffff,29.2
2024_E_MINRTY,83441bfffffffff,10.6
2024_E_MINRTY,83441efffffffff,17.0
2024_E_MINRTY,834440fffffffff,40.9
2024_E_MINRTY,834441fffffffff,21.2
2024_E_MINRTY,834442fffffffff,35.5
2024_E_MINRTY,834443fffffffff,50.1
2024_E_MINRTY,834444fffffffff,31.4
2024_E_MINRTY,834445fffffffff,17.0
2024_E_MINRTY,834446fffffffff,31.0
2024_E_MINRTY,834448fffffffff,30.3
2024_E_MINRTY,834449fffffffff,24.7
2024_E_MINRTY,83444afffffffff,32.7
2024_E_MINRTY,83444bfffffffff,13.8
2024_E_MINRTY,83444cfffffffff,33.4
2024_E_MINRTY,83444dfffffffff,26.5
2024_E_MINRTY,83444efffffffff,30.3
2024_E_MINRTY,834450fffffffff,21.0
2024_E_MINRTY,834451fffffffff,28.7
2024_E_MINRTY,834452fffffffff,25.2
2024_E_MINRTY,834453fffffffff,46.3
2024_E_MINRTY,834455fffffffff,19.0
2024_E_MINRTY,834456fffffffff,19.2
2024_E_MINRTY,834458fffffffff,51.7
2024_E_MINRTY,834459fffffffff,58.2
2024_E_MINRTY,83445afffffffff,41.4
2024_E_MINRTY,83445bfffffffff,33.3
2024_E_MINRTY,83445cfffffffff,41.9
2024_E_MINRTY,83445dfffffffff,48.9
2024_E_MINRTY,83445efffffffff,45.6
2024_E_MINRTY,834463fffffffff,6.7
2024_E_MINRTY,834468fffffffff,24.7
2024_E_MINRTY,834469fffffffff,28.2
2024_E_MINRTY,83446afffffffff,19.4
2024_E_MINRTY,83446bfffffffff,30.5
2024_E_MINRTY,83446cfffffffff,53.7
2024_E_MINRTY,83446dfffffffff,34.4
2024_E_MINRTY,83446efffffffff,18.3
2024_E_MINRTY,834471fffffffff,26.9
2024_E_MINRTY,834473fffffffff,43.8
2024_E_MINRTY,8344a1fffffffff,75.0
2024_E_MINRTY,8344a5fffffffff,74.7
2024_E_MINRTY,8344a8fffffffff,34.7
2024_E_MINRTY,8344a9fffffffff,39.0
2024_E_MINRTY,8344abfffffffff,11.9
2024_E_MINRTY,8344acfffffffff,48.9
2024_E_MINRTY,8344adfffffffff,32.9
2024_E_MINRTY,8344aefffffffff,28.8
2024_E_MINRTY,8344c0fffffffff,42.0
2024_E_MINRTY,8344c1fffffffff,45.8
2024_E_MINRTY,8344c2fffffffff,43.0
2024_E_MINRTY,8344c3fffffffff,35.1
2024_E_MINRTY,8344c4fffffffff,35.8
2024_E_MINRTY,8344c5fffffffff,42.8
2024_E_MINRTY,8344c6fffffffff,31.3
2024_E_MINRTY,8344c8fffffffff,9.1
2024_E_MINRTY,8344c9fffffffff,7.1
2024_E_MINRTY,8344cafffffffff,9.2
2024_E_MINRTY,8344cbfffffffff,4.9
2024_E_MINRTY,8344ccfffffffff,16.3
2024_E_MINRTY,8344cdfffffffff,9.8
2024_E_MINRTY,8344cefffffffff,12.3
2024_E_MINRTY,8344d0fffffffff,39.0
2024_E_MINRTY,8344d1fffffffff,50.5
2024_E_MINRTY,8344d2fffffffff,56.7
2024_E_MINRTY,8344d3fffffffff,53.2
2024_E_MINRTY,8344d5fffffffff,40.1
2024_E_MINRTY,8344d8fffffffff,23.7
2024_E_MINRTY,8344d9fffffffff,8.9
2024_E_MINRTY,8344dafffffffff,29.4
2024_E_MINRTY,8344dbfffffffff,15.1
2024_E_MINRTY,8344dcfffffffff,35.0
2024_E_MINRTY,8344ddfffffffff,15.2
2024_E_MINRTY,8344defffffffff,43.4
2024_E_MINRTY,8344e0fffffffff,28.8
2024_E_MINRTY,8344e1fffffffff,23.3
2024_E_MINRTY,8344e2fffffffff,35.2
2024_E_MINRTY,8344e3fffffffff,51.3
2024_E_MINRTY,8344e4fffffffff,17.8
2024_E_MINRTY,8344e5fffffffff,18.8
2024_E_MINRTY,8344e6fffffffff,21.1
2024_E_MINRTY,8344e8fffffffff,25.9
2024_E_MINRTY,8344e9fffffffff,10.8
2024_E_MINRTY,8344eafffffffff,22.9
2024_E_MINRTY,8344ebfffffffff,13.7
2024_E_MINRTY,8344ecfffffffff,54.4
2024_E_MINRTY,8344edfffffffff,52.7
2024_E_MINRTY,8344eefffffffff,50.8
2024_E_MINRTY,8344f0fffffffff,23.7
2024_E_MINRTY,8344f1fffffffff,31.4
2024_E_MINRTY,8344f3fffffffff,29.5
2024_E_MINRTY,8344f4fffffffff,22.0
2024_E_MINRTY,8344f5fffffffff,24.2
2024_E_MINRTY,8344f6fffffffff,23.7
2024_E_MINRTY,834859fffffffff,63.6
2024_E_MINRTY,83485afffffffff,17.4
2024_E_MINRTY,83485bfffffffff,41.3
2024_E_MINRTY,834880fffffffff,85.4
2024_E_MINRTY,834881fffffffff,91.2
2024_E_MINRTY,834882fffffffff,72.7
2024_E_MINRTY,834883fffffffff,68.2
2024_E_MINRTY,834886fffffffff,92.3
2024_E_MINRTY,834888fffffffff,55.3
2024_E_MINRTY,834889fffffffff,66.5
2024_E_MINRTY,83488afffffffff,50.5
2024_E_MINRTY,83488bfffffffff,54.4
2024_E_MINRTY,83488cfffffffff,45.4
2024_E_MINRTY,83488dfffffffff,42.6
2024_E_MINRTY,83488efffffffff,52.9
2024_E_MINRTY,834890fffffffff,39.8
2024_E_MINRTY,834891fffffffff,48.8
2024_E_MINRTY,834892fffffffff,32.4
2024_E_MINRTY,834893fffffffff,45.3
2024_E_MINRTY,834895fffffffff,69.5
2024_E_MINRTY,834898fffffffff,21.7
2024_E_MINRTY,834899fffffffff,27.0
2024_E_MINRTY,83489afffffffff,34.2
2024_E_MINRTY,83489bfffffffff,21.8
2024_E_MINRTY,83489cfffffffff,46.6
2024_E_MINRTY,83489dfffffffff,25.0
2024_E_MINRTY,83489efffffffff,41.3
2024_E_MINRTY,8348abfffffffff,35.1
2024_E_MINRTY,8348b1fffffffff,98.0
2024_E_MINRTY,8348b2fffffffff,84.8
2024_E_MINRTY,8348b3fffffffff,92.5
2024_E_MINRTY,8348c0fffffffff,51.0
2024_E_MINRTY,8348c1fffffffff,41.3
2024_E_MINRTY,8348c2fffffffff,46.6
2024_E_MINRTY,8348c3fffffffff,37.1
2024_E_MINRTY,8348c4fffffffff,65.3
2024_E_MINRTY,8348c5fffffffff,50.0
2024_E_MINRTY,8348c6fffffffff,70.0
2024_E_MINRTY,8348c8fffffffff,67.0
2024_E_MINRTY,8348c9fffffffff,80.5
2024_E_MINRTY,8348cafffffffff,92.9
2024_E_MINRTY,8348cbfffffffff,98.7
2024_E_MINRTY,8348ccfffffffff,63.9
2024_E_MINRTY,8348cdfffffffff,19.5
2024_E_MINRTY,8348cefffffffff,35.3
2024_E_MINRTY,8348d0fffffffff,52.3
2024_E_MINRTY,8348d1fffffffff,46.3
2024_E_MINRTY,8348d2fffffffff,53.5
2024_E_MINRTY,8348d3fffffffff,50.9
2024_E_MINRTY,8348d4fffffffff,66.0
2024_E_MINRTY,8348d5fffffffff,62.4
2024_E_MINRTY,8348d6fffffffff,52.5
2024_E_MINRTY,8348d8fffffffff,59.1
2024_E_MINRTY,8348d9fffffffff,89.6
2024_E_MINRTY,8348dafffffffff,71.4
2024_E_MINRTY,8348dbfffffffff,71.5
2024_E_MINRTY,8348dcfffffffff,65.2
2024_E_MINRTY,8348ddfffffffff,81.0
2024_E_MINRTY,8348defffffffff,76.5
2024_E_MINRTY,8348e3fffffffff,49.3
2024_E_MINRTY,8348e8fffffffff,49.8
2024_E_MINRTY,8348e9fffffffff,58.1
2024_E_MINRTY,8348eafffffffff,56.3
2024_E_MINRTY,8348ebfffffffff,35.7
2024_E_MINRTY,8348ecfffffffff,69.2
2024_E_MINRTY,8348edfffffffff,83.8
2024_E_MINRTY,8348eefffffffff,27.7
2024_E_MINRTY,8348f2fffffffff,51.5
2024_E_MINRTY,8348f3fffffffff,84.5
2024_E_MINRTY,8348f6fffffffff,76.5
2024_E_MOBILE,8312c9fffffffff,16.4
2024_E_MOBILE,8312cafffffffff,8.9
2024_E_MOBILE,8312cbfffffffff,18.9
2024_E_MOBILE,8312d8fffffffff,16.1
2024_E_MOBILE,8312d9fffffffff,14.1
2024_E_MOBILE,8312dafffffffff,21.9
2024_E_MOBILE,8312dbfffffffff,19.1
2024_E_MOBILE,8312ddfffffffff,11.6
2024_E_MOBILE,8312defffffffff,13.7
2024_E_MOBILE,832600fffffffff,4.1
2024_E_MOBILE,832601fffffffff,3.5
2024_E_MOBILE,832602fffffffff,6.8
2024_E_MOBILE,832603fffffffff,5.3
2024_E_MOBILE,832604fffffffff,5.9
2024_E_MOBILE,832605fffffffff,2.4
2024_E_MOBILE,832606fffffffff,9.8
2024_E_MOBILE,832608fffffffff,3.0
2024_E_MOBILE,832609fffffffff,8.1
2024_E_MOBILE,83260afffffffff,2.6
2024_E_MOBILE,83260bfffffffff,7.0
2024_E_MOBILE,83260cfffffffff,1.9
2024_E_MOBILE,83260dfffffffff,4.8
2024_E_MOBILE,83260efffffffff,4.8
2024_E_MOBILE,832610fffffffff,14.1
2024_E_MOBILE,832611fffffffff,8.0
2024_E_MOBILE,832612fffffffff,16.6
2024_E_MOBILE,832613fffffffff,6.6
2024_E_MOBILE,832614fffffffff,24.3
2024_E_MOBILE,832615fffffffff,16.9
2024_E_MOBILE,832616fffffffff,18.8
2024_E_MOBILE,832618fffffffff,7.3
2024_E_MOBILE,832619fffffffff,2.9
2024_E_MOBILE,83261afffffffff,8.3
2024_E_MOBILE,83261bfffffffff,6.6
2024_E_MOBILE,83261cfffffffff,11.6
2024_E_MOBILE,83261dfffffffff,4.0
2024_E_MOBILE,83261efffffffff,7.7
2024_E_MOBILE,832620fffffffff,5.5
2024_E_MOBILE,832621fffffffff,3.4
2024_E_MOBILE,832622fffffffff,7.6
2024_E_MOBILE,832623fffffffff,2.5
2024_E_MOBILE,832624fffffffff,11.2
2024_E_MOBILE,832625fffffffff,9.3
2024_E_MOBILE,832626fffffffff,5.8
2024_E_MOBILE,832628fffffffff,2.5
2024_E_MOBILE,832629fffffffff,3.4
2024_E_MOBILE,83262afffffffff,1.8
2024_E_MOBILE,83262bfffffffff,3.1
2024_E_MOBILE,83262cfffffffff,3.5
2024_E_MOBILE,83262dfffffffff,4.8
2024_E_MOBILE,83262efffffffff,2.7
2024_E_MOBILE,832630fffffffff,9.5
2024_E_MOBILE,832631fffffffff,8.6
2024_E_MOBILE,832632fffffffff,15.3
2024_E_MOBILE,832633fffffffff,17.2
2024_E_MOBILE,832634fffffffff,12.9
2024_E_MOBILE,832635fffffffff,6.7
2024_E_MOBILE,832636fffffffff,12.2
2024_E_MOBILE,832640fffffffff,10.7
2024_E_MOBILE,832641fffffffff,18.5
2024_E_MOBILE,832642fffffffff,18.8
2024_E_MOBILE,832643fffffffff,16.6
2024_E_MOBILE,832644fffffffff,9.5
2024_E_MOBILE,832645fffffffff,21.0
2024_E_MOBILE,832646fffffffff,11.2
2024_E_MOBILE,832648fffffffff,24.7
2024_E_MOBILE,832649fffffffff,16.8
2024_E_MOBILE,83264afffffffff,17.6
2024_E_MOBILE,83264bfffffffff,20.2
2024_E_MOBILE,83264cfffffffff,16.3
2024_E_MOBILE,83264dfffffffff,9.8
2024_E_MOBILE,83264efffffffff,16.1
2024_E_MOBILE,832650fffffffff,15.2
2024_E_MOBILE,832651fffffffff,19.5
2024_E_MOBILE,832652fffffffff,14.4
2024_E_MOBILE,832653fffffffff,15.0
2024_E_MOBILE,832654fffffffff,12.3
2024_E_MOBILE,832655fffffffff,12.2
2024_E_MOBILE,832656fffffffff,5.1
2024_E_MOBILE,832658fffffffff,22.5
2024_E_MOBILE,832659fffffffff,18.3
2024_E_MOBILE,83265afffffffff,20.6
2024_E_MOBILE,83265bfffffffff,22.0
2024_E_MOBILE,83265cfffffffff,18.9
2024_E_MOBILE,83265dfffffffff,16.4
2024_E_MOBILE,83265efffffffff,17.8
2024_E_MOBILE,832660fffffffff,4.9
2024_E_MOBILE,832661fffffffff,8.1
2024_E_MOBILE,832662fffffffff,3.4
2024_E_MOBILE,832663fffffffff,6.8
2024_E_MOBILE,832664fffffffff,4.2
2024_E_MOBILE,832665fffffffff,8.5
2024_E_MOBILE,832666fffffffff,3.6
2024_E_MOBILE,832668fffffffff,17.1
2024_E_MOBILE,832669fffffffff,20.1
2024_E_MOBILE,83266afffffffff,13.4
2024_E_MOBILE,83266bfffffffff,19.2
2024_E_MOBILE,83266cfffffffff,11.9
2024_E_MOBILE,83266dfffffffff,12.5
2024_E_MOBILE,83266efffffffff,13.8
2024_E_MOBILE,832670fffffffff,8.8
2024_E_MOBILE,832671fffffffff,9.3
2024_E_MOBILE,832672fffffffff,10.5
2024_E_MOBILE,832673fffffffff,13.5
2024_E_MOBILE,832674fffffffff,5.5
2024_E_MOBILE,832675fffffffff,2.5
2024_E_MOBILE,832676fffffffff,5.2
2024_E_MOBILE,832680fffffffff,11.5
2024_E_MOBILE,832681fffffffff,4.6
2024_E_MOBILE,832682fffffffff,15.4
2024_E_MOBILE,832683fffffffff,7.9
2024_E_MOBILE,832684fffffffff,25.9
2024_E_MOBILE,832685fffffffff,9.8
2024_E_MOBILE,832686fffffffff,34.0
2024_E_MOBILE,832688fffffffff,12.5
2024_E_MOBILE,832689fffffffff,16.3
2024_E_MOBILE,83268afffffffff,17.0
2024_E_MOBILE,83268bfffffffff,15.4
2024_E_MOBILE,83268cfffffffff,7.8
2024_E_MOBILE,83268dfffffffff,12.6
2024_E_MOBILE,83268efffffffff,9.1
2024_E_MOBILE,832690fffffffff,10.8
2024_E_MOBILE,832691fffffffff,18.8
2024_E_MOBILE,832692fffffffff,4.7
2024_E_MOBILE,832693fffffffff,11.0
2024_E_MOBILE,832694fffffffff,18.7
2024_E_MOBILE,832695fffffffff,22.3
2024_E_MOBILE,832696fffffffff,4.2
2024_E_MOBILE,832698fffffffff,19.3
2024_E_MOBILE,832699fffffffff,16.2
2024_E_MOBILE,83269afffffffff,17.3
2024_E_MOBILE,83269bfffffffff,26.5
2024_E_MOBILE,83269cfffffffff,13.9
2024_E_MOBILE,83269dfffffffff,9.1
2024_E_MOBILE,83269efffffffff,12.6
2024_E_MOBILE,8326a0fffffffff,18.6
2024_E_MOBILE,8326a1fffffffff,12.0
2024_E_MOBILE,8326a2fffffffff,22.9
2024_E_MOBILE,8326a3fffffffff,17.1
2024_E_MOBILE,8326a4fffffffff,26.3
2024_E_MOBILE,8326a5fffffffff,18.6
2024_E_MOBILE,8326a6fffffffff,15.9
2024_E_MOBILE,8326a8fffffffff,10.0
2024_E_MOBILE,8326a9fffffffff,8.0
2024_E_MOBILE,8326aafffffffff,11.8
2024_E_MOBILE,8326abfffffffff,12.6
2024_E_MOBILE,8326acfffffffff,8.4
2024_E_MOBILE,8326adfffffffff,11.7
2024_E_MOBILE,8326aefffffffff,9.5
2024_E_MOBILE,8326b0fffffffff,12.9
2024_E_MOBILE,8326b1fffffffff,24.7
2024_E_MOBILE,8326b2fffffffff,14.2
2024_E_MOBILE,8326b3fffffffff,27.7
2024_E_MOBILE,8326b4fffffffff,18.2
2024_E_MOBILE,8326b5fffffffff,24.1
2024_E_MOBILE,8326b6fffffffff,8.8
2024_E_MOBILE,8326c0fffffffff,17.3
2024_E_MOBILE,8326c1fffffffff,16.9
2024_E_MOBILE,8326c2fffffffff,11.8
2024_E_MOBILE,8326c3fffffffff,8.6
2024_E_MOBILE,8326c4fffffffff,7.2
2024_E_MOBILE,8326c5fffffffff,17.1
2024_E_MOBILE,8326c6fffffffff,11.0
2024_E_MOBILE,8326c8fffffffff,13.6
2024_E_MOBILE,8326c9fffffffff,23.2
2024_E_MOBILE,8326cafffffffff,20.5
2024_E_MOBILE,8326cbfffffffff,19.2
2024_E_MOBILE,8326ccfffffffff,20.1
2024_E_MOBILE,8326cdfffffffff,17.7
2024_E_MOBILE,8326cefffffffff,16.9
2024_E_MOBILE,8326d0fffffffff,17.3
2024_E_MOBILE,8326d1fffffffff,12.6
2024_E_MOBILE,8326d2fffffffff,41.3
2024_E_MOBILE,8326d3fffffffff,17.2
2024_E_MOBILE,8326d4fffffffff,13.3
2024_E_MOBILE,8326d5fffffffff,13.8
2024_E_MOBILE,8326d6fffffffff,19.7
2024_E_MOBILE,8326d8fffffffff,13.2
2024_E_MOBILE,8326d9fffffffff,16.3
2024_E_MOBILE,8326dafffffffff,14.3
2024_E_MOBILE,8326dbfffffffff,16.2
2024_E_MOBILE,8326dcfffffffff,8.0
2024_E_MOBILE,8326ddfffffffff,9.7
2024_E_MOBILE,8326defffffffff,9.9
2024_E_MOBILE,8326e0fffffffff,8.0
2024_E_MOBILE,8326e1fffffffff,14.0
2024_E_MOBILE,8326e2fffffffff,8.5
2024_E_MOBILE,8326e3fffffffff,10.2
2024_E_MOBILE,8326e4fffffffff,5.8
2024_E_MOBILE,8326e5fffffffff,7.7
2024_E_MOBILE,8326e6fffffffff,5.4
2024_E_MOBILE,8326e8fffffffff,23.0
2024_E_MOBILE,8326e9fffffffff,18.4
2024_E_MOBILE,8326eafffffffff,22.1
2024_E_MOBILE,8326ebfffffffff,20.5
2024_E_MOBILE,8326ecfffffffff,16.4
2024_E_MOBILE,8326edfffffffff,16.1
2024_E_MOBILE,8326eefffffffff,17.7
2024_E_MOBILE,8326f0fffffffff,8.9
2024_E_MOBILE,8326f1fffffffff,7.0
2024_E_MOBILE,8326f2fffffffff,14.7
2024_E_MOBILE,8326f3fffffffff,21.4
2024_E_MOBILE,8326f4fffffffff,7.7
2024_E_MOBILE,8326f5fffffffff,4.3
2024_E_MOBILE,8326f6fffffffff,11.2
2024_E_MOBILE,832708fffffffff,9.2
2024_E_MOBILE,832709fffffffff,6.4
2024_E_MOBILE,83270afffffffff,12.7
2024_E_MOBILE,83270bfffffffff,10.1
2024_E_MOBILE,83270dfffffffff,3.4
2024_E_MOBILE,83270efffffffff,24.5
2024_E_MOBILE,832718fffffffff,7.7
2024_E_MOBILE,832719fffffffff,7.4
2024_E_MOBILE,83271afffffffff,8.1
2024_E_MOBILE,83271bfffffffff,6.7
2024_E_MOBILE,83271cfffffffff,4.1
2024_E_MOBILE,83271dfffffffff,12.3
2024_E_MOBILE,83271efffffffff,7.7
2024_E_MOBILE,832740fffffffff,8.8
2024_E_MOBILE,832741fffffffff,12.9
2024_E_MOBILE,832742fffffffff,11.5
2024_E_MOBILE,832743fffffffff,4.7
2024_E_MOBILE,832744fffffffff,7.9
2024_E_MOBILE,832745fffffffff,8.3
2024_E_MOBILE,832746fffffffff,7.6
2024_E_MOBILE,832748fffffffff,9.0
2024_E_MOBILE,832749fffffffff,8.2
2024_E_MOBILE,83274bfffffffff,8.0
2024_E_MOBILE,83274cfffffffff,16.6
2024_E_MOBILE,83274dfffffffff,6.1
2024_E_MOBILE,83274efffffffff,17.0
2024_E_MOBILE,832750fffffffff,7.3
2024_E_MOBILE,832751fffffffff,7.7
2024_E_MOBILE,832752fffffffff,5.7
2024_E_MOBILE,832753fffffffff,6.9
2024_E_MOBILE,832754fffffffff,7.6
2024_E_MOBILE,832755fffffffff,6.6
2024_E_MOBILE,832756fffffffff,12.6
2024_E_MOBILE,832758fffffffff,3.6
2024_E_MOBILE,832759fffffffff,2.5
2024_E_MOBILE,83275afffffffff,8.3
2024_E_MOBILE,83275bfffffffff,3.4
2024_E_MOBILE,83275cfffffffff,6.3
2024_E_MOBILE,83275dfffffffff,2.3
2024_E_MOBILE,83275efffffffff,11.9
2024_E_MOBILE,832763fffffffff,10.0
2024_E_MOBILE,832768fffffffff,8.0
2024_E_MOBILE,83276afffffffff,12.4
2024_E_MOBILE,83276bfffffffff,9.6
2024_E_MOBILE,83276efffffffff,8.9
2024_E_MOBILE,832770fffffffff,0.2
2024_E_MOBILE,832771fffffffff,4.8
2024_E_MOBILE,832772fffffffff,2.5
2024_E_MOBILE,832773fffffffff,5.4
2024_E_MOBILE,832780fffffffff,10.9
2024_E_MOBILE,832781fffffffff,14.9
2024_E_MOBILE,832782fffffffff,15.4
2024_E_MOBILE,832783fffffffff,17.4
2024_E_MOBILE,832784fffffffff,6.4
2024_E_MOBILE,832785fffffffff,11.9
2024_E_MOBILE,832786fffffffff,12.3
2024_E_MOBILE,832788fffffffff,19.6
2024_E_MOBILE,832789fffffffff,18.9
2024_E_MOBILE,83278afffffffff,24.8
2024_E_MOBILE,83278bfffffffff,23.0
2024_E_MOBILE,83278cfffffffff,13.5
2024_E_MOBILE,83278dfffffffff,11.4
2024_E_MOBILE,83278efffffffff,20.1
2024_E_MOBILE,832790fffffffff,13.3
2024_E_MOBILE,832791fffffffff,14.1
2024_E_MOBILE,832792fffffffff,12.5
2024_E_MOBILE,832793fffffffff,12.5
2024_E_MOBILE,832794fffffffff,13.0
2024_E_MOBILE,832795fffffffff,11.6
2024_E_MOBILE,832796fffffffff,11.6
2024_E_MOBILE,832798fffffffff,24.3
2024_E_MOBILE,832799fffffffff,11.4
2024_E_MOBILE,83279afffffffff,8.0
2024_E_MOBILE,83279bfffffffff,15.7
2024_E_MOBILE,83279cfffffffff,21.3
2024_E_MOBILE,83279dfffffffff,18.6
2024_E_MOBILE,83279efffffffff,13.5
2024_E_MOBILE,8327a3fffffffff,4.2
2024_E_MOBILE,8327a8fffffffff,15.2
2024_E_MOBILE,8327a9fffffffff,10.1
2024_E_MOBILE,8327aafffffffff,24.5
2024_E_MOBILE,8327abfffffffff,18.9
2024_E_MOBILE,8327acfffffffff,10.4
2024_E_MOBILE,8327adfffffffff,9.7
2024_E_MOBILE,8327aefffffffff,11.8
2024_E_MOBILE,8327b3fffffffff,13.3
2024_E_MOBILE,832800fffffffff,5.1
2024_E_MOBILE,832802fffffffff,14.6
2024_E_MOBILE,832806fffffffff,14.4
2024_E_MOBILE,832810fffffffff,13.2
2024_E_MOBILE,832811fffffffff,15.2
2024_E_MOBILE,832812fffffffff,12.8
2024_E_MOBILE,832813fffffffff,18.6
2024_E_MOBILE,832814fffffffff,14.4
2024_E_MOBILE,832815fffffffff,23.7
2024_E_MOBILE,832816fffffffff,16.9
2024_E_MOBILE,832818fffffffff,18.2
2024_E_MOBILE,83281afffffffff,17.9
2024_E_MOBILE,83281bfffffffff,19.9
2024_E_MOBILE,83281cfffffffff,20.6
2024_E_MOBILE,83281efffffffff,21.2
2024_E_MOBILE,832830fffffffff,5.1
2024_E_MOBILE,832831fffffffff,6.6
2024_E_MOBILE,832832fffffffff,8.5
2024_E_MOBILE,832833fffffffff,14.5
2024_E_MOBILE,832834fffffffff,5.6
2024_E_MOBILE,832835fffffffff,2.5
2024_E_MOBILE,832836fffffffff,13.2
2024_E_MOBILE,832880fffffffff,12.5
2024_E_MOBILE,832881fffffffff,16.1
2024_E_MOBILE,832882fffffffff,13.8
2024_E_MOBILE,832883fffffffff,11.9
2024_E_MOBILE,832884fffffffff,15.4
2024_E_MOBILE,832885fffffffff,21.4
2024_E_MOBILE,832886fffffffff,12.7
2024_E_MOBILE,832888fffffffff,23.8
2024_E_MOBILE,832889fffffffff,31.9
2024_E_MOBILE,83288afffffffff,14.0
2024_E_MOBILE,83288bfffffffff,21.1
2024_E_MOBILE,83288cfffffffff,15.4
2024_E_MOBILE,83288dfffffffff,25.2
2024_E_MOBILE,83288efffffffff,15.0
2024_E_MOBILE,832890fffffffff,11.6
2024_E_MOBILE,832891fffffffff,14.9
2024_E_MOBILE,832892fffffffff,8.8
2024_E_MOBILE,832893fffffffff,12.0
2024_E_MOBILE,832894fffffffff,12.8
2024_E_MOBILE,832895fffffffff,19.0
2024_E_MOBILE,832896fffffffff,7.4
2024_E_MOBILE,832898fffffffff,16.8
2024_E_MOBILE,832899fffffffff,16.9
2024_E_MOBILE,83289afffffffff,13.4
2024_E_MOBILE,83289bfffffffff,13.3
2024_E_MOBILE,83289cfffffffff,12.7
2024_E_MOBILE,83289dfffffffff,18.9
2024_E_MOBILE,83289efffffffff,12.6
2024_E_MOBILE,8328a0fffffffff,32.1
2024_E_MOBILE,8328a1fffffffff,33.5
2024_E_MOBILE,8328a2fffffffff,26.6
2024_E_MOBILE,8328a3fffffffff,25.5
2024_E_MOBILE,8328a4fffffffff,51.1
2024_E_MOBILE,8328a5fffffffff,37.2
2024_E_MOBILE,8328a6fffffffff,28.2
2024_E_MOBILE,8328a8fffffffff,28.5
2024_E_MOBILE,8328a9fffffffff,12.9
2024_E_MOBILE,8328aafffffffff,24.6
2024_E_MOBILE,8328abfffffffff,20.9
2024_E_MOBILE,8328acfffffffff,29.8
2024_E_MOBILE,8328adfffffffff,29.2
2024_E_MOBILE,8328aefffffffff,33.2
2024_E_MOBILE,8328b0fffffffff,15.2
2024_E_MOBILE,8328b1fffffffff,17.4
2024_E_MOBILE,8328b2fffffffff,15.5
2024_E_MOBILE,8328b3fffffffff,16.0
2024_E_MOBILE,8328b4fffffffff,14.3
2024_E_MOBILE,8328b5fffffffff,24.4
2024_E_MOBILE,8328b6fffffffff,7.6
2024_E_MOBILE,8328c2fffffffff,26.3
2024_E_MOBILE,8328c6fffffffff,16.8
2024_E_MOBILE,8328d0fffffffff,13.2
2024_E_MOBILE,8328d1fffffffff,9.5
2024_E_MOBILE,8328d2fffffffff,13.4
2024_E_MOBILE,8328d3fffffffff,5.9
2024_E_MOBILE,8328d4fffffffff,8.6
2024_E_MOBILE,8328d5fffffffff,12.9
2024_E_MOBILE,8328d6fffffffff,18.2
2024_E_MOBILE,8328defffffffff,9.1
2024_E_MOBILE,8328f0fffffffff,11.1
2024_E_MOBILE,8328f1fffffffff,13.5
2024_E_MOBILE,8328f2fffffffff,16.1
2024_E_MOBILE,8328f3fffffffff,17.9
2024_E_MOBILE,8328f4fffffffff,18.9
2024_E_MOBILE,8328f5fffffffff,17.9
2024_E_MOBILE,8328f6fffffffff,23.7
2024_E_MOBILE,832912fffffffff,8.6
2024_E_MOBILE,832913fffffffff,2.4
2024_E_MOBILE,83291afffffffff,13.4
2024_E_MOBILE,832980fffffffff,22.1
2024_E_MOBILE,832981fffffffff,28.9
2024_E_MOBILE,832982fffffffff,16.4
2024_E_MOBILE,832983fffffffff,23.8
2024_E_MOBILE,832984fffffffff,31.1
2024_E_MOBILE,832985fffffffff,20.0
2024_E_MOBILE,832986fffffffff,20.6
2024_E_MOBILE,832988fffffffff,27.0
2024_E_MOBILE,832989fffffffff,12.1
2024_E_MOBILE,83298afffffffff,48.4
2024_E_MOBILE,83298bfffffffff,35.7
2024_E_MOBILE,83298cfffffffff,22.0
2024_E_MOBILE,83298dfffffffff,7.2
2024_E_MOBILE,83298efffffffff,43.8
2024_E_MOBILE,832990fffffffff,9.3
2024_E_MOBILE,832991fffffffff,8.6
2024_E_MOBILE,832992fffffffff,12.9
2024_E_MOBILE,832993fffffffff,7.2
2024_E_MOBILE,832994fffffffff,23.6
2024_E_MOBILE,832995fffffffff,28.8
2024_E_MOBILE,832996fffffffff,17.9
2024_E_MOBILE,832998fffffffff,20.9
2024_E_MOBILE,832999fffffffff,44.5
2024_E_MOBILE,83299afffffffff,15.6
2024_E_MOBILE,83299bfffffffff,27.3
2024_E_MOBILE,83299cfffffffff,29.0
2024_E_MOBILE,83299dfffffffff,51.9
2024_E_MOBILE,83299efffffffff,3.5
2024_E_MOBILE,8329a0fffffffff,9.7
2024_E_MOBILE,8329a1fffffffff,8.8
2024_E_MOBILE,8329a2fffffffff,23.6
2024_E_MOBILE,8329a3fffffffff,16.4
2024_E_MOBILE,8329a4fffffffff,9.2
2024_E_MOBILE,8329a5fffffffff,3.8
2024_E_MOBILE,8329a6fffffffff,33.9
2024_E_MOBILE,8329a8fffffffff,17.1
2024_E_MOBILE,8329a9fffffffff,13.6
2024_E_MOBILE,8329aafffffffff,19.3
2024_E_MOBILE,8329abfffffffff,14.8
2024_E_MOBILE,8329acfffffffff,12.2
2024_E_MOBILE,8329adfffffffff,17.3
2024_E_MOBILE,8329aefffffffff,27.4
2024_E_MOBILE,8329b0fffffffff,46.2
2024_E_MOBILE,8329b1fffffffff,46.8
2024_E_MOBILE,8329b2fffffffff,25.7
2024_E_MOBILE,8329b3fffffffff,37.6
2024_E_MOBILE,8329b4fffffffff,48.9
2024_E_MOBILE,8329b5fffffffff,45.7
2024_E_MOBILE,8329b6fffffffff,16.7
2024_E_MOBILE,832a06fffffffff,0.1
2024_E_MOBILE,832a10fffffffff,0.4
2024_E_MOBILE,832a12fffffffff,3.8
2024_E_MOBILE,832a13fffffffff,2.6
2024_E_MOBILE,832a14fffffffff,1.4
2024_E_MOBILE,832a15fffffffff,3.0
2024_E_MOBILE,832a16fffffffff,7.4
2024_E_MOBILE,832a30fffffffff,2.3
2024_E_MOBILE,832a31fffffffff,2.3
2024_E_MOBILE,832a32fffffffff,4.0
2024_E_MOBILE,832a33fffffffff,1.9
2024_E_MOBILE,832a34fffffffff,8.9
2024_E_MOBILE,832a36fffffffff,7.1
2024_E_MOBILE,832a80fffffffff,16.8
2024_E_MOBILE,832a81fffffffff,15.8
2024_E_MOBILE,832a82fffffffff,19.8
2024_E_MOBILE,832a83fffffffff,25.9
2024_E_MOBILE,832a84fffffffff,9.9
2024_E_MOBILE,832a85fffffffff,13.9
2024_E_MOBILE,832a86fffffffff,11.6
2024_E_MOBILE,832a88fffffffff,20.6
2024_E_MOBILE,832a89fffffffff,26.2
2024_E_MOBILE,832a8afffffffff,19.1
2024_E_MOBILE,832a8bfffffffff,18.7
2024_E_MOBILE,832a8cfffffffff,11.9
2024_E_MOBILE,832a8dfffffffff,14.6
2024_E_MOBILE,832a8efffffffff,15.4
2024_E_MOBILE,832a90fffffffff,5.5
2024_E_MOBILE,832a91fffffffff,17.0
2024_E_MOBILE,832a92fffffffff,6.5
2024_E_MOBILE,832a93fffffffff,9.0
2024_E_MOBILE,832a94fffffffff,6.8
2024_E_MOBILE,832a95fffffffff,8.0
2024_E_MOBILE,832a96fffffffff,5.4
2024_E_MOBILE,832a98fffffffff,36.6
2024_E_MOBILE,832a99fffffffff,22.5
2024_E_MOBILE,832a9afffffffff,26.1
2024_E_MOBILE,832a9bfffffffff,26.8
2024_E_MOBILE,832a9cfffffffff,26.2
2024_E_MOBILE,832a9dfffffffff,22.3
2024_E_MOBILE,832a9efffffffff,26.0
2024_E_MOBILE,832aa0fffffffff,14.8
2024_E_MOBILE,832aa1fffffffff,8.0
2024_E_MOBILE,832aa2fffffffff,12.2
2024_E_MOBILE,832aa3fffffffff,13.2
2024_E_MOBILE,832aa4fffffffff,14.9
2024_E_MOBILE,832aa5fffffffff,11.6
2024_E_MOBILE,832aa6fffffffff,12.5
2024_E_MOBILE,832aa8fffffffff,2.1
2024_E_MOBILE,832aa9fffffffff,10.1
2024_E_MOBILE,832aaafffffffff,2.9
2024_E_MOBILE,832aabfffffffff,7.2
2024_E_MOBILE,832aacfffffffff,3.9
2024_E_MOBILE,832aadfffffffff,12.0
2024_E_MOBILE,832aaefffffffff,7.1
2024_E_MOBILE,832ab1fffffffff,11.8
2024_E_MOBILE,832ab2fffffffff,5.2
2024_E_MOBILE,832ab3fffffffff,3.7
2024_E_MOBILE,832ab5fffffffff,11.1
2024_E_MOBILE,832ab6fffffffff,7.2
2024_E_MOBILE,832ad0fffffffff,32.1
2024_E_MOBILE,832ad2fffffffff,40.0
2024_E_MOBILE,832ad3fffffffff,31.1
2024_E_MOBILE,832ad4fffffffff,32.9
2024_E_MOBILE,832ad5fffffffff,15.5
2024_E_MOBILE,832ad6fffffffff,21.7
2024_E_MOBILE,832af0fffffffff,11.9
2024_E_MOBILE,832af2fffffffff,25.0
2024_E_MOBILE,832af3fffffffff,28.7
2024_E_MOBILE,832af6fffffffff,8.5
2024_E_MOBILE,832b10fffffffff,7.1
2024_E_MOBILE,832b11fffffffff,10.0
2024_E_MOBILE,832b12fffffffff,6.6
2024_E_MOBILE,832b13fffffffff,6.4
2024_E_MOBILE,832b18fffffffff,10.0
2024_E_MOBILE,832b1afffffffff,14.1
2024_E_MOBILE,832b1bfffffffff,2.8
2024_E_MOBILE,832b1efffffffff,10.6
2024_E_MOBILE,832b81fffffffff,11.8
2024_E_MOBILE,832b88fffffffff,11.3
2024_E_MOBILE,832b89fffffffff,8.7
2024_E_MOBILE,832b8afffffffff,14.1
2024_E_MOBILE,832b8bfffffffff,15.9
2024_E_MOBILE,832b8cfffffffff,9.8
2024_E_MOBILE,832b8dfffffffff,6.6
2024_E_MOBILE,832b8efffffffff,13.2
2024_E_MOBILE,832b99fffffffff,5.9
2024_E_MOBILE,832b9bfffffffff,4.0
2024_E_MOBILE,832ba8fffffffff,11.0
2024_E_MOBILE,832ba9fffffffff,9.9
2024_E_MOBILE,832babfffffffff,9.1
2024_E_MOBILE,832bacfffffffff,5.8
2024_E_MOBILE,832badfffffffff,5.9
2024_E_MOBILE,834412fffffffff,15.0
2024_E_MOBILE,834413fffffffff,15.1
2024_E_MOBILE,834414fffffffff,0.0
2024_E_MOBILE,834416fffffffff,10.1
2024_E_MOBILE,83441afffffffff,24.1
2024_E_MOBILE,83441bfffffffff,41.6
2024_E_MOBILE,83441efffffffff,7.8
2024_E_MOBILE,834440fffffffff,28.2
2024_E_MOBILE,834441fffffffff,30.1
2024_E_MOBILE,834442fffffffff,32.0
2024_E_MOBILE,834443fffffffff,30.5
2024_E_MOBILE,834444fffffffff,23.1
2024_E_MOBILE,834445fffffffff,26.9
2024_E_MOBILE,834446fffffffff,18.1
2024_E_MOBILE,834448fffffffff,27.0
2024_E_MOBILE,834449fffffffff,23.0
2024_E_MOBILE,83444afffffffff,27.2
2024_E_MOBILE,83444bfffffffff,23.9
2024_E_MOBILE,83444cfffffffff,34.4
2024_E_MOBILE,83444dfffffffff,25.2
2024_E_MOBILE,83444efffffffff,30.0
2024_E_MOBILE,834450fffffffff,21.7
2024_E_MOBILE,834451fffffffff,28.8
2024_E_MOBILE,834452fffffffff,22.3
2024_E_MOBILE,834453fffffffff,31.4
2024_E_MOBILE,834455fffffffff,22.8
2024_E_MOBILE,834456fffffffff,10.1
2024_E_MOBILE,834458fffffffff,24.1
2024_E_MOBILE,834459fffffffff,18.1
2024_E_MOBILE,83445afffffffff,24.6
2024_E_MOBILE,83445bfffffffff,26.5
2024_E_MOBILE,83445cfffffffff,26.2
2024_E_MOBILE,83445dfffffffff,25.1
2024_E_MOBILE,83445efffffffff,29.4
2024_E_MOBILE,834463fffffffff,53.6
2024_E_MOBILE,834468fffffffff,25.5
2024_E_MOBILE,834469fffffffff,29.3
2024_E_MOBILE,83446afffffffff,36.5
2024_E_MOBILE,83446bfffffffff,28.5
2024_E_MOBILE,83446cfffffffff,13.8
2024_E_MOBILE,83446dfffffffff,20.2
2024_E_MOBILE,83446efffffffff,27.3
2024_E_MOBILE,834471fffffffff,18.0
2024_E_MOBILE,834473fffffffff,39.6
2024_E_MOBILE,8344a1fffffffff,3.2
2024_E_MOBILE,8344a5fffffffff,1.9
2024_E_MOBILE,8344a8fffffffff,21.5
2024_E_MOBILE,8344a9fffffffff,15.9
2024_E_MOBILE,8344abfffffffff,4.5
2024_E_MOBILE,8344acfffffffff,17.2
2024_E_MOBILE,8344adfffffffff,32.1
2024_E_MOBILE,8344aefffffffff,5.0
2024_E_MOBILE,8344c0fffffffff,32.5
2024_E_MOBILE,8344c1fffffffff,6.6
2024_E_MOBILE,8344c2fffffffff,28.6
2024_E_MOBILE,8344c3fffffffff,26.0
2024_E_MOBILE,8344c4fffffffff,31.5
2024_E_MOBILE,8344c5fffffffff,24.9
2024_E_MOBILE,8344c6fffffffff,34.5
2024_E_MOBILE,8344c8fffffffff,21.3
2024_E_MOBILE,8344c9fffffffff,20.8
2024_E_MOBILE,8344cafffffffff,16.4
2024_E_MOBILE,8344cbfffffffff,26.9
2024_E_MOBILE,8344ccfffffffff,16.5
2024_E_MOBILE,8344cdfffffffff,20.2
2024_E_MOBILE,8344cefffffffff,16.1
2024_E_MOBILE,8344d0fffffffff,22.6
2024_E_MOBILE,8344d1fffffffff,37.9
2024_E_MOBILE,8344d2fffffffff,31.7
2024_E_MOBILE,8344d3fffffffff,41.5
2024_E_MOBILE,8344d5fffffffff,23.9
2024_E_MOBILE,8344d8fffffffff,22.6
2024_E_MOBILE,8344d9fffffffff,20.5
2024_E_MOBILE,8344dafffffffff,20.3
2024_E_MOBILE,8344dbfffffffff,22.9
2024_E_MOBILE,8344dcfffffffff,29.5
2024_E_MOBILE,8344ddfffffffff,20.2
2024_E_MOBILE,8344defffffffff,30.8
2024_E_MOBILE,8344e0fffffffff,37.1
2024_E_MOBILE,8344e1fffffffff,28.4
2024_E_MOBILE,8344e2fffffffff,32.9
2024_E_MOBILE,8344e3fffffffff,27.2
2024_E_MOBILE,8344e4fffffffff,25.3
2024_E_MOBILE,8344e5fffffffff,28.0
2024_E_MOBILE,8344e6fffffffff,38.8
2024_E_MOBILE,8344e8fffffffff,26.1
2024_E_MOBILE,8344e9fffffffff,26.7
2024_E_MOBILE,8344eafffffffff,19.3
2024_E_MOBILE,8344ebfffffffff,23.5
2024_E_MOBILE,8344ecfffffffff,31.1
2024_E_MOBILE,8344edfffffffff,31.7
2024_E_MOBILE,8344eefffffffff,29.1
2024_E_MOBILE,8344f0fffffffff,29.9
2024_E_MOBILE,8344f1fffffffff,35.9
2024_E_MOBILE,8344f3fffffffff,31.6
2024_E_MOBILE,8344f4fffffffff,34.6
2024_E_MOBILE,8344f5fffffffff,43.5
2024_E_MOBILE,8344f6fffffffff,23.1
2024_E_MOBILE,834859fffffffff,24.6
2024_E_MOBILE,83485afffffffff,8.0
2024_E_MOBILE,83485bfffffffff,43.3
2024_E_MOBILE,834880fffffffff,26.6
2024_E_MOBILE,834881fffffffff,17.1
2024_E_MOBILE,834882fffffffff,23.3
2024_E_MOBILE,834883fffffffff,22.5
2024_E_MOBILE,834886fffffffff,16.7
2024_E_MOBILE,834888fffffffff,18.5
2024_E_MOBILE,834889fffffffff,37.2
2024_E_MOBILE,83488afffffffff,15.3
2024_E_MOBILE,83488bfffffffff,22.5
2024_E_MOBILE,83488cfffffffff,10.0
2024_E_MOBILE,83488dfffffffff,19.1
2024_E_MOBILE,83488efffffffff,20.7
2024_E_MOBILE,834890fffffffff,14.4
2024_E_MOBILE,834891fffffffff,21.0
2024_E_MOBILE,834892fffffffff,12.3
2024_E_MOBILE,834893fffffffff,18.0
2024_E_MOBILE,834895fffffffff,17.2
2024_E_MOBILE,834898fffffffff,14.3
2024_E_MOBILE,834899fffffffff,16.0
2024_E_MOBILE,83489afffffffff,15.7
2024_E_MOBILE,83489bfffffffff,16.4
2024_E_MOBILE,83489cfffffffff,20.2
2024_E_MOBILE,83489dfffffffff,20.6
2024_E_MOBILE,83489efffffffff,22.5
2024_E_MOBILE,8348abfffffffff,12.6
2024_E_MOBILE,8348b1fffffffff,12.1
2024_E_MOBILE,8348b2fffffffff,10.8
2024_E_MOBILE,8348b3fffffffff,15.2
2024_E_MOBILE,8348c0fffffffff,36.8
2024_E_MOBILE,8348c1fffffffff,28.3
2024_E_MOBILE,8348c2fffffffff,46.2
2024_E_MOBILE,8348c3fffffffff,36.3
2024_E_MOBILE,8348c4fffffffff,42.4
2024_E_MOBILE,8348c5fffffffff,34.9
2024_E_MOBILE,8348c6fffffffff,29.4
2024_E_MOBILE,8348c8fffffffff,24.9
2024_E_MOBILE,8348c9fffffffff,15.2
2024_E_MOBILE,8348cafffffffff,23.1
2024_E_MOBILE,8348cbfffffffff,17.0
2024_E_MOBILE,8348ccfffffffff,18.1
2024_E_MOBILE,8348cdfffffffff,15.3
2024_E_MOBILE,8348cefffffffff,30.4
2024_E_MOBILE,8348d0fffffffff,33.8
2024_E_MOBILE,8348d1fffffffff,34.7
2024_E_MOBILE,8348d2fffffffff,21.5
2024_E_MOBILE,8348d3fffffffff,29.1
2024_E_MOBILE,8348d4fffffffff,32.0
2024_E_MOBILE,8348d5fffffffff,44.9
2024_E_MOBILE,8348d6fffffffff,26.4
2024_E_MOBILE,8348d8fffffffff,21.0
2024_E_MOBILE,8348d9fffffffff,24.4
2024_E_MOBILE,8348dafffffffff,33.9
2024_E_MOBILE,8348dbfffffffff,28.1
2024_E_MOBILE,8348dcfffffffff,42.7
2024_E_MOBILE,8348ddfffffffff,28.7
2024_E_MOBILE,8348defffffffff,31.2
2024_E_MOBILE,8348e3fffffffff,35.7
2024_E_MOBILE,8348e8fffffffff,26.5
2024_E_MOBILE,8348e9fffffffff,21.7
2024_E_MOBILE,8348eafffffffff,24.5
2024_E_MOBILE,8348ebfffffffff,21.4
2024_E_MOBILE,8348ecfffffffff,18.7
2024_E_MOBILE,8348edfffffffff,13.3
2024_E_MOBILE,8348eefffffffff,25.6
2024_E_MOBILE,8348f2fffffffff,18.8
2024_E_MOBILE,8348f3fffffffff,42.2
2024_E_MOBILE,8348f6fffffffff,12.5
2024_E_NEHD,8312c9fffffffff,15.9404
2024_E_NEHD,8312cafffffffff,14.9998
2024_E_NEHD,8312cbfffffffff,15.7044
2024_E_NEHD,8312d8fffffffff,11.8751
2024_E_NEHD,8312d9fffffffff,13.1656
2024_E_NEHD,8312dafffffffff,12.5424
2024_E_NEHD,8312dbfffffffff,13.0835
2024_E_NEHD,8312ddfffffffff,12.93
2024_E_NEHD,8312defffffffff,11.9135
2024_E_NEHD,832600fffffffff,14.2403
2024_E_NEHD,832601fffffffff,16.1676
2024_E_NEHD,832602fffffffff,11.8339
2024_E_NEHD,832603fffffffff,14.3897
2024_E_NEHD,832604fffffffff,13.9745
2024_E_NEHD,832605fffffffff,14.6589
2024_E_NEHD,832606fffffffff,14.5192
2024_E_NEHD,832608fffffffff,16.1509
2024_E_NEHD,832609fffffffff,12.9465
2024_E_NEHD,83260afffffffff,13.742
2024_E_NEHD,83260bfffffffff,11.8334
2024_E_NEHD,83260cfffffffff,16.0132
2024_E_NEHD,83260dfffffffff,15.6947
2024_E_NEHD,83260efffffffff,15.5472
2024_E_NEHD,832610fffffffff,12.1362
2024_E_NEHD,832611fffffffff,12.2184
2024_E_NEHD,832612fffffffff,15.5747
2024_E_NEHD,832613fffffffff,13.1829
2024_E_NEHD,832614fffffffff,12.9123
2024_E_NEHD,832615fffffffff,12.2595
2024_E_NEHD,832616fffffffff,12.7025
2024_E_NEHD,832618fffffffff,13.7142
2024_E_NEHD,832619fffffffff,11.9326
2024_E_NEHD,83261afffffffff,16.3507
2024_E_NEHD,83261bfffffffff,12.189
2024_E_NEHD,83261cfffffffff,13.6143
2024_E_NEHD,83261dfffffffff,14.0607
2024_E_NEHD,83261efffffffff,14.1098
2024_E_NEHD,832620fffffffff,16.2934
2024_E_NEHD,832621fffffffff,18.6582
2024_E_NEHD,832622fffffffff,14.6264
2024_E_NEHD,832623fffffffff,14.4911
2024_E_NEHD,832624fffffffff,15.7987
2024_E_NEHD,832625fffffffff,15.7532
2024_E_NEHD,832626fffffffff,17.6631
2024_E_NEHD,832628fffffffff,17.4527
2024_E_NEHD,832629fffffffff,14.006
2024_E_NEHD,83262afffffffff,18.4892
2024_E_NEHD,83262bfffffffff,18.4143
2024_E_NEHD,83262cfffffffff,17.3103
2024_E_NEHD,83262dfffffffff,11.5769
2024_E_NEHD,83262efffffffff,18.7807
2024_E_NEHD,832630fffffffff,14.9471
2024_E_NEHD,832631fffffffff,15.1478
2024_E_NEHD,832632fffffffff,13.7722
2024_E_NEHD,832633fffffffff,14.2038
2024_E_NEHD,832634fffffffff,14.9454
2024_E_NEHD,832635fffffffff,16.348
2024_E_NEHD,832636fffffffff,15.1599
2024_E_NEHD,832640fffffffff,6.6642
2024_E_NEHD,832641fffffffff,7.2179
2024_E_NEHD,832642fffffffff,7.5218
2024_E_NEHD,832643fffffffff,7.6214
2024_E_NEHD,832644fffffffff,5.3172
2024_E_NEHD,832645fffffffff,7.4279
2024_E_NEHD,832646fffffffff,8.0309
2024_E_NEHD,832648fffffffff,2.8752
2024_E_NEHD,832649fffffffff,3.205
2024_E_NEHD,83264afffffffff,4.145
2024_E_NEHD,83264bfffffffff,1.756
2024_E_NEHD,83264cfffffffff,5.8308
2024_E_NEHD,83264dfffffffff,5.1138
2024_E_NEHD,83264efffffffff,6.464
2024_E_NEHD,832650fffffffff,8.9992
2024_E_NEHD,832651fffffffff,10.3998
2024_E_NEHD,832652fffffffff,7.5231
2024_E_NEHD,832653fffffffff,8.9959
2024_E_NEHD,832654fffffffff,11.9769
2024_E_NEHD,832655fffffffff,11.5289
2024_E_NEHD,832656fffffffff,9.7999
2024_E_NEHD,832658fffffffff,5.4375
2024_E_NEHD,832659fffffffff,1.6041
2024_E_NEHD,83265afffffffff,3.6042
2024_E_NEHD,83265bfffffffff,1.4835
2024_E_NEHD,83265cfffffffff,7.9538
2024_E_NEHD,83265dfffffffff,6.9614
2024_E_NEHD,83265efffffffff,7.0002
2024_E_NEHD,832660fffffffff,10.7571
2024_E_NEHD,832661fffffffff,12.2543
2024_E_NEHD,832662fffffffff,9.731
2024_E_NEHD,832663fffffffff,7.8519
2024_E_NEHD,832664fffffffff,11.8737
2024_E_NEHD,832665fffffffff,12.1827
2024_E_NEHD,832666fffffffff,11.248
2024_E_NEHD,832668fffffffff,9.5664
2024_E_NEHD,832669fffffffff,11.1847
2024_E_NEHD,83266afffffffff,7.4344
2024_E_NEHD,83266bfffffffff,7.7735
2024_E_NEHD,83266cfffffffff,11.2412
2024_E_NEHD,83266dfffffffff,12.1042
2024_E_NEHD,83266efffffffff,7.7888
2024_E_NEHD,832670fffffffff,11.8595
2024_E_NEHD,832671fffffffff,9.3623
2024_E_NEHD,832672fffffffff,12.6506
2024_E_NEHD,832673fffffffff,10.6157
2024_E_NEHD,832674fffffffff,13.1014
2024_E_NEHD,832675fffffffff,10.5974
2024_E_NEHD,832676fffffffff,14.9297
2024_E_NEHD,832680fffffffff,21.6653
2024_E_NEHD,832681fffffffff,20.9562
2024_E_NEHD,832682fffffffff,23.074
2024_E_NEHD,832683fffffffff,22.5527
2024_E_NEHD,832684fffffffff,18.8431
2024_E_NEHD,832685fffffffff,16.613
2024_E_NEHD,832686fffffffff,20.6984
2024_E_NEHD,832688fffffffff,18.08
2024_E_NEHD,832689fffffffff,15.9792
2024_E_NEHD,83268afffffffff,23.3347
2024_E_NEHD,83268bfffffffff,16.4576
2024_E_NEHD,83268cfffffffff,17.6253
2024_E_NEHD,83268dfffffffff,16.9615
2024_E_NEHD,83268efffffffff,24.094
2024_E_NEHD,832690fffffffff,23.9609
2024_E_NEHD,832691fffffffff,22.4832
2024_E_NEHD,832692fffffffff,24.2203
2024_E_NEHD,832693fffffffff,24.2907
2024_E_NEHD,832694fffffffff,25.0281
2024_E_NEHD,832695fffffffff,22.7059
2024_E_NEHD,832696fffffffff,22.7816
2024_E_NEHD,832698fffffffff,24.3664
2024_E_NEHD,832699fffffffff,23.7519
2024_E_NEHD,83269afffffffff,21.0694
2024_E_NEHD,83269bfffffffff,19.411
2024_E_NEHD,83269cfffffffff,24.7867
2024_E_NEHD,83269dfffffffff,26.4138
2024_E_NEHD,83269efffffffff,22.2203
2024_E_NEHD,8326a0fffffffff,15.4834
2024_E_NEHD,8326a1fffffffff,15.7471
2024_E_NEHD,8326a2fffffffff,15.5942
2024_E_NEHD,8326a3fffffffff,15.822
2024_E_NEHD,8326a4fffffffff,12.1338
2024_E_NEHD,8326a5fffffffff,12.8013
2024_E_NEHD,8326a6fffffffff,13.9593
2024_E_NEHD,8326a8fffffffff,17.2763
2024_E_NEHD,8326a9fffffffff,16.4905
2024_E_NEHD,8326aafffffffff,17.4449
2024_E_NEHD,8326abfffffffff,18.1842
2024_E_NEHD,8326acfffffffff,16.7627
2024_E_NEHD,8326adfffffffff,16.1846
2024_E_NEHD,8326aefffffffff,16.2926
2024_E_NEHD,8326b0fffffffff,18.4294
2024_E_NEHD,8326b1fffffffff,18.3088
2024_E_NEHD,8326b2fffffffff,19.2778
2024_E_NEHD,8326b3fffffffff,20.0145
2024_E_NEHD,8326b4fffffffff,17.7179
2024_E_NEHD,8326b5fffffffff,16.0801
2024_E_NEHD,8326b6fffffffff,18.2777
2024_E_NEHD,8326c0fffffffff,10.4759
2024_E_NEHD,8326c1fffffffff,9.0214
2024_E_NEHD,8326c2fffffffff,14.0389
2024_E_NEHD,8326c3fffffffff,12.2513
2024_E_NEHD,8326c4fffffffff,9.5578
2024_E_NEHD,8326c5fffffffff,6.6359
2024_E_NEHD,8326c6fffffffff,12.6154
2024_E_NEHD,8326c8fffffffff,13.6561
2024_E_NEHD,8326c9fffffffff,13.0533
2024_E_NEHD,8326cafffffffff,16.0667
2024_E_NEHD,8326cbfffffffff,15.7586
2024_E_NEHD,8326ccfffffffff,8.9348
2024_E_NEHD,8326cdfffffffff,9.1388
2024_E_NEHD,8326cefffffffff,11.7355
2024_E_NEHD,8326d0fffffffff,14.6772
2024_E_NEHD,8326d1fffffffff,16.3786
2024_E_NEHD,8326d2fffffffff,15.6368
2024_E_NEHD,8326d3fffffffff,16.4139
2024_E_NEHD,8326d4fffffffff,14.4064
2024_E_NEHD,8326d5fffffffff,14.6672
2024_E_NEHD,8326d6fffffffff,14.8419
2024_E_NEHD,8326d8fffffffff,17.1465
2024_E_NEHD,8326d9fffffffff,16.9065
2024_E_NEHD,8326dafffffffff,19.7696
2024_E_NEHD,8326dbfffffffff,18.9659
2024_E_NEHD,8326dcfffffffff,14.5961
2024_E_NEHD,8326ddfffffffff,14.6663
2024_E_NEHD,8326defffffffff,19.0681
2024_E_NEHD,8326e0fffffffff,7.5926
2024_E_NEHD,8326e1fffffffff,5.8664
2024_E_NEHD,8326e2fffffffff,9.7
2024_E_NEHD,8326e3fffffffff,6.4678
2024_E_NEHD,8326e4fffffffff,10.0045
2024_E_NEHD,8326e5fffffffff,8.2343
2024_E_NEHD,8326e6fffffffff,9.9819
2024_E_NEHD,8326e8fffffffff,3.5988
2024_E_NEHD,8326e9fffffffff,2.0135
2024_E_NEHD,8326eafffffffff,5.9277
2024_E_NEHD,8326ebfffffffff,4.9389
2024_E_NEHD,8326ecfffffffff,8.5556
2024_E_NEHD,8326edfffffffff,6.917
2024_E_NEHD,8326eefffffffff,6.2464
2024_E_NEHD,8326f0fffffffff,14.1722
2024_E_NEHD,8326f1fffffffff,11.3979
2024_E_NEHD,8326f2fffffffff,15.269
2024_E_NEHD,8326f3fffffffff,14.0861
2024_E_NEHD,8326f4fffffffff,15.646
2024_E_NEHD,8326f5fffffffff,12.446
2024_E_NEHD,8326f6fffffffff,16.4669
2024_E_NEHD,832708fffffffff,15.7438
2024_E_NEHD,832709fffffffff,16.1402
2024_E_NEHD,83270afffffffff,15.0807
2024_E_NEHD,83270bfffffffff,15.3551
2024_E_NEHD,83270dfffffffff,15.3897
2024_E_NEHD,83270efffffffff,17.4889
2024_E_NEHD,832718fffffffff,18.2841
2024_E_NEHD,832719fffffffff,17.5223
2024_E_NEHD,83271afffffffff,17.5336
2024_E_NEHD,83271bfffffffff,17.3988
2024_E_NEHD,83271cfffffffff,18.2446
2024_E_NEHD,83271dfffffffff,16.7138
2024_E_NEHD,83271efffffffff,18.8948
2024_E_NEHD,832740fffffffff,11.1328
2024_E_NEHD,832741fffffffff,10.8166
2024_E_NEHD,832742fffffffff,10.0615
2024_E_NEHD,832743fffffffff,9.694
2024_E_NEHD,832744fffffffff,12.5146
2024_E_NEHD,832745fffffffff,14.3455
2024_E_NEHD,832746fffffffff,10.863
2024_E_NEHD,832748fffffffff,11.1527
2024_E_NEHD,832749fffffffff,11.6376
2024_E_NEHD,83274bfffffffff,10.2472
2024_E_NEHD,83274cfffffffff,11.2709
2024_E_NEHD,83274dfffffffff,11.9556
2024_E_NEHD,83274efffffffff,11.6922
2024_E_NEHD,832750fffffffff,13.0339
2024_E_NEHD,832751fffffffff,9.6065
2024_E_NEHD,832752fffffffff,16.6299
2024_E_NEHD,832753fffffffff,10.5211
2024_E_NEHD,832754fffffffff,13.8382
2024_E_NEHD,832755fffffffff,11.8912
2024_E_NEHD,832756fffffffff,16.2289
2024_E_NEHD,832758fffffffff,10.1461
2024_E_NEHD,832759fffffffff,11.8764
2024_E_NEHD,83275afffffffff,10.7304
2024_E_NEHD,83275bfffffffff,11.2855
2024_E_NEHD,83275cfffffffff,7.7967
2024_E_NEHD,83275dfffffffff,9.8703
2024_E_NEHD,83275efffffffff,9.3431
2024_E_NEHD,832763fffffffff,14.5362
2024_E_NEHD,832768fffffffff,12.804
2024_E_NEHD,83276afffffffff,11.1211
2024_E_NEHD,83276bfffffffff,13.2209
2024_E_NEHD,83276efffffffff,14.9482
2024_E_NEHD,832770fffffffff,13.7524
2024_E_NEHD,832771fffffffff,10.825
2024_E_NEHD,832772fffffffff,13.811
2024_E_NEHD,832773fffffffff,10.9483
2024_E_NEHD,832780fffffffff,17.1033
2024_E_NEHD,832781fffffffff,17.1321
2024_E_NEHD,832782fffffffff,16.1037
2024_E_NEHD,832783fffffffff,15.4398
2024_E_NEHD,832784fffffffff,17.5541
2024_E_NEHD,832785fffffffff,16.7217
2024_E_NEHD,832786fffffffff,16.9047
2024_E_NEHD,832788fffffffff,12.9767
2024_E_NEHD,832789fffffffff,12.8352
2024_E_NEHD,83278afffffffff,12.3488
2024_E_NEHD,83278bfffffffff,12.1242
2024_E_NEHD,83278cfffffffff,13.9399
2024_E_NEHD,83278dfffffffff,13.7557
2024_E_NEHD,83278efffffffff,14.184
2024_E_NEHD,832790fffffffff,14.0203
2024_E_NEHD,832791fffffffff,14.1879
2024_E_NEHD,832792fffffffff,13.98
2024_E_NEHD,832793fffffffff,14.6468
2024_E_NEHD,832794fffffffff,14.8765
2024_E_NEHD,832795fffffffff,15.1773
2024_E_NEHD,832796fffffffff,13.8513
2024_E_NEHD,832798fffffffff,11.7951
2024_E_NEHD,832799fffffffff,12.2595
2024_E_NEHD,83279afffffffff,15.219
2024_E_NEHD,83279bfffffffff,14.3657
2024_E_NEHD,83279cfffffffff,14.05
2024_E_NEHD,83279dfffffffff,12.4561
2024_E_NEHD,83279efffffffff,14.1018
2024_E_NEHD,8327a3fffffffff,17.1441
2024_E_NEHD,8327a8fffffffff,15.833
2024_E_NEHD,8327a9fffffffff,15.7243
2024_E_NEHD,8327aafffffffff,15.6414
2024_E_NEHD,8327abfffffffff,14.9277
2024_E_NEHD,8327acfffffffff,15.8153
2024_E_NEHD,8327adfffffffff,17.3807
2024_E_NEHD,8327aefffffffff,16.023
2024_E_NEHD,8327b3fffffffff,15.5579
2024_E_NEHD,832800fffffffff,9.6933
2024_E_NEHD,832802fffffffff,12.7592
2024_E_NEHD,832806fffffffff,14.1527
2024_E_NEHD,832810fffffffff,18.2581
2024_E_NEHD,832811fffffffff,17.1992
2024_E_NEHD,832812fffffffff,19.9972
2024_E_NEHD,832813fffffffff,15.9231
2024_E_NEHD,832814fffffffff,23.2443
2024_E_NEHD,832815fffffffff,20.9423
2024_E_NEHD,832816fffffffff,21.2077
2024_E_NEHD,832818fffffffff,16.6291
2024_E_NEHD,83281afffffffff,19.1465
2024_E_NEHD,83281bfffffffff,14.0424
2024_E_NEHD,83281cfffffffff,14.1197
2024_E_NEHD,83281efffffffff,18.5782
2024_E_NEHD,832830fffffffff,14.0967
2024_E_NEHD,832831fffffffff,13.2013
2024_E_NEHD,832832fffffffff,21.1197
2024_E_NEHD,832833fffffffff,20.8111
2024_E_NEHD,832834fffffffff,13.6109
2024_E_NEHD,832835fffffffff,10.9602
2024_E_NEHD,832836fffffffff,15.8946
2024_E_NEHD,832880fffffffff,15.1056
2024_E_NEHD,832881fffffffff,15.8332
2024_E_NEHD,832882fffffffff,18.3463
2024_E_NEHD,832883fffffffff,17.8815
2024_E_NEHD,832884fffffffff,14.61
2024_E_NEHD,832885fffffffff,14.9091
2024_E_NEHD,832886fffffffff,16.4651
2024_E_NEHD,832888fffffffff,14.9316
2024_E_NEHD,832889fffffffff,14.644
2024_E_NEHD,83288afffffffff,14.1674
2024_E_NEHD,83288bfffffffff,14.3977
2024_E_NEHD,83288cfffffffff,16.255
2024_E_NEHD,83288dfffffffff,15.1529
2024_E_NEHD,83288efffffffff,15.7867
2024_E_NEHD,832890fffffffff,21.923
2024_E_NEHD,832891fffffffff,20.2583
2024_E_NEHD,832892fffffffff,18.6713
2024_E_NEHD,832893fffffffff,18.8916
2024_E_NEHD,832894fffffffff,15.6074
2024_E_NEHD,832895fffffffff,18.2965
2024_E_NEHD,832896fffffffff,17.9071
2024_E_NEHD,832898fffffffff,15.3447
2024_E_NEHD,832899fffffffff,14.0682
2024_E_NEHD,83289afffffffff,14.7255
2024_E_NEHD,83289bfffffffff,14.1973
2024_E_NEHD,83289cfffffffff,18.5517
2024_E_NEHD,83289dfffffffff,17.0289
2024_E_NEHD,83289efffffffff,16.1053
2024_E_NEHD,8328a0fffffffff,19.5138
2024_E_NEHD,8328a1fffffffff,18.9035
2024_E_NEHD,8328a2fffffffff,17.6335
2024_E_NEHD,8328a3fffffffff,15.866
2024_E_NEHD,8328a4fffffffff,22.5065
2024_E_NEHD,8328a5fffffffff,21.4449
2024_E_NEHD,8328a6fffffffff,20.4856
2024_E_NEHD,8328a8fffffffff,19.5174
2024_E_NEHD,8328a9fffffffff,19.6451
2024_E_NEHD,8328aafffffffff,17.057
2024_E_NEHD,8328abfffffffff,18.1442
2024_E_NEHD,8328acfffffffff,18.2181
2024_E_NEHD,8328adfffffffff,17.8019
2024_E_NEHD,8328aefffffffff,18.3475
2024_E_NEHD,8328b0fffffffff,19.1086
2024_E_NEHD,8328b1fffffffff,16.8558
2024_E_NEHD,8328b2fffffffff,18.1336
2024_E_NEHD,8328b3fffffffff,17.0953
2024_E_NEHD,8328b4fffffffff,19.8568
2024_E_NEHD,8328b5fffffffff,19.6569
2024_E_NEHD,8328b6fffffffff,21.224
2024_E_NEHD,8328c2fffffffff,13.2675
2024_E_NEHD,8328c6fffffffff,13.935
2024_E_NEHD,8328d0fffffffff,16.2389
2024_E_NEHD,8328d1fffffffff,13.5686
2024_E_NEHD,8328d2fffffffff,14.0884
2024_E_NEHD,8328d3fffffffff,17.3228
2024_E_NEHD,8328d4fffffffff,15.2037
2024_E_NEHD,8328d5fffffffff,14.4867
2024_E_NEHD,8328d6fffffffff,13.4925
2024_E_NEHD,8328defffffffff,12.4691
2024_E_NEHD,8328f0fffffffff,14.8142
2024_E_NEHD,8328f1fffffffff,13.6009
2024_E_NEHD,8328f2fffffffff,15.4612
2024_E_NEHD,8328f3fffffffff,13.783
2024_E_NEHD,8328f4fffffffff,16.0553
2024_E_NEHD,8328f5fffffffff,12.4392
2024_E_NEHD,8328f6fffffffff,15.9804
2024_E_NEHD,832912fffffffff,12.7272
2024_E_NEHD,832913fffffffff,14.9547
2024_E_NEHD,832916fffffffff,15.2
2024_E_NEHD,83291afffffffff,16.0717
2024_E_NEHD,832980fffffffff,20.9795
2024_E_NEHD,832981fffffffff,22.0383
2024_E_NEHD,832982fffffffff,21.6549
2024_E_NEHD,832983fffffffff,22.0098
2024_E_NEHD,832984fffffffff,20.5474
2024_E_NEHD,832985fffffffff,24.7472
2024_E_NEHD,832986fffffffff,19.1029
2024_E_NEHD,832988fffffffff,22.1172
2024_E_NEHD,832989fffffffff,22.9756
2024_E_NEHD,83298afffffffff,23.2077
2024_E_NEHD,83298bfffffffff,23.7817
2024_E_NEHD,83298cfffffffff,23.1679
2024_E_NEHD,83298dfffffffff,23.4784
2024_E_NEHD,83298efffffffff,22.1664
2024_E_NEHD,832990fffffffff,21.0714
2024_E_NEHD,832991fffffffff,21.7211
2024_E_NEHD,832992fffffffff,22.1864
2024_E_NEHD,832993fffffffff,23.5618
2024_E_NEHD,832994fffffffff,20.1316
2024_E_NEHD,832995fffffffff,20.8463
2024_E_NEHD,832996fffffffff,20.4086
2024_E_NEHD,832998fffffffff,21.7964
2024_E_NEHD,832999fffffffff,22.1172
2024_E_NEHD,83299afffffffff,21.7886
2024_E_NEHD,83299bfffffffff,21.3709
2024_E_NEHD,83299cfffffffff,22.0545
2024_E_NEHD,83299dfffffffff,22.2722
2024_E_NEHD,83299efffffffff,21.1445
2024_E_NEHD,8329a0fffffffff,16.864
2024_E_NEHD,8329a1fffffffff,17.6459
2024_E_NEHD,8329a2fffffffff,19.3108
2024_E_NEHD,8329a3fffffffff,20.7383
2024_E_NEHD,8329a4fffffffff,15.8711
2024_E_NEHD,8329a5fffffffff,19.632
2024_E_NEHD,8329a6fffffffff,18.1976
2024_E_NEHD,8329a8fffffffff,16.472
2024_E_NEHD,8329a9fffffffff,16.0785
2024_E_NEHD,8329aafffffffff,24.8472
2024_E_NEHD,8329abfffffffff,20.3549
2024_E_NEHD,8329acfffffffff,17.7844
2024_E_NEHD,8329adfffffffff,17.2944
2024_E_NEHD,8329aefffffffff,22.4959
2024_E_NEHD,8329b0fffffffff,18.0966
2024_E_NEHD,8329b1fffffffff,18.3751
2024_E_NEHD,8329b2fffffffff,18.1218
2024_E_NEHD,8329b3fffffffff,19.3544
2024_E_NEHD,8329b4fffffffff,16.4625
2024_E_NEHD,8329b5fffffffff,18.0401
2024_E_NEHD,8329b6fffffffff,17.155
2024_E_NEHD,832a06fffffffff,28.6123
2024_E_NEHD,832a10fffffffff,12.7026
2024_E_NEHD,832a12fffffffff,12.9211
2024_E_NEHD,832a13fffffffff,8.9014
2024_E_NEHD,832a14fffffffff,17.1026
2024_E_NEHD,832a15fffffffff,19.1566
2024_E_NEHD,832a16fffffffff,16.0138
2024_E_NEHD,832a30fffffffff,15.8417
2024_E_NEHD,832a31fffffffff,20.6333
2024_E_NEHD,832a32fffffffff,17.2884
2024_E_NEHD,832a33fffffffff,16.1572
2024_E_NEHD,832a34fffffffff,16.7417
2024_E_NEHD,832a36fffffffff,17.4574
2024_E_NEHD,832a80fffffffff,15.9912
2024_E_NEHD,832a81fffffffff,16.4536
2024_E_NEHD,832a82fffffffff,13.8828
2024_E_NEHD,832a83fffffffff,16.6438
2024_E_NEHD,832a84fffffffff,17.0369
2024_E_NEHD,832a85fffffffff,14.6314
2024_E_NEHD,832a86fffffffff,15.5512
2024_E_NEHD,832a88fffffffff,8.1977
2024_E_NEHD,832a89fffffffff,7.3044
2024_E_NEHD,832a8afffffffff,11.2629
2024_E_NEHD,832a8bfffffffff,6.8696
2024_E_NEHD,832a8cfffffffff,15.5658
2024_E_NEHD,832a8dfffffffff,8.1098
2024_E_NEHD,832a8efffffffff,16.7726
2024_E_NEHD,832a90fffffffff,11.6451
2024_E_NEHD,832a91fffffffff,13.3233
2024_E_NEHD,832a92fffffffff,11.8665
2024_E_NEHD,832a93fffffffff,10.2568
2024_E_NEHD,832a94fffffffff,12.3582
2024_E_NEHD,832a95fffffffff,12.4594
2024_E_NEHD,832a96fffffffff,10.7195
2024_E_NEHD,832a98fffffffff,17.0014
2024_E_NEHD,832a99fffffffff,16.7545
2024_E_NEHD,832a9afffffffff,12.2296
2024_E_NEHD,832a9bfffffffff,13.381
2024_E_NEHD,832a9cfffffffff,14.8221
2024_E_NEHD,832a9dfffffffff,19.5158
2024_E_NEHD,832a9efffffffff,12.915
2024_E_NEHD,832aa0fffffffff,12.5603
2024_E_NEHD,832aa1fffffffff,10.8337
2024_E_NEHD,832aa2fffffffff,14.9661
2024_E_NEHD,832aa3fffffffff,14.2322
2024_E_NEHD,832aa4fffffffff,13.8249
2024_E_NEHD,832aa5fffffffff,13.3113
2024_E_NEHD,832aa6fffffffff,13.5663
2024_E_NEHD,832aa8fffffffff,9.074
2024_E_NEHD,832aa9fffffffff,12.5368
2024_E_NEHD,832aaafffffffff,16.9168
2024_E_NEHD,832aabfffffffff,10.9427
2024_E_NEHD,832aacfffffffff,8.8598
2024_E_NEHD,832aadfffffffff,9.4757
2024_E_NEHD,832aaefffffffff,12.9132
2024_E_NEHD,832ab1fffffffff,14.9015
2024_E_NEHD,832ab2fffffffff,10.8846
2024_E_NEHD,832ab3fffffffff,13.5883
2024_E_NEHD,832ab5fffffffff,12.8807
2024_E_NEHD,832ab6fffffffff,12.652
2024_E_NEHD,832ad0fffffffff,9.6664
2024_E_NEHD,832ad2fffffffff,7.5996
2024_E_NEHD,832ad3fffffffff,8.6012
2024_E_NEHD,832ad4fffffffff,8.2826
2024_E_NEHD,832ad5fffffffff,11.5109
2024_E_NEHD,832ad6fffffffff,6.8457
2024_E_NEHD,832af0fffffffff,9.9416
2024_E_NEHD,832af2fffffffff,8.639
2024_E_NEHD,832af3fffffffff,10.5193
2024_E_NEHD,832af6fffffffff,9.8197
2024_E_NEHD,832b10fffffffff,16.926
2024_E_NEHD,832b11fffffffff,15.0629
2024_E_NEHD,832b12fffffffff,16.6
2024_E_NEHD,832b13fffffffff,15.4409
2024_E_NEHD,832b18fffffffff,15.14
2024_E_NEHD,832b1afffffffff,15.607
2024_E_NEHD,832b1bfffffffff,12.2456
2024_E_NEHD,832b1efffffffff,15.0299
2024_E_NEHD,832b81fffffffff,20.7002
2024_E_NEHD,832b88fffffffff,15.3254
2024_E_NEHD,832b89fffffffff,16.5784
2024_E_NEHD,832b8afffffffff,15.259
2024_E_NEHD,832b8bfffffffff,15.078
2024_E_NEHD,832b8cfffffffff,17.1645
2024_E_NEHD,832b8dfffffffff,16.8367
2024_E_NEHD,832b8efffffffff,19.6563
2024_E_NEHD,832b99fffffffff,13.7068
2024_E_NEHD,832b9bfffffffff,15.4136
2024_E_NEHD,832ba8fffffffff,15.0268
2024_E_NEHD,832ba9fffffffff,16.4513
2024_E_NEHD,832babfffffffff,16.4221
2024_E_NEHD,832bacfffffffff,14.9776
2024_E_NEHD,832badfffffffff,14.7217
2024_E_NEHD,834412fffffffff,19.9543
2024_E_NEHD,834413fffffffff,16.2107
2024_E_NEHD,834414fffffffff,16.4
2024_E_NEHD,834416fffffffff,16.4
2024_E_NEHD,83441afffffffff,11.0392
2024_E_NEHD,83441bfffffffff,8.4796
2024_E_NEHD,83441efffffffff,13.3886
2024_E_NEHD,834440fffffffff,3.5106
2024_E_NEHD,834441fffffffff,1.1909
2024_E_NEHD,834442fffffffff,2.9443
2024_E_NEHD,834443fffffffff,3.2625
2024_E_NEHD,834444fffffffff,4.911
2024_E_NEHD,834445fffffffff,3.3833
2024_E_NEHD,834446fffffffff,5.9342
2024_E_NEHD,834448fffffffff,2.0235
2024_E_NEHD,834449fffffffff,3.0408
2024_E_NEHD,83444afffffffff,1.8027
2024_E_NEHD,83444bfffffffff,1.0241
2024_E_NEHD,83444cfffffffff,2.7658
2024_E_NEHD,83444dfffffffff,7.1836
2024_E_NEHD,83444efffffffff,1.136
2024_E_NEHD,834450fffffffff,7.3348
2024_E_NEHD,834451fffffffff,3.359
2024_E_NEHD,834452fffffffff,8.8593
2024_E_NEHD,834453fffffffff,4.0484
2024_E_NEHD,834455fffffffff,6.9883
2024_E_NEHD,834456fffffffff,11.1962
2024_E_NEHD,834458fffffffff,0.7127
2024_E_NEHD,834459fffffffff,1.4327
2024_E_NEHD,83445afffffffff,1.5716
2024_E_NEHD,83445bfffffffff,1.0799
2024_E_NEHD,83445cfffffffff,1.04
2024_E_NEHD,83445dfffffffff,1.7064
2024_E_NEHD,83445efffffffff,1.8594
2024_E_NEHD,834463fffffffff,6.2195
2024_E_NEHD,834468fffffffff,10.7831
2024_E_NEHD,834469fffffffff,13.6496
2024_E_NEHD,83446afffffffff,3.6118
2024_E_NEHD,83446bfffffffff,9.3023
2024_E_NEHD,83446cfffffffff,16.3164
2024_E_NEHD,83446dfffffffff,15.0708
2024_E_NEHD,83446efffffffff,8.6859
2024_E_NEHD,834471fffffffff,6.1951
2024_E_NEHD,834473fffffffff,10.5831
2024_E_NEHD,8344a1fffffffff,17.2943
2024_E_NEHD,8344a5fffffffff,19.8837
2024_E_NEHD,8344a8fffffffff,9.1125
2024_E_NEHD,8344a9fffffffff,10.0947
2024_E_NEHD,8344abfffffffff,7.2028
2024_E_NEHD,8344acfffffffff,12.3957
2024_E_NEHD,8344adfffffffff,10.5321
2024_E_NEHD,8344aefffffffff,13.068
2024_E_NEHD,8344c0fffffffff,9.0939
2024_E_NEHD,8344c1fffffffff,4.3405
2024_E_NEHD,8344c2fffffffff,6.7886
2024_E_NEHD,8344c3fffffffff,4.2504
2024_E_NEHD,8344c4fffffffff,7.9122
2024_E_NEHD,8344c5fffffffff,5.2862
2024_E_NEHD,8344c6fffffffff,11.0413
2024_E_NEHD,8344c8fffffffff,7.808
2024_E_NEHD,8344c9fffffffff,7.8873
2024_E_NEHD,8344cafffffffff,9.3486
2024_E_NEHD,8344cbfffffffff,9.4868
2024_E_NEHD,8344ccfffffffff,5.307
2024_E_NEHD,8344cdfffffffff,5.4838
2024_E_NEHD,8344cefffffffff,5.2352
2024_E_NEHD,8344d0fffffffff,10.2956
2024_E_NEHD,8344d1fffffffff,7.6622
2024_E_NEHD,8344d2fffffffff,10.4458
2024_E_NEHD,8344d3fffffffff,9.5927
2024_E_NEHD,8344d5fffffffff,9.9694
2024_E_NEHD,8344d8fffffffff,5.7847
2024_E_NEHD,8344d9fffffffff,8.4226
2024_E_NEHD,8344dafffffffff,5.383
2024_E_NEHD,8344dbfffffffff,7.5495
2024_E_NEHD,8344dcfffffffff,5.3677
2024_E_NEHD,8344ddfffffffff,5.0078
2024_E_NEHD,8344defffffffff,7.98
2024_E_NEHD,8344e0fffffffff,6.3955
2024_E_NEHD,8344e1fffffffff,8.863
2024_E_NEHD,8344e2fffffffff,5.3265
2024_E_NEHD,8344e3fffffffff,7.1745
2024_E_NEHD,8344e4fffffffff,8.6721
2024_E_NEHD,8344e5fffffffff,5.3249
2024_E_NEHD,8344e6fffffffff,7.0257
2024_E_NEHD,8344e8fffffffff,5.4649
2024_E_NEHD,8344e9fffffffff,2.4657
2024_E_NEHD,8344eafffffffff,3.9046
2024_E_NEHD,8344ebfffffffff,3.9185
2024_E_NEHD,8344ecfffffffff,8.5904
2024_E_NEHD,8344edfffffffff,2.601
2024_E_NEHD,8344eefffffffff,7.47
2024_E_NEHD,8344f0fffffffff,7.9106
2024_E_NEHD,8344f1fffffffff,7.851
2024_E_NEHD,8344f3fffffffff,10.2339
2024_E_NEHD,8344f4fffffffff,9.5478
2024_E_NEHD,8344f5fffffffff,6.0899
2024_E_NEHD,8344f6fffffffff,11.1118
2024_E_NEHD,834859fffffffff,17.6074
2024_E_NEHD,83485afffffffff,14.25
2024_E_NEHD,83485bfffffffff,17.455
2024_E_NEHD,834880fffffffff,15.2402
2024_E_NEHD,834881fffffffff,18.7789
2024_E_NEHD,834882fffffffff,13.9504
2024_E_NEHD,834883fffffffff,17.8516
2024_E_NEHD,834886fffffffff,11.9214
2024_E_NEHD,834888fffffffff,19.3257
2024_E_NEHD,834889fffffffff,18.1574
2024_E_NEHD,83488afffffffff,18.7558
2024_E_NEHD,83488bfffffffff,19.4137
2024_E_NEHD,83488cfffffffff,18.9278
2024_E_NEHD,83488dfffffffff,15.2784
2024_E_NEHD,83488efffffffff,18.2695
2024_E_NEHD,834890fffffffff,14.9225
2024_E_NEHD,834891fffffffff,12.8069
2024_E_NEHD,834892fffffffff,18.8124
2024_E_NEHD,834893fffffffff,15.7123
2024_E_NEHD,834895fffffffff,10.0941
2024_E_NEHD,834898fffffffff,17.1108
2024_E_NEHD,834899fffffffff,18.3094
2024_E_NEHD,83489afffffffff,16.286
2024_E_NEHD,83489bfffffffff,17.8498
2024_E_NEHD,83489cfffffffff,16.8141
2024_E_NEHD,83489dfffffffff,17.7017
2024_E_NEHD,83489efffffffff,15.809
2024_E_NEHD,8348abfffffffff,14.6
2024_E_NEHD,8348b1fffffffff,8.9739
2024_E_NEHD,8348b2fffffffff,13.7375
2024_E_NEHD,8348b3fffffffff,10.2087
2024_E_NEHD,8348c0fffffffff,15.676
2024_E_NEHD,8348c1fffffffff,17.369
2024_E_NEHD,8348c2fffffffff,14.8671
2024_E_NEHD,8348c3fffffffff,16.6864
2024_E_NEHD,8348c4fffffffff,15.522
2024_E_NEHD,8348c5fffffffff,16.2671
2024_E_NEHD,8348c6fffffffff,14.676
2024_E_NEHD,8348c8fffffffff,18.5954
2024_E_NEHD,8348c9fffffffff,17.8194
2024_E_NEHD,8348cafffffffff,18.1966
2024_E_NEHD,8348cbfffffffff,18.5754
2024_E_NEHD,8348ccfffffffff,17.8955
2024_E_NEHD,8348cdfffffffff,17.6396
2024_E_NEHD,8348cefffffffff,17.8591
2024_E_NEHD,8348d0fffffffff,17.7201
2024_E_NEHD,8348d1fffffffff,15.8571
2024_E_NEHD,8348d2fffffffff,17.5777
2024_E_NEHD,8348d3fffffffff,15.9508
2024_E_NEHD,8348d4fffffffff,17.6076
2024_E_NEHD,8348d5fffffffff,15.6997
2024_E_NEHD,8348d6fffffffff,18.3509
2024_E_NEHD,8348d8fffffffff,16.1329
2024_E_NEHD,8348d9fffffffff,19.3114
2024_E_NEHD,8348dafffffffff,14.9845
2024_E_NEHD,8348dbfffffffff,19.8169
2024_E_NEHD,8348dcfffffffff,16.0317
2024_E_NEHD,8348ddfffffffff,16.5282
2024_E_NEHD,8348defffffffff,15.2115
2024_E_NEHD,8348e3fffffffff,15.1978
2024_E_NEHD,8348e8fffffffff,15.4101
2024_E_NEHD,8348e9fffffffff,15.6145
2024_E_NEHD,8348eafffffffff,16.4495
2024_E_NEHD,8348ebfffffffff,17.3419
2024_E_NEHD,8348ecfffffffff,13.1182
2024_E_NEHD,8348edfffffffff,14.4146
2024_E_NEHD,8348eefffffffff,13.2335
2024_E_NEHD,8348f2fffffffff,16.1316
2024_E_NEHD,8348f3fffffffff,15.589
2024_E_NEHD,8348f6fffffffff,16.0865
2024_E_NOHSDP,8312c9fffffffff,13.1
2024_E_NOHSDP,8312cafffffffff,3.7
2024_E_NOHSDP,8312cbfffffffff,7.4
2024_E_NOHSDP,8312d8fffffffff,9.8
2024_E_NOHSDP,8312d9fffffffff,9.1
2024_E_NOHSDP,8312dafffffffff,13.6
2024_E_NOHSDP,8312dbfffffffff,7.2
2024_E_NOHSDP,8312ddfffffffff,11.4
2024_E_NOHSDP,8312defffffffff,9.5
2024_E_NOHSDP,832600fffffffff,7.8
2024_E_NOHSDP,832601fffffffff,7.9
2024_E_NOHSDP,832602fffffffff,8.3
2024_E_NOHSDP,832603fffffffff,7.0
2024_E_NOHSDP,832604fffffffff,6.9
2024_E_NOHSDP,832605fffffffff,7.1
2024_E_NOHSDP,832606fffffffff,9.8
2024_E_NOHSDP,832608fffffffff,6.2
2024_E_NOHSDP,832609fffffffff,9.3
2024_E_NOHSDP,83260afffffffff,5.8
2024_E_NOHSDP,83260bfffffffff,7.7
2024_E_NOHSDP,83260cfffffffff,6.5
2024_E_NOHSDP,83260dfffffffff,5.2
2024_E_NOHSDP,83260efffffffff,6.9
2024_E_NOHSDP,832610fffffffff,15.5
2024_E_NOHSDP,832611fffffffff,5.3
2024_E_NOHSDP,832612fffffffff,12.7
2024_E_NOHSDP,832613fffffffff,4.9
2024_E_NOHSDP,832614fffffffff,5.9
2024_E_NOHSDP,832615fffffffff,8.6
2024_E_NOHSDP,832616fffffffff,8.4
2024_E_NOHSDP,832618fffffffff,6.8
2024_E_NOHSDP,832619fffffffff,5.5
2024_E_NOHSDP,83261afffffffff,6.8
2024_E_NOHSDP,83261bfffffffff,7.3
2024_E_NOHSDP,83261cfffffffff,4.2
2024_E_NOHSDP,83261dfffffffff,7.0
2024_E_NOHSDP,83261efffffffff,5.8
2024_E_NOHSDP,832620fffffffff,6.4
2024_E_NOHSDP,832621fffffffff,5.7
2024_E_NOHSDP,832622fffffffff,7.3
2024_E_NOHSDP,832623fffffffff,6.6
2024_E_NOHSDP,832624fffffffff,7.4
2024_E_NOHSDP,832625fffffffff,7.4
2024_E_NOHSDP,832626fffffffff,5.7
2024_E_NOHSDP,832628fffffffff,6.0
2024_E_NOHSDP,832629fffffffff,5.6
2024_E_NOHSDP,83262afffffffff,7.0
2024_E_NOHSDP,83262bfffffffff,5.2
2024_E_NOHSDP,83262cfffffffff,5.0
2024_E_NOHSDP,83262dfffffffff,6.3
2024_E_NOHSDP,83262efffffffff,6.5
2024_E_NOHSDP,832630fffffffff,12.8
2024_E_NOHSDP,832631fffffffff,8.6
2024_E_NOHSDP,832632fffffffff,10.9
2024_E_NOHSDP,832633fffffffff,6.1
2024_E_NOHSDP,832634fffffffff,7.5
2024_E_NOHSDP,832635fffffffff,7.5
2024_E_NOHSDP,832636fffffffff,8.5
2024_E_NOHSDP,832640fffffffff,8.3
2024_E_NOHSDP,832641fffffffff,10.3
2024_E_NOHSDP,832642fffffffff,13.1
2024_E_NOHSDP,832643fffffffff,14.4
2024_E_NOHSDP,832644fffffffff,8.3
2024_E_NOHSDP,832645fffffffff,10.0
2024_E_NOHSDP,832646fffffffff,9.2
2024_E_NOHSDP,832648fffffffff,14.1
2024_E_NOHSDP,832649fffffffff,12.8
2024_E_NOHSDP,83264afffffffff,14.5
2024_E_NOHSDP,83264bfffffffff,16.6
2024_E_NOHSDP,83264cfffffffff,11.4
2024_E_NOHSDP,83264dfffffffff,9.2
2024_E_NOHSDP,83264efffffffff,14.2
2024_E_NOHSDP,832650fffffffff,12.3
2024_E_NOHSDP,832651fffffffff,11.9
2024_E_NOHSDP,832652fffffffff,9.3
2024_E_NOHSDP,832653fffffffff,11.6
2024_E_NOHSDP,832654fffffffff,9.2
2024_E_NOHSDP,832655fffffffff,9.4
2024_E_NOHSDP,832656fffffffff,6.9
2024_E_NOHSDP,832658fffffffff,14.9
2024_E_NOHSDP,832659fffffffff,16.1
2024_E_NOHSDP,83265afffffffff,15.3
2024_E_NOHSDP,83265bfffffffff,14.4
2024_E_NOHSDP,83265cfffffffff,15.3
2024_E_NOHSDP,83265dfffffffff,16.7
2024_E_NOHSDP,83265efffffffff,13.9
2024_E_NOHSDP,832660fffffffff,8.0
2024_E_NOHSDP,832661fffffffff,9.0
2024_E_NOHSDP,832662fffffffff,5.5
2024_E_NOHSDP,832663fffffffff,8.3
2024_E_NOHSDP,832664fffffffff,8.4
2024_E_NOHSDP,832665fffffffff,10.0
2024_E_NOHSDP,832666fffffffff,7.4
2024_E_NOHSDP,832668fffffffff,10.7
2024_E_NOHSDP,832669fffffffff,15.7
2024_E_NOHSDP,83266afffffffff,9.2
2024_E_NOHSDP,83266bfffffffff,16.4
2024_E_NOHSDP,83266cfffffffff,9.8
2024_E_NOHSDP,83266dfffffffff,10.3
2024_E_NOHSDP,83266efffffffff,12.0
2024_E_NOHSDP,832670fffffffff,8.4
2024_E_NOHSDP,832671fffffffff,8.1
2024_E_NOHSDP,832672fffffffff,10.7
2024_E_NOHSDP,832673fffffffff,10.7
2024_E_NOHSDP,832674fffffffff,5.4
2024_E_NOHSDP,832675fffffffff,6.8
2024_E_NOHSDP,832676fffffffff,5.9
2024_E_NOHSDP,832680fffffffff,9.7
2024_E_NOHSDP,832681fffffffff,4.6
2024_E_NOHSDP,832682fffffffff,13.3
2024_E_NOHSDP,832683fffffffff,7.1
2024_E_NOHSDP,832684fffffffff,10.4
2024_E_NOHSDP,832685fffffffff,4.5
2024_E_NOHSDP,832686fffffffff,13.5
2024_E_NOHSDP,832688fffffffff,7.2
2024_E_NOHSDP,832689fffffffff,11.4
2024_E_NOHSDP,83268afffffffff,7.8
2024_E_NOHSDP,83268bfffffffff,10.2
2024_E_NOHSDP,83268cfffffffff,4.4
2024_E_NOHSDP,83268dfffffffff,10.8
2024_E_NOHSDP,83268efffffffff,4.9
2024_E_NOHSDP,832690fffffffff,7.0
2024_E_NOHSDP,832691fffffffff,9.1
2024_E_NOHSDP,832692fffffffff,9.5
2024_E_NOHSDP,832693fffffffff,8.3
2024_E_NOHSDP,832694fffffffff,4.8
2024_E_NOHSDP,832695fffffffff,10.5
2024_E_NOHSDP,832696fffffffff,6.2
2024_E_NOHSDP,832698fffffffff,6.8
2024_E_NOHSDP,832699fffffffff,7.5
2024_E_NOHSDP,83269afffffffff,13.8
2024_E_NOHSDP,83269bfffffffff,17.4
2024_E_NOHSDP,83269cfffffffff,6.7
2024_E_NOHSDP,83269dfffffffff,3.8
2024_E_NOHSDP,83269efffffffff,5.7
2024_E_NOHSDP,8326a0fffffffff,6.7
2024_E_NOHSDP,8326a1fffffffff,5.9
2024_E_NOHSDP,8326a2fffffffff,6.4
2024_E_NOHSDP,8326a3fffffffff,5.6
2024_E_NOHSDP,8326a4fffffffff,9.9
2024_E_NOHSDP,8326a5fffffffff,8.4
2024_E_NOHSDP,8326a6fffffffff,6.8
2024_E_NOHSDP,8326a8fffffffff,8.9
2024_E_NOHSDP,8326a9fffffffff,11.2
2024_E_NOHSDP,8326aafffffffff,8.0
2024_E_NOHSDP,8326abfffffffff,10.4
2024_E_NOHSDP,8326acfffffffff,8.1
2024_E_NOHSDP,8326adfffffffff,6.8
2024_E_NOHSDP,8326aefffffffff,6.0
2024_E_NOHSDP,8326b0fffffffff,6.8
2024_E_NOHSDP,8326b1fffffffff,7.2
2024_E_NOHSDP,8326b2fffffffff,5.5
2024_E_NOHSDP,8326b3fffffffff,6.6
2024_E_NOHSDP,8326b4fffffffff,7.1
2024_E_NOHSDP,8326b5fffffffff,7.3
2024_E_NOHSDP,8326b6fffffffff,4.9
2024_E_NOHSDP,8326c0fffffffff,9.6
2024_E_NOHSDP,8326c1fffffffff,10.1
2024_E_NOHSDP,8326c2fffffffff,13.2
2024_E_NOHSDP,8326c3fffffffff,12.3
2024_E_NOHSDP,8326c4fffffffff,8.3
2024_E_NOHSDP,8326c5fffffffff,9.3
2024_E_NOHSDP,8326c6fffffffff,11.4
2024_E_NOHSDP,8326c8fffffffff,9.4
2024_E_NOHSDP,8326c9fffffffff,13.5
2024_E_NOHSDP,8326cafffffffff,11.2
2024_E_NOHSDP,8326cbfffffffff,14.9
2024_E_NOHSDP,8326ccfffffffff,13.1
2024_E_NOHSDP,8326cdfffffffff,13.8
2024_E_NOHSDP,8326cefffffffff,11.0
2024_E_NOHSDP,8326d0fffffffff,16.8
2024_E_NOHSDP,8326d1fffffffff,10.6
2024_E_NOHSDP,8326d2fffffffff,13.3
2024_E_NOHSDP,8326d3fffffffff,24.9
2024_E_NOHSDP,8326d4fffffffff,14.7
2024_E_NOHSDP,8326d5fffffffff,17.5
2024_E_NOHSDP,8326d6fffffffff,12.5
2024_E_NOHSDP,8326d8fffffffff,17.2
2024_E_NOHSDP,8326d9fffffffff,10.2
2024_E_NOHSDP,8326dafffffffff,17.5
2024_E_NOHSDP,8326dbfffffffff,12.2
2024_E_NOHSDP,8326dcfffffffff,18.0
2024_E_NOHSDP,8326ddfffffffff,14.1
2024_E_NOHSDP,8326defffffffff,19.9
2024_E_NOHSDP,8326e0fffffffff,7.6
2024_E_NOHSDP,8326e1fffffffff,9.3
2024_E_NOHSDP,8326e2fffffffff,7.3
2024_E_NOHSDP,8326e3fffffffff,6.9
2024_E_NOHSDP,8326e4fffffffff,5.2
2024_E_NOHSDP,8326e5fffffffff,5.1
2024_E_NOHSDP,8326e6fffffffff,5.3
2024_E_NOHSDP,8326e8fffffffff,12.8
2024_E_NOHSDP,8326e9fffffffff,15.2
2024_E_NOHSDP,8326eafffffffff,11.5
2024_E_NOHSDP,8326ebfffffffff,13.2
2024_E_NOHSDP,8326ecfffffffff,10.7
2024_E_NOHSDP,8326edfffffffff,12.4
2024_E_NOHSDP,8326eefffffffff,10.5
2024_E_NOHSDP,8326f0fffffffff,11.8
2024_E_NOHSDP,8326f1fffffffff,10.3
2024_E_NOHSDP,8326f2fffffffff,14.2
2024_E_NOHSDP,8326f3fffffffff,19.7
2024_E_NOHSDP,8326f4fffffffff,5.0
2024_E_NOHSDP,8326f5fffffffff,7.1
2024_E_NOHSDP,8326f6fffffffff,9.1
2024_E_NOHSDP,832708fffffffff,6.2
2024_E_NOHSDP,832709fffffffff,4.3
2024_E_NOHSDP,83270afffffffff,9.3
2024_E_NOHSDP,83270bfffffffff,7.1
2024_E_NOHSDP,83270dfffffffff,4.5
2024_E_NOHSDP,83270efffffffff,3.8
2024_E_NOHSDP,832718fffffffff,7.0
2024_E_NOHSDP,832719fffffffff,6.0
2024_E_NOHSDP,83271afffffffff,8.4
2024_E_NOHSDP,83271bfffffffff,4.9
2024_E_NOHSDP,83271cfffffffff,7.8
2024_E_NOHSDP,83271dfffffffff,6.0
2024_E_NOHSDP,83271efffffffff,11.8
2024_E_NOHSDP,832740fffffffff,6.6
2024_E_NOHSDP,832741fffffffff,8.8
2024_E_NOHSDP,832742fffffffff,8.2
2024_E_NOHSDP,832743fffffffff,6.0
2024_E_NOHSDP,832744fffffffff,7.6
2024_E_NOHSDP,832745fffffffff,6.5
2024_E_NOHSDP,832746fffffffff,6.5
2024_E_NOHSDP,832748fffffffff,6.9
2024_E_NOHSDP,832749fffffffff,7.5
2024_E_NOHSDP,83274bfffffffff,14.3
2024_E_NOHSDP,83274cfffffffff,10.2
2024_E_NOHSDP,83274dfffffffff,6.3
2024_E_NOHSDP,83274efffffffff,9.6
2024_E_NOHSDP,832750fffffffff,8.1
2024_E_NOHSDP,832751fffffffff,10.9
2024_E_NOHSDP,832752fffffffff,6.1
2024_E_NOHSDP,832753fffffffff,7.0
2024_E_NOHSDP,832754fffffffff,4.4
2024_E_NOHSDP,832755fffffffff,5.0
2024_E_NOHSDP,832756fffffffff,6.6
2024_E_NOHSDP,832758fffffffff,5.9
2024_E_NOHSDP,832759fffffffff,7.2
2024_E_NOHSDP,83275afffffffff,7.9
2024_E_NOHSDP,83275bfffffffff,7.5
2024_E_NOHSDP,83275cfffffffff,7.6
2024_E_NOHSDP,83275dfffffffff,5.1
2024_E_NOHSDP,83275efffffffff,9.7
2024_E_NOHSDP,832763fffffffff,7.5
2024_E_NOHSDP,832768fffffffff,7.7
2024_E_NOHSDP,83276afffffffff,10.3
2024_E_NOHSDP,83276bfffffffff,9.7
2024_E_NOHSDP,83276efffffffff,8.3
2024_E_NOHSDP,832770fffffffff,0.2
2024_E_NOHSDP,832771fffffffff,3.7
2024_E_NOHSDP,832772fffffffff,3.4
2024_E_NOHSDP,832773fffffffff,5.5
2024_E_NOHSDP,832780fffffffff,4.3
2024_E_NOHSDP,832781fffffffff,4.7
2024_E_NOHSDP,832782fffffffff,3.6
2024_E_NOHSDP,832783fffffffff,7.1
2024_E_NOHSDP,832784fffffffff,4.1
2024_E_NOHSDP,832785fffffffff,6.4
2024_E_NOHSDP,832786fffffffff,7.0
2024_E_NOHSDP,832788fffffffff,6.4
2024_E_NOHSDP,832789fffffffff,6.8
2024_E_NOHSDP,83278afffffffff,8.6
2024_E_NOHSDP,83278bfffffffff,6.7
2024_E_NOHSDP,83278cfffffffff,6.2
2024_E_NOHSDP,83278dfffffffff,9.0
2024_E_NOHSDP,83278efffffffff,5.5
2024_E_NOHSDP,832790fffffffff,7.2
2024_E_NOHSDP,832791fffffffff,5.1
2024_E_NOHSDP,832792fffffffff,6.1
2024_E_NOHSDP,832793fffffffff,4.6
2024_E_NOHSDP,832794fffffffff,14.2
2024_E_NOHSDP,832795fffffffff,8.5
2024_E_NOHSDP,832796fffffffff,9.8
2024_E_NOHSDP,832798fffffffff,7.9
2024_E_NOHSDP,832799fffffffff,5.1
2024_E_NOHSDP,83279afffffffff,7.4
2024_E_NOHSDP,83279bfffffffff,8.7
2024_E_NOHSDP,83279cfffffffff,7.6
2024_E_NOHSDP,83279dfffffffff,9.1
2024_E_NOHSDP,83279efffffffff,6.2
2024_E_NOHSDP,8327a3fffffffff,9.1
2024_E_NOHSDP,8327a8fffffffff,7.7
2024_E_NOHSDP,8327a9fffffffff,7.9
2024_E_NOHSDP,8327aafffffffff,5.2
2024_E_NOHSDP,8327abfffffffff,8.5
2024_E_NOHSDP,8327acfffffffff,8.3
2024_E_NOHSDP,8327adfffffffff,9.0
2024_E_NOHSDP,8327aefffffffff,8.5
2024_E_NOHSDP,8327b3fffffffff,9.3
2024_E_NOHSDP,832800fffffffff,8.8
2024_E_NOHSDP,832802fffffffff,6.4
2024_E_NOHSDP,832806fffffffff,12.6
2024_E_NOHSDP,832810fffffffff,9.0
2024_E_NOHSDP,832811fffffffff,8.8
2024_E_NOHSDP,832812fffffffff,8.7
2024_E_NOHSDP,832813fffffffff,14.4
2024_E_NOHSDP,832814fffffffff,7.3
2024_E_NOHSDP,832815fffffffff,9.3
2024_E_NOHSDP,832816fffffffff,10.5
2024_E_NOHSDP,832818fffffffff,9.0
2024_E_NOHSDP,83281afffffffff,9.6
2024_E_NOHSDP,83281bfffffffff,7.8
2024_E_NOHSDP,83281cfffffffff,8.7
2024_E_NOHSDP,83281efffffffff,8.3
2024_E_NOHSDP,832830fffffffff,9.0
2024_E_NOHSDP,832831fffffffff,11.5
2024_E_NOHSDP,832832fffffffff,7.6
2024_E_NOHSDP,832833fffffffff,18.5
2024_E_NOHSDP,832834fffffffff,9.1
2024_E_NOHSDP,832835fffffffff,3.8
2024_E_NOHSDP,832836fffffffff,18.6
2024_E_NOHSDP,832880fffffffff,6.1
2024_E_NOHSDP,832881fffffffff,9.5
2024_E_NOHSDP,832882fffffffff,7.8
2024_E_NOHSDP,832883fffffffff,5.4
2024_E_NOHSDP,832884fffffffff,12.4
2024_E_NOHSDP,832885fffffffff,16.5
2024_E_NOHSDP,832886fffffffff,8.6
2024_E_NOHSDP,832888fffffffff,15.2
2024_E_NOHSDP,832889fffffffff,18.6
2024_E_NOHSDP,83288afffffffff,8.1
2024_E_NOHSDP,83288bfffffffff,11.2
2024_E_NOHSDP,83288cfffffffff,7.0
2024_E_NOHSDP,83288dfffffffff,15.4
2024_E_NOHSDP,83288efffffffff,7.2
2024_E_NOHSDP,832890fffffffff,6.2
2024_E_NOHSDP,832891fffffffff,5.6
2024_E_NOHSDP,832892fffffffff,3.5
2024_E_NOHSDP,832893fffffffff,5.2
2024_E_NOHSDP,832894fffffffff,15.1
2024_E_NOHSDP,832895fffffffff,10.6
2024_E_NOHSDP,832896fffffffff,5.5
2024_E_NOHSDP,832898fffffffff,7.3
2024_E_NOHSDP,832899fffffffff,9.9
2024_E_NOHSDP,83289afffffffff,7.3
2024_E_NOHSDP,83289bfffffffff,6.9
2024_E_NOHSDP,83289cfffffffff,5.5
2024_E_NOHSDP,83289dfffffffff,6.9
2024_E_NOHSDP,83289efffffffff,8.5
2024_E_NOHSDP,8328a0fffffffff,15.7
2024_E_NOHSDP,8328a1fffffffff,14.4
2024_E_NOHSDP,8328a2fffffffff,21.7
2024_E_NOHSDP,8328a3fffffffff,18.2
2024_E_NOHSDP,8328a4fffffffff,12.3
2024_E_NOHSDP,8328a5fffffffff,13.3
2024_E_NOHSDP,8328a6fffffffff,15.9
2024_E_NOHSDP,8328a8fffffffff,10.1
2024_E_NOHSDP,8328a9fffffffff,6.3
2024_E_NOHSDP,8328aafffffffff,11.5
2024_E_NOHSDP,8328abfffffffff,9.9
2024_E_NOHSDP,8328acfffffffff,13.1
2024_E_NOHSDP,8328adfffffffff,11.2
2024_E_NOHSDP,8328aefffffffff,14.8
2024_E_NOHSDP,8328b0fffffffff,12.5
2024_E_NOHSDP,8328b1fffffffff,17.9
2024_E_NOHSDP,8328b2fffffffff,10.3
2024_E_NOHSDP,8328b3fffffffff,15.0
2024_E_NOHSDP,8328b4fffffffff,11.5
2024_E_NOHSDP,8328b5fffffffff,19.9
2024_E_NOHSDP,8328b6fffffffff,6.3
2024_E_NOHSDP,8328c2fffffffff,10.9
2024_E_NOHSDP,8328c6fffffffff,9.7
2024_E_NOHSDP,8328d0fffffffff,9.5
2024_E_NOHSDP,8328d1fffffffff,6.0
2024_E_NOHSDP,8328d2fffffffff,8.4
2024_E_NOHSDP,8328d3fffffffff,11.0
2024_E_NOHSDP,8328d4fffffffff,6.3
2024_E_NOHSDP,8328d5fffffffff,6.1
2024_E_NOHSDP,8328d6fffffffff,15.9
2024_E_NOHSDP,8328defffffffff,4.7
2024_E_NOHSDP,8328f0fffffffff,7.3
2024_E_NOHSDP,8328f1fffffffff,8.5
2024_E_NOHSDP,8328f2fffffffff,9.9
2024_E_NOHSDP,8328f3fffffffff,8.4
2024_E_NOHSDP,8328f4fffffffff,7.7
2024_E_NOHSDP,8328f5fffffffff,8.3
2024_E_NOHSDP,8328f6fffffffff,11.1
2024_E_NOHSDP,832912fffffffff,29.7
2024_E_NOHSDP,832913fffffffff,14.2
2024_E_NOHSDP,832916fffffffff,0.0
2024_E_NOHSDP,83291afffffffff,11.0
2024_E_NOHSDP,832980fffffffff,8.3
2024_E_NOHSDP,832981fffffffff,11.5
2024_E_NOHSDP,832982fffffffff,11.1
2024_E_NOHSDP,832983fffffffff,6.5
2024_E_NOHSDP,832984fffffffff,9.8
2024_E_NOHSDP,832985fffffffff,7.7
2024_E_NOHSDP,832986fffffffff,9.1
2024_E_NOHSDP,832988fffffffff,14.0
2024_E_NOHSDP,832989fffffffff,6.8
2024_E_NOHSDP,83298afffffffff,9.7
2024_E_NOHSDP,83298bfffffffff,14.9
2024_E_NOHSDP,83298cfffffffff,13.4
2024_E_NOHSDP,83298dfffffffff,7.5
2024_E_NOHSDP,83298efffffffff,11.4
2024_E_NOHSDP,832990fffffffff,5.5
2024_E_NOHSDP,832991fffffffff,7.8
2024_E_NOHSDP,832992fffffffff,4.9
2024_E_NOHSDP,832993fffffffff,9.1
2024_E_NOHSDP,832994fffffffff,11.8
2024_E_NOHSDP,832995fffffffff,12.7
2024_E_NOHSDP,832996fffffffff,21.6
2024_E_NOHSDP,832998fffffffff,8.4
2024_E_NOHSDP,832999fffffffff,7.6
2024_E_NOHSDP,83299afffffffff,15.9
2024_E_NOHSDP,83299bfffffffff,15.1
2024_E_NOHSDP,83299cfffffffff,11.1
2024_E_NOHSDP,83299dfffffffff,9.3
2024_E_NOHSDP,83299efffffffff,10.3
2024_E_NOHSDP,8329a0fffffffff,12.4
2024_E_NOHSDP,8329a1fffffffff,14.6
2024_E_NOHSDP,8329a2fffffffff,10.7
2024_E_NOHSDP,8329a3fffffffff,15.7
2024_E_NOHSDP,8329a4fffffffff,9.1
2024_E_NOHSDP,8329a5fffffffff,13.8
2024_E_NOHSDP,8329a6fffffffff,23.9
2024_E_NOHSDP,8329a8fffffffff,41.0
2024_E_NOHSDP,8329a9fffffffff,27.5
2024_E_NOHSDP,8329aafffffffff,9.3
2024_E_NOHSDP,8329abfffffffff,12.9
2024_E_NOHSDP,8329acfffffffff,16.7
2024_E_NOHSDP,8329adfffffffff,8.8
2024_E_NOHSDP,8329aefffffffff,13.1
2024_E_NOHSDP,8329b0fffffffff,13.1
2024_E_NOHSDP,8329b1fffffffff,16.9
2024_E_NOHSDP,8329b2fffffffff,8.5
2024_E_NOHSDP,8329b3fffffffff,13.3
2024_E_NOHSDP,8329b4fffffffff,17.0
2024_E_NOHSDP,8329b5fffffffff,19.3
2024_E_NOHSDP,8329b6fffffffff,9.0
2024_E_NOHSDP,832a06fffffffff,3.1
2024_E_NOHSDP,832a10fffffffff,6.6
2024_E_NOHSDP,832a12fffffffff,6.4
2024_E_NOHSDP,832a13fffffffff,7.1
2024_E_NOHSDP,832a14fffffffff,5.7
2024_E_NOHSDP,832a15fffffffff,6.6
2024_E_NOHSDP,832a16fffffffff,8.0
2024_E_NOHSDP,832a30fffffffff,4.3
2024_E_NOHSDP,832a31fffffffff,4.0
2024_E_NOHSDP,832a32fffffffff,5.8
2024_E_NOHSDP,832a33fffffffff,6.3
2024_E_NOHSDP,832a34fffffffff,4.9
2024_E_NOHSDP,832a36fffffffff,6.1
2024_E_NOHSDP,832a80fffffffff,10.7
2024_E_NOHSDP,832a81fffffffff,15.1
2024_E_NOHSDP,832a82fffffffff,11.3
2024_E_NOHSDP,832a83fffffffff,17.0
2024_E_NOHSDP,832a84fffffffff,6.7
2024_E_NOHSDP,832a85fffffffff,10.5
2024_E_NOHSDP,832a86fffffffff,12.8
2024_E_NOHSDP,832a88fffffffff,14.2
2024_E_NOHSDP,832a89fffffffff,14.2
2024_E_NOHSDP,832a8afffffffff,12.4
2024_E_NOHSDP,832a8bfffffffff,12.5
2024_E_NOHSDP,832a8cfffffffff,11.2
2024_E_NOHSDP,832a8dfffffffff,14.0
2024_E_NOHSDP,832a8efffffffff,13.0
2024_E_NOHSDP,832a90fffffffff,7.4
2024_E_NOHSDP,832a91fffffffff,13.6
2024_E_NOHSDP,832a92fffffffff,9.2
2024_E_NOHSDP,832a93fffffffff,8.8
2024_E_NOHSDP,832a94fffffffff,6.5
2024_E_NOHSDP,832a95fffffffff,9.5
2024_E_NOHSDP,832a96fffffffff,8.4
2024_E_NOHSDP,832a98fffffffff,24.1
2024_E_NOHSDP,832a99fffffffff,15.2
2024_E_NOHSDP,832a9afffffffff,20.0
2024_E_NOHSDP,832a9bfffffffff,20.0
2024_E_NOHSDP,832a9cfffffffff,13.7
2024_E_NOHSDP,832a9dfffffffff,18.0
2024_E_NOHSDP,832a9efffffffff,17.1
2024_E_NOHSDP,832aa0fffffffff,8.8
2024_E_NOHSDP,832aa1fffffffff,11.6
2024_E_NOHSDP,832aa2fffffffff,8.5
2024_E_NOHSDP,832aa3fffffffff,9.9
2024_E_NOHSDP,832aa4fffffffff,9.7
2024_E_NOHSDP,832aa5fffffffff,8.4
2024_E_NOHSDP,832aa6fffffffff,8.6
2024_E_NOHSDP,832aa8fffffffff,6.7
2024_E_NOHSDP,832aa9fffffffff,12.2
2024_E_NOHSDP,832aaafffffffff,8.8
2024_E_NOHSDP,832aabfffffffff,11.4
2024_E_NOHSDP,832aacfffffffff,9.3
2024_E_NOHSDP,832aadfffffffff,11.2
2024_E_NOHSDP,832aaefffffffff,9.5
2024_E_NOHSDP,832ab1fffffffff,10.7
2024_E_NOHSDP,832ab2fffffffff,7.9
2024_E_NOHSDP,832ab3fffffffff,8.4
2024_E_NOHSDP,832ab5fffffffff,9.6
2024_E_NOHSDP,832ab6fffffffff,8.4
2024_E_NOHSDP,832ad0fffffffff,12.8
2024_E_NOHSDP,832ad2fffffffff,18.6
2024_E_NOHSDP,832ad3fffffffff,11.9
2024_E_NOHSDP,832ad4fffffffff,16.0
2024_E_NOHSDP,832ad5fffffffff,7.5
2024_E_NOHSDP,832ad6fffffffff,10.8
2024_E_NOHSDP,832af0fffffffff,7.5
2024_E_NOHSDP,832af2fffffffff,15.4
2024_E_NOHSDP,832af3fffffffff,17.2
2024_E_NOHSDP,832af6fffffffff,9.1
2024_E_NOHSDP,832b10fffffffff,9.5
2024_E_NOHSDP,832b11fffffffff,9.4
2024_E_NOHSDP,832b12fffffffff,11.8
2024_E_NOHSDP,832b13fffffffff,8.7
2024_E_NOHSDP,832b18fffffffff,7.7
2024_E_NOHSDP,832b1afffffffff,6.7
2024_E_NOHSDP,832b1bfffffffff,4.0
2024_E_NOHSDP,832b1efffffffff,9.0
2024_E_NOHSDP,832b81fffffffff,9.7
2024_E_NOHSDP,832b88fffffffff,12.0
2024_E_NOHSDP,832b89fffffffff,7.5
2024_E_NOHSDP,832b8afffffffff,9.4
2024_E_NOHSDP,832b8bfffffffff,8.9
2024_E_NOHSDP,832b8cfffffffff,10.4
2024_E_NOHSDP,832b8dfffffffff,6.1
2024_E_NOHSDP,832b8efffffffff,10.8
2024_E_NOHSDP,832b99fffffffff,7.6
2024_E_NOHSDP,832b9bfffffffff,7.0
2024_E_NOHSDP,832ba8fffffffff,11.6
2024_E_NOHSDP,832ba9fffffffff,7.6
2024_E_NOHSDP,832babfffffffff,7.5
2024_E_NOHSDP,832bacfffffffff,7.5
2024_E_NOHSDP,832badfffffffff,6.5
2024_E_NOHSDP,834412fffffffff,21.7
2024_E_NOHSDP,834413fffffffff,13.0
2024_E_NOHSDP,834414fffffffff,4.5
2024_E_NOHSDP,834416fffffffff,5.3
2024_E_NOHSDP,83441afffffffff,11.5
2024_E_NOHSDP,83441bfffffffff,13.0
2024_E_NOHSDP,83441efffffffff,5.8
2024_E_NOHSDP,834440fffffffff,15.9
2024_E_NOHSDP,834441fffffffff,15.7
2024_E_NOHSDP,834442fffffffff,16.4
2024_E_NOHSDP,834443fffffffff,18.6
2024_E_NOHSDP,834444fffffffff,16.9
2024_E_NOHSDP,834445fffffffff,16.1
2024_E_NOHSDP,834446fffffffff,14.1
2024_E_NOHSDP,834448fffffffff,13.8
2024_E_NOHSDP,834449fffffffff,12.8
2024_E_NOHSDP,83444afffffffff,13.3
2024_E_NOHSDP,83444bfffffffff,10.4
2024_E_NOHSDP,83444cfffffffff,13.7
2024_E_NOHSDP,83444dfffffffff,13.0
2024_E_NOHSDP,83444efffffffff,15.4
2024_E_NOHSDP,834450fffffffff,13.8
2024_E_NOHSDP,834451fffffffff,13.6
2024_E_NOHSDP,834452fffffffff,11.7
2024_E_NOHSDP,834453fffffffff,16.9
2024_E_NOHSDP,834455fffffffff,11.6
2024_E_NOHSDP,834456fffffffff,6.8
2024_E_NOHSDP,834458fffffffff,18.4
2024_E_NOHSDP,834459fffffffff,20.5
2024_E_NOHSDP,83445afffffffff,15.6
2024_E_NOHSDP,83445bfffffffff,17.6
2024_E_NOHSDP,83445cfffffffff,14.2
2024_E_NOHSDP,83445dfffffffff,21.4
2024_E_NOHSDP,83445efffffffff,15.4
2024_E_NOHSDP,834463fffffffff,12.8
2024_E_NOHSDP,834468fffffffff,15.9
2024_E_NOHSDP,834469fffffffff,13.0
2024_E_NOHSDP,83446afffffffff,13.7
2024_E_NOHSDP,83446bfffffffff,15.7
2024_E_NOHSDP,83446cfffffffff,16.5
2024_E_NOHSDP,83446dfffffffff,11.0
2024_E_NOHSDP,83446efffffffff,13.0
2024_E_NOHSDP,834471fffffffff,26.5
2024_E_NOHSDP,834473fffffffff,19.7
2024_E_NOHSDP,8344a1fffffffff,30.1
2024_E_NOHSDP,8344a5fffffffff,37.3
2024_E_NOHSDP,8344a8fffffffff,13.8
2024_E_NOHSDP,8344a9fffffffff,10.3
2024_E_NOHSDP,8344abfffffffff,1.8
2024_E_NOHSDP,8344acfffffffff,25.1
2024_E_NOHSDP,8344adfffffffff,17.7
2024_E_NOHSDP,8344aefffffffff,7.5
2024_E_NOHSDP,8344c0fffffffff,14.2
2024_E_NOHSDP,8344c1fffffffff,10.3
2024_E_NOHSDP,8344c2fffffffff,15.3
2024_E_NOHSDP,8344c3fffffffff,15.9
2024_E_NOHSDP,8344c4fffffffff,16.1
2024_E_NOHSDP,8344c5fffffffff,16.2
2024_E_NOHSDP,8344c6fffffffff,19.5
2024_E_NOHSDP,8344c8fffffffff,13.4
2024_E_NOHSDP,8344c9fffffffff,16.2
2024_E_NOHSDP,8344cafffffffff,10.1
2024_E_NOHSDP,8344cbfffffffff,19.8
2024_E_NOHSDP,8344ccfffffffff,14.7
2024_E_NOHSDP,8344cdfffffffff,15.6
2024_E_NOHSDP,8344cefffffffff,12.6
2024_E_NOHSDP,8344d0fffffffff,10.0
2024_E_NOHSDP,8344d1fffffffff,15.8
2024_E_NOHSDP,8344d2fffffffff,14.1
2024_E_NOHSDP,8344d3fffffffff,16.7
2024_E_NOHSDP,8344d5fffffffff,11.6
2024_E_NOHSDP,8344d8fffffffff,12.7
2024_E_NOHSDP,8344d9fffffffff,12.4
2024_E_NOHSDP,8344dafffffffff,14.4
2024_E_NOHSDP,8344dbfffffffff,14.3
2024_E_NOHSDP,8344dcfffffffff,15.2
2024_E_NOHSDP,8344ddfffffffff,11.2
2024_E_NOHSDP,8344defffffffff,14.4
2024_E_NOHSDP,8344e0fffffffff,15.9
2024_E_NOHSDP,8344e1fffffffff,16.1
2024_E_NOHSDP,8344e2fffffffff,15.5
2024_E_NOHSDP,8344e3fffffffff,18.0
2024_E_NOHSDP,8344e4fffffffff,14.6
2024_E_NOHSDP,8344e5fffffffff,9.9
2024_E_NOHSDP,8344e6fffffffff,14.3
2024_E_NOHSDP,8344e8fffffffff,13.9
2024_E_NOHSDP,8344e9fffffffff,16.5
2024_E_NOHSDP,8344eafffffffff,15.5
2024_E_NOHSDP,8344ebfffffffff,16.6
2024_E_NOHSDP,8344ecfffffffff,15.5
2024_E_NOHSDP,8344edfffffffff,14.5
2024_E_NOHSDP,8344eefffffffff,17.1
2024_E_NOHSDP,8344f0fffffffff,12.6
2024_E_NOHSDP,8344f1fffffffff,19.3
2024_E_NOHSDP,8344f3fffffffff,14.2
2024_E_NOHSDP,8344f4fffffffff,12.4
2024_E_NOHSDP,8344f5fffffffff,15.9
2024_E_NOHSDP,8344f6fffffffff,12.0
2024_E_NOHSDP,834859fffffffff,24.4
2024_E_NOHSDP,83485afffffffff,4.9
2024_E_NOHSDP,83485bfffffffff,12.5
2024_E_NOHSDP,834880fffffffff,31.0
2024_E_NOHSDP,834881fffffffff,37.1
2024_E_NOHSDP,834882fffffffff,26.6
2024_E_NOHSDP,834883fffffffff,23.4
2024_E_NOHSDP,834886fffffffff,29.6
2024_E_NOHSDP,834888fffffffff,18.2
2024_E_NOHSDP,834889fffffffff,26.7
2024_E_NOHSDP,83488afffffffff,17.3
2024_E_NOHSDP,83488bfffffffff,18.1
2024_E_NOHSDP,83488cfffffffff,6.9
2024_E_NOHSDP,83488dfffffffff,12.5
2024_E_NOHSDP,83488efffffffff,15.0
2024_E_NOHSDP,834890fffffffff,15.2
2024_E_NOHSDP,834891fffffffff,16.5
2024_E_NOHSDP,834892fffffffff,12.5
2024_E_NOHSDP,834893fffffffff,17.8
2024_E_NOHSDP,834895fffffffff,22.8
2024_E_NOHSDP,834898fffffffff,9.2
2024_E_NOHSDP,834899fffffffff,14.8
2024_E_NOHSDP,83489afffffffff,10.7
2024_E_NOHSDP,83489bfffffffff,11.4
2024_E_NOHSDP,83489cfffffffff,11.0
2024_E_NOHSDP,83489dfffffffff,11.9
2024_E_NOHSDP,83489efffffffff,13.3
2024_E_NOHSDP,8348abfffffffff,8.5
2024_E_NOHSDP,8348b1fffffffff,37.5
2024_E_NOHSDP,8348b2fffffffff,30.5
2024_E_NOHSDP,8348b3fffffffff,41.0
2024_E_NOHSDP,8348c0fffffffff,16.5
2024_E_NOHSDP,8348c1fffffffff,6.0
2024_E_NOHSDP,8348c2fffffffff,7.7
2024_E_NOHSDP,8348c3fffffffff,7.1
2024_E_NOHSDP,8348c4fffffffff,23.7
2024_E_NOHSDP,8348c5fffffffff,14.5
2024_E_NOHSDP,8348c6fffffffff,18.8
2024_E_NOHSDP,8348c8fffffffff,18.8
2024_E_NOHSDP,8348c9fffffffff,19.0
2024_E_NOHSDP,8348cafffffffff,20.7
2024_E_NOHSDP,8348cbfffffffff,21.5
2024_E_NOHSDP,8348ccfffffffff,16.8
2024_E_NOHSDP,8348cdfffffffff,5.7
2024_E_NOHSDP,8348cefffffffff,9.8
2024_E_NOHSDP,8348d0fffffffff,20.5
2024_E_NOHSDP,8348d1fffffffff,9.8
2024_E_NOHSDP,8348d2fffffffff,23.1
2024_E_NOHSDP,8348d3fffffffff,16.1
2024_E_NOHSDP,8348d4fffffffff,20.6
2024_E_NOHSDP,8348d5fffffffff,25.0
2024_E_NOHSDP,8348d6fffffffff,30.2
2024_E_NOHSDP,8348d8fffffffff,9.7
2024_E_NOHSDP,8348d9fffffffff,26.1
2024_E_NOHSDP,8348dafffffffff,12.0
2024_E_NOHSDP,8348dbfffffffff,10.4
2024_E_NOHSDP,8348dcfffffffff,13.7
2024_E_NOHSDP,8348ddfffffffff,18.8
2024_E_NOHSDP,8348defffffffff,19.4
2024_E_NOHSDP,8348e3fffffffff,15.1
2024_E_NOHSDP,8348e8fffffffff,13.8
2024_E_NOHSDP,8348e9fffffffff,20.8
2024_E_NOHSDP,8348eafffffffff,16.4
2024_E_NOHSDP,8348ebfffffffff,13.0
2024_E_NOHSDP,8348ecfffffffff,16.9
2024_E_NOHSDP,8348edfffffffff,17.8
2024_E_NOHSDP,8348eefffffffff,8.6
2024_E_NOHSDP,8348f2fffffffff,21.0
2024_E_NOHSDP,8348f3fffffffff,42.1
2024_E_NOHSDP,8348f6fffffffff,38.3
2024_E_NOINT,8312c9fffffffff,18.1
2024_E_NOINT,8312cafffffffff,17.8
2024_E_NOINT,8312cbfffffffff,28.6
2024_E_NOINT,8312d8fffffffff,16.7
2024_E_NOINT,8312d9fffffffff,14.7
2024_E_NOINT,8312dafffffffff,22.8
2024_E_NOINT,8312dbfffffffff,14.9
2024_E_NOINT,8312ddfffffffff,11.8
2024_E_NOINT,8312defffffffff,17.7
2024_E_NOINT,832600fffffffff,15.3
2024_E_NOINT,832601fffffffff,14.2
2024_E_NOINT,832602fffffffff,20.2
2024_E_NOINT,832603fffffffff,17.6
2024_E_NOINT,832604fffffffff,14.2
2024_E_NOINT,832605fffffffff,13.7
2024_E_NOINT,832606fffffffff,18.7
2024_E_NOINT,832608fffffffff,14.9
2024_E_NOINT,832609fffffffff,19.9
2024_E_NOINT,83260afffffffff,13.0
2024_E_NOINT,83260bfffffffff,18.9
2024_E_NOINT,83260cfffffffff,15.9
2024_E_NOINT,83260dfffffffff,14.5
2024_E_NOINT,83260efffffffff,15.9
2024_E_NOINT,832610fffffffff,37.2
2024_E_NOINT,832611fffffffff,17.7
2024_E_NOINT,832612fffffffff,28.9
2024_E_NOINT,832613fffffffff,17.6
2024_E_NOINT,832614fffffffff,24.7
2024_E_NOINT,832615fffffffff,20.6
2024_E_NOINT,832616fffffffff,18.4
2024_E_NOINT,832618fffffffff,15.9
2024_E_NOINT,832619fffffffff,17.5
2024_E_NOINT,83261afffffffff,18.9
2024_E_NOINT,83261bfffffffff,16.5
2024_E_NOINT,83261cfffffffff,21.7
2024_E_NOINT,83261dfffffffff,15.0
2024_E_NOINT,83261efffffffff,15.6
2024_E_NOINT,832620fffffffff,16.6
2024_E_NOINT,832621fffffffff,12.4
2024_E_NOINT,832622fffffffff,17.8
2024_E_NOINT,832623fffffffff,15.4
2024_E_NOINT,832624fffffffff,15.2
2024_E_NOINT,832625fffffffff,15.4
2024_E_NOINT,832626fffffffff,12.6
2024_E_NOINT,832628fffffffff,13.9
2024_E_NOINT,832629fffffffff,13.6
2024_E_NOINT,83262afffffffff,13.6
2024_E_NOINT,83262bfffffffff,13.9
2024_E_NOINT,83262cfffffffff,10.3
2024_E_NOINT,83262dfffffffff,14.3
2024_E_NOINT,83262efffffffff,15.7
2024_E_NOINT,832630fffffffff,23.4
2024_E_NOINT,832631fffffffff,11.6
2024_E_NOINT,832632fffffffff,22.6
2024_E_NOINT,832633fffffffff,14.6
2024_E_NOINT,832634fffffffff,19.4
2024_E_NOINT,832635fffffffff,17.2
2024_E_NOINT,832636fffffffff,18.9
2024_E_NOINT,832640fffffffff,14.6
2024_E_NOINT,832641fffffffff,22.8
2024_E_NOINT,832642fffffffff,20.2
2024_E_NOINT,832643fffffffff,20.2
2024_E_NOINT,832644fffffffff,16.0
2024_E_NOINT,832645fffffffff,18.1
2024_E_NOINT,832646fffffffff,15.8
2024_E_NOINT,832648fffffffff,22.4
2024_E_NOINT,832649fffffffff,20.4
2024_E_NOINT,83264afffffffff,19.5
2024_E_NOINT,83264bfffffffff,25.8
2024_E_NOINT,83264cfffffffff,18.9
2024_E_NOINT,83264dfffffffff,12.1
2024_E_NOINT,83264efffffffff,18.7
2024_E_NOINT,832650fffffffff,20.2
2024_E_NOINT,832651fffffffff,22.5
2024_E_NOINT,832652fffffffff,18.9
2024_E_NOINT,832653fffffffff,20.4
2024_E_NOINT,832654fffffffff,20.6
2024_E_NOINT,832655fffffffff,17.3
2024_E_NOINT,832656fffffffff,12.1
2024_E_NOINT,832658fffffffff,30.1
2024_E_NOINT,832659fffffffff,23.2
2024_E_NOINT,83265afffffffff,24.2
2024_E_NOINT,83265bfffffffff,24.4
2024_E_NOINT,83265cfffffffff,24.8
2024_E_NOINT,83265dfffffffff,19.9
2024_E_NOINT,83265efffffffff,21.0
2024_E_NOINT,832660fffffffff,14.0
2024_E_NOINT,832661fffffffff,13.9
2024_E_NOINT,832662fffffffff,12.9
2024_E_NOINT,832663fffffffff,16.0
2024_E_NOINT,832664fffffffff,11.5
2024_E_NOINT,832665fffffffff,14.8
2024_E_NOINT,832666fffffffff,12.6
2024_E_NOINT,832668fffffffff,18.1
2024_E_NOINT,832669fffffffff,18.9
2024_E_NOINT,83266afffffffff,15.8
2024_E_NOINT,83266bfffffffff,18.6
2024_E_NOINT,83266cfffffffff,16.8
2024_E_NOINT,83266dfffffffff,15.8
2024_E_NOINT,83266efffffffff,18.1
2024_E_NOINT,832670fffffffff,18.4
2024_E_NOINT,832671fffffffff,17.1
2024_E_NOINT,832672fffffffff,25.1
2024_E_NOINT,832673fffffffff,21.4
2024_E_NOINT,832674fffffffff,13.4
2024_E_NOINT,832675fffffffff,14.8
2024_E_NOINT,832676fffffffff,15.1
2024_E_NOINT,832680fffffffff,12.7
2024_E_NOINT,832681fffffffff,9.2
2024_E_NOINT,832682fffffffff,13.2
2024_E_NOINT,832683fffffffff,7.9
2024_E_NOINT,832684fffffffff,15.4
2024_E_NOINT,832685fffffffff,7.7
2024_E_NOINT,832686fffffffff,15.4
2024_E_NOINT,832688fffffffff,18.3
2024_E_NOINT,832689fffffffff,17.9
2024_E_NOINT,83268afffffffff,18.0
2024_E_NOINT,83268bfffffffff,20.9
2024_E_NOINT,83268cfffffffff,7.8
2024_E_NOINT,83268dfffffffff,18.4
2024_E_NOINT,83268efffffffff,13.7
2024_E_NOINT,832690fffffffff,11.0
2024_E_NOINT,832691fffffffff,14.1
2024_E_NOINT,832692fffffffff,12.7
2024_E_NOINT,832693fffffffff,17.9
2024_E_NOINT,832694fffffffff,7.6
2024_E_NOINT,832695fffffffff,11.2
2024_E_NOINT,832696fffffffff,6.6
2024_E_NOINT,832698fffffffff,24.2
2024_E_NOINT,832699fffffffff,19.3
2024_E_NOINT,83269afffffffff,37.2
2024_E_NOINT,83269bfffffffff,53.4
2024_E_NOINT,83269cfffffffff,13.9
2024_E_NOINT,83269dfffffffff,14.8
2024_E_NOINT,83269efffffffff,14.7
2024_E_NOINT,8326a0fffffffff,24.0
2024_E_NOINT,8326a1fffffffff,24.5
2024_E_NOINT,8326a2fffffffff,15.3
2024_E_NOINT,8326a3fffffffff,17.2
2024_E_NOINT,8326a4fffffffff,8.6
2024_E_NOINT,8326a5fffffffff,20.4
2024_E_NOINT,8326a6fffffffff,11.3
2024_E_NOINT,8326a8fffffffff,14.4
2024_E_NOINT,8326a9fffffffff,16.5
2024_E_NOINT,8326aafffffffff,9.8
2024_E_NOINT,8326abfffffffff,14.3
2024_E_NOINT,8326acfffffffff,17.4
2024_E_NOINT,8326adfffffffff,14.3
2024_E_NOINT,8326aefffffffff,14.8
2024_E_NOINT,8326b0fffffffff,15.8
2024_E_NOINT,8326b1fffffffff,15.3
2024_E_NOINT,8326b2fffffffff,10.9
2024_E_NOINT,8326b3fffffffff,12.5
2024_E_NOINT,8326b4fffffffff,14.2
2024_E_NOINT,8326b5fffffffff,17.4
2024_E_NOINT,8326b6fffffffff,12.0
2024_E_NOINT,8326c0fffffffff,14.9
2024_E_NOINT,8326c1fffffffff,14.3
2024_E_NOINT,8326c2fffffffff,17.5
2024_E_NOINT,8326c3fffffffff,19.2
2024_E_NOINT,8326c4fffffffff,18.2
2024_E_NOINT,8326c5fffffffff,18.7
2024_E_NOINT,8326c6fffffffff,16.7
2024_E_NOINT,8326c8fffffffff,12.3
2024_E_NOINT,8326c9fffffffff,15.6
2024_E_NOINT,8326cafffffffff,12.6
2024_E_NOINT,8326cbfffffffff,16.0
2024_E_NOINT,8326ccfffffffff,24.2
2024_E_NOINT,8326cdfffffffff,27.2
2024_E_NOINT,8326cefffffffff,21.2
2024_E_NOINT,8326d0fffffffff,13.3
2024_E_NOINT,8326d1fffffffff,18.1
2024_E_NOINT,8326d2fffffffff,32.7
2024_E_NOINT,8326d3fffffffff,19.0
2024_E_NOINT,8326d4fffffffff,22.6
2024_E_NOINT,8326d5fffffffff,16.3
2024_E_NOINT,8326d6fffffffff,23.8
2024_E_NOINT,8326d8fffffffff,12.5
2024_E_NOINT,8326d9fffffffff,15.7
2024_E_NOINT,8326dafffffffff,17.1
2024_E_NOINT,8326dbfffffffff,17.9
2024_E_NOINT,8326dcfffffffff,25.7
2024_E_NOINT,8326ddfffffffff,17.4
2024_E_NOINT,8326defffffffff,20.1
2024_E_NOINT,8326e0fffffffff,16.7
2024_E_NOINT,8326e1fffffffff,20.5
2024_E_NOINT,8326e2fffffffff,18.9
2024_E_NOINT,8326e3fffffffff,16.0
2024_E_NOINT,8326e4fffffffff,18.2
2024_E_NOINT,8326e5fffffffff,15.1
2024_E_NOINT,8326e6fffffffff,17.5
2024_E_NOINT,8326e8fffffffff,23.1
2024_E_NOINT,8326e9fffffffff,24.2
2024_E_NOINT,8326eafffffffff,22.5
2024_E_NOINT,8326ebfffffffff,26.1
2024_E_NOINT,8326ecfffffffff,19.8
2024_E_NOINT,8326edfffffffff,17.5
2024_E_NOINT,8326eefffffffff,21.0
2024_E_NOINT,8326f0fffffffff,13.8
2024_E_NOINT,8326f1fffffffff,17.7
2024_E_NOINT,8326f2fffffffff,17.5
2024_E_NOINT,8326f3fffffffff,14.4
2024_E_NOINT,8326f4fffffffff,13.6
2024_E_NOINT,8326f5fffffffff,13.8
2024_E_NOINT,8326f6fffffffff,11.4
2024_E_NOINT,832708fffffffff,16.1
2024_E_NOINT,832709fffffffff,13.9
2024_E_NOINT,83270afffffffff,15.8
2024_E_NOINT,83270bfffffffff,16.9
2024_E_NOINT,83270dfffffffff,12.2
2024_E_NOINT,83270efffffffff,19.6
2024_E_NOINT,832718fffffffff,18.6
2024_E_NOINT,832719fffffffff,15.7
2024_E_NOINT,83271afffffffff,17.6
2024_E_NOINT,83271bfffffffff,17.8
2024_E_NOINT,83271cfffffffff,18.9
2024_E_NOINT,83271dfffffffff,17.1
2024_E_NOINT,83271efffffffff,20.7
2024_E_NOINT,832740fffffffff,17.2
2024_E_NOINT,832741fffffffff,15.2
2024_E_NOINT,832742fffffffff,17.7
2024_E_NOINT,832743fffffffff,12.5
2024_E_NOINT,832744fffffffff,16.2
2024_E_NOINT,832745fffffffff,16.5
2024_E_NOINT,832746fffffffff,18.6
2024_E_NOINT,832748fffffffff,12.8
2024_E_NOINT,832749fffffffff,14.1
2024_E_NOINT,83274bfffffffff,17.4
2024_E_NOINT,83274cfffffffff,19.5
2024_E_NOINT,83274dfffffffff,11.8
2024_E_NOINT,83274efffffffff,20.2
2024_E_NOINT,832750fffffffff,17.7
2024_E_NOINT,832751fffffffff,17.6
2024_E_NOINT,832752fffffffff,11.6
2024_E_NOINT,832753fffffffff,13.9
2024_E_NOINT,832754fffffffff,13.7
2024_E_NOINT,832755fffffffff,16.7
2024_E_NOINT,832756fffffffff,15.9
2024_E_NOINT,832758fffffffff,12.1
2024_E_NOINT,832759fffffffff,8.5
2024_E_NOINT,83275afffffffff,17.4
2024_E_NOINT,83275bfffffffff,14.9
2024_E_NOINT,83275cfffffffff,14.0
2024_E_NOINT,83275dfffffffff,9.6
2024_E_NOINT,83275efffffffff,18.9
2024_E_NOINT,832763fffffffff,18.5
2024_E_NOINT,832768fffffffff,17.3
2024_E_NOINT,83276afffffffff,17.5
2024_E_NOINT,83276bfffffffff,19.2
2024_E_NOINT,83276efffffffff,17.3
2024_E_NOINT,832770fffffffff,0.4
2024_E_NOINT,832771fffffffff,25.6
2024_E_NOINT,832772fffffffff,9.9
2024_E_NOINT,832773fffffffff,16.2
2024_E_NOINT,832780fffffffff,13.7
2024_E_NOINT,832781fffffffff,13.1
2024_E_NOINT,832782fffffffff,10.9
2024_E_NOINT,832783fffffffff,14.3
2024_E_NOINT,832784fffffffff,16.3
2024_E_NOINT,832785fffffffff,23.5
2024_E_NOINT,832786fffffffff,16.7
2024_E_NOINT,832788fffffffff,11.9
2024_E_NOINT,832789fffffffff,15.5
2024_E_NOINT,83278afffffffff,16.1
2024_E_NOINT,83278bfffffffff,14.7
2024_E_NOINT,83278cfffffffff,16.4
2024_E_NOINT,83278dfffffffff,17.4
2024_E_NOINT,83278efffffffff,11.4
2024_E_NOINT,832790fffffffff,23.2
2024_E_NOINT,832791fffffffff,12.8
2024_E_NOINT,832792fffffffff,19.5
2024_E_NOINT,832793fffffffff,18.6
2024_E_NOINT,832794fffffffff,21.6
2024_E_NOINT,832795fffffffff,21.1
2024_E_NOINT,832796fffffffff,16.5
2024_E_NOINT,832798fffffffff,22.6
2024_E_NOINT,832799fffffffff,16.4
2024_E_NOINT,83279afffffffff,16.0
2024_E_NOINT,83279bfffffffff,15.1
2024_E_NOINT,83279cfffffffff,16.9
2024_E_NOINT,83279dfffffffff,27.3
2024_E_NOINT,83279efffffffff,15.1
2024_E_NOINT,8327a3fffffffff,19.2
2024_E_NOINT,8327a8fffffffff,13.0
2024_E_NOINT,8327a9fffffffff,18.3
2024_E_NOINT,8327aafffffffff,17.3
2024_E_NOINT,8327abfffffffff,15.0
2024_E_NOINT,8327acfffffffff,9.1
2024_E_NOINT,8327adfffffffff,14.4
2024_E_NOINT,8327aefffffffff,20.2
2024_E_NOINT,8327b3fffffffff,15.2
2024_E_NOINT,832800fffffffff,17.8
2024_E_NOINT,832802fffffffff,17.0
2024_E_NOINT,832806fffffffff,22.0
2024_E_NOINT,832810fffffffff,14.5
2024_E_NOINT,832811fffffffff,17.6
2024_E_NOINT,832812fffffffff,16.7
2024_E_NOINT,832813fffffffff,22.1
2024_E_NOINT,832814fffffffff,15.5
2024_E_NOINT,832815fffffffff,16.5
2024_E_NOINT,832816fffffffff,14.5
2024_E_NOINT,832818fffffffff,19.2
2024_E_NOINT,83281afffffffff,17.5
2024_E_NOINT,83281bfffffffff,13.0
2024_E_NOINT,83281cfffffffff,13.5
2024_E_NOINT,83281efffffffff,16.0
2024_E_NOINT,832830fffffffff,7.3
2024_E_NOINT,832831fffffffff,11.6
2024_E_NOINT,832832fffffffff,11.6
2024_E_NOINT,832833fffffffff,17.6
2024_E_NOINT,832834fffffffff,6.9
2024_E_NOINT,832835fffffffff,8.4
2024_E_NOINT,832836fffffffff,11.5
2024_E_NOINT,832880fffffffff,15.7
2024_E_NOINT,832881fffffffff,18.1
2024_E_NOINT,832882fffffffff,11.7
2024_E_NOINT,832883fffffffff,20.6
2024_E_NOINT,832884fffffffff,14.1
2024_E_NOINT,832885fffffffff,15.4
2024_E_NOINT,832886fffffffff,10.8
2024_E_NOINT,832888fffffffff,11.1
2024_E_NOINT,832889fffffffff,8.4
2024_E_NOINT,83288afffffffff,15.8
2024_E_NOINT,83288bfffffffff,15.1
2024_E_NOINT,83288cfffffffff,19.6
2024_E_NOINT,83288dfffffffff,17.8
2024_E_NOINT,83288efffffffff,19.6
2024_E_NOINT,832890fffffffff,15.8
2024_E_NOINT,832891fffffffff,19.5
2024_E_NOINT,832892fffffffff,12.5
2024_E_NOINT,832893fffffffff,15.2
2024_E_NOINT,832894fffffffff,8.9
2024_E_NOINT,832895fffffffff,13.6
2024_E_NOINT,832896fffffffff,14.5
2024_E_NOINT,832898fffffffff,16.7
2024_E_NOINT,832899fffffffff,17.7
2024_E_NOINT,83289afffffffff,18.7
2024_E_NOINT,83289bfffffffff,14.7
2024_E_NOINT,83289cfffffffff,18.8
2024_E_NOINT,83289dfffffffff,19.8
2024_E_NOINT,83289efffffffff,16.4
2024_E_NOINT,8328a0fffffffff,22.0
2024_E_NOINT,8328a1fffffffff,21.5
2024_E_NOINT,8328a2fffffffff,27.4
2024_E_NOINT,8328a3fffffffff,18.8
2024_E_NOINT,8328a4fffffffff,9.2
2024_E_NOINT,8328a5fffffffff,21.0
2024_E_NOINT,8328a6fffffffff,22.8
2024_E_NOINT,8328a8fffffffff,22.4
2024_E_NOINT,8328a9fffffffff,8.9
2024_E_NOINT,8328aafffffffff,19.2
2024_E_NOINT,8328abfffffffff,16.8
2024_E_NOINT,8328acfffffffff,36.7
2024_E_NOINT,8328adfffffffff,33.6
2024_E_NOINT,8328aefffffffff,20.8
2024_E_NOINT,8328b0fffffffff,13.3
2024_E_NOINT,8328b1fffffffff,15.7
2024_E_NOINT,8328b2fffffffff,13.6
2024_E_NOINT,8328b3fffffffff,13.8
2024_E_NOINT,8328b4fffffffff,8.8
2024_E_NOINT,8328b5fffffffff,24.3
2024_E_NOINT,8328b6fffffffff,6.9
2024_E_NOINT,8328c2fffffffff,16.7
2024_E_NOINT,8328c6fffffffff,14.1
2024_E_NOINT,8328d0fffffffff,9.6
2024_E_NOINT,8328d1fffffffff,8.0
2024_E_NOINT,8328d2fffffffff,12.1
2024_E_NOINT,8328d3fffffffff,22.8
2024_E_NOINT,8328d4fffffffff,11.0
2024_E_NOINT,8328d5fffffffff,8.3
2024_E_NOINT,8328d6fffffffff,12.7
2024_E_NOINT,8328defffffffff,2.3
2024_E_NOINT,8328f0fffffffff,12.1
2024_E_NOINT,8328f1fffffffff,10.7
2024_E_NOINT,8328f2fffffffff,30.5
2024_E_NOINT,8328f3fffffffff,14.1
2024_E_NOINT,8328f4fffffffff,12.2
2024_E_NOINT,8328f5fffffffff,14.1
2024_E_NOINT,8328f6fffffffff,25.0
2024_E_NOINT,832912fffffffff,6.0
2024_E_NOINT,832913fffffffff,6.1
2024_E_NOINT,83291afffffffff,10.5
2024_E_NOINT,832980fffffffff,23.1
2024_E_NOINT,832981fffffffff,21.0
2024_E_NOINT,832982fffffffff,24.6
2024_E_NOINT,832983fffffffff,14.8
2024_E_NOINT,832984fffffffff,21.0
2024_E_NOINT,832985fffffffff,31.5
2024_E_NOINT,832986fffffffff,17.5
2024_E_NOINT,832988fffffffff,19.4
2024_E_NOINT,832989fffffffff,11.9
2024_E_NOINT,83298afffffffff,7.3
2024_E_NOINT,83298bfffffffff,14.0
2024_E_NOINT,83298cfffffffff,15.0
2024_E_NOINT,83298dfffffffff,13.7
2024_E_NOINT,83298efffffffff,16.8
2024_E_NOINT,832990fffffffff,10.9
2024_E_NOINT,832991fffffffff,13.3
2024_E_NOINT,832992fffffffff,17.9
2024_E_NOINT,832993fffffffff,16.7
2024_E_NOINT,832994fffffffff,21.4
2024_E_NOINT,832995fffffffff,23.9
2024_E_NOINT,832996fffffffff,42.5
2024_E_NOINT,832998fffffffff,16.1
2024_E_NOINT,832999fffffffff,9.5
2024_E_NOINT,83299afffffffff,14.1
2024_E_NOINT,83299bfffffffff,14.9
2024_E_NOINT,83299cfffffffff,15.4
2024_E_NOINT,83299dfffffffff,12.0
2024_E_NOINT,83299efffffffff,11.3
2024_E_NOINT,8329a0fffffffff,8.5
2024_E_NOINT,8329a1fffffffff,10.7
2024_E_NOINT,8329a2fffffffff,17.5
2024_E_NOINT,8329a3fffffffff,24.9
2024_E_NOINT,8329a4fffffffff,7.1
2024_E_NOINT,8329a5fffffffff,11.2
2024_E_NOINT,8329a6fffffffff,15.8
2024_E_NOINT,8329a8fffffffff,23.8
2024_E_NOINT,8329a9fffffffff,13.2
2024_E_NOINT,8329aafffffffff,20.7
2024_E_NOINT,8329abfffffffff,13.6
2024_E_NOINT,8329acfffffffff,15.4
2024_E_NOINT,8329adfffffffff,11.3
2024_E_NOINT,8329aefffffffff,18.3
2024_E_NOINT,8329b0fffffffff,22.4
2024_E_NOINT,8329b1fffffffff,24.9
2024_E_NOINT,8329b2fffffffff,17.0
2024_E_NOINT,8329b3fffffffff,23.4
2024_E_NOINT,8329b4fffffffff,26.2
2024_E_NOINT,8329b5fffffffff,19.8
2024_E_NOINT,8329b6fffffffff,11.6
2024_E_NOINT,832a06fffffffff,7.8
2024_E_NOINT,832a10fffffffff,6.5
2024_E_NOINT,832a12fffffffff,9.1
2024_E_NOINT,832a13fffffffff,7.4
2024_E_NOINT,832a14fffffffff,8.6
2024_E_NOINT,832a15fffffffff,9.0
2024_E_NOINT,832a16fffffffff,11.6
2024_E_NOINT,832a30fffffffff,5.7
2024_E_NOINT,832a31fffffffff,7.2
2024_E_NOINT,832a32fffffffff,12.3
2024_E_NOINT,832a33fffffffff,7.7
2024_E_NOINT,832a34fffffffff,8.7
2024_E_NOINT,832a36fffffffff,10.4
2024_E_NOINT,832a80fffffffff,18.7
2024_E_NOINT,832a81fffffffff,23.4
2024_E_NOINT,832a82fffffffff,21.0
2024_E_NOINT,832a83fffffffff,23.4
2024_E_NOINT,832a84fffffffff,15.4
2024_E_NOINT,832a85fffffffff,19.3
2024_E_NOINT,832a86fffffffff,20.4
2024_E_NOINT,832a88fffffffff,26.7
2024_E_NOINT,832a89fffffffff,20.4
2024_E_NOINT,832a8afffffffff,21.9
2024_E_NOINT,832a8bfffffffff,16.5
2024_E_NOINT,832a8cfffffffff,18.1
2024_E_NOINT,832a8dfffffffff,20.8
2024_E_NOINT,832a8efffffffff,22.5
2024_E_NOINT,832a90fffffffff,11.3
2024_E_NOINT,832a91fffffffff,17.7
2024_E_NOINT,832a92fffffffff,15.1
2024_E_NOINT,832a93fffffffff,12.6
2024_E_NOINT,832a94fffffffff,13.9
2024_E_NOINT,832a95fffffffff,13.5
2024_E_NOINT,832a96fffffffff,15.8
2024_E_NOINT,832a98fffffffff,21.5
2024_E_NOINT,832a99fffffffff,23.7
2024_E_NOINT,832a9afffffffff,20.2
2024_E_NOINT,832a9bfffffffff,26.5
2024_E_NOINT,832a9cfffffffff,21.2
2024_E_NOINT,832a9dfffffffff,23.2
2024_E_NOINT,832a9efffffffff,21.1
2024_E_NOINT,832aa0fffffffff,17.9
2024_E_NOINT,832aa1fffffffff,17.7
2024_E_NOINT,832aa2fffffffff,18.9
2024_E_NOINT,832aa3fffffffff,19.7
2024_E_NOINT,832aa4fffffffff,14.4
2024_E_NOINT,832aa5fffffffff,14.1
2024_E_NOINT,832aa6fffffffff,17.1
2024_E_NOINT,832aa8fffffffff,8.7
2024_E_NOINT,832aa9fffffffff,17.3
2024_E_NOINT,832aaafffffffff,11.1
2024_E_NOINT,832aabfffffffff,17.4
2024_E_NOINT,832aacfffffffff,11.4
2024_E_NOINT,832aadfffffffff,12.6
2024_E_NOINT,832aaefffffffff,12.6
2024_E_NOINT,832ab1fffffffff,17.2
2024_E_NOINT,832ab2fffffffff,10.5
2024_E_NOINT,832ab3fffffffff,12.7
2024_E_NOINT,832ab5fffffffff,16.8
2024_E_NOINT,832ab6fffffffff,14.5
2024_E_NOINT,832ad0fffffffff,21.2
2024_E_NOINT,832ad2fffffffff,31.5
2024_E_NOINT,832ad3fffffffff,14.5
2024_E_NOINT,832ad4fffffffff,21.0
2024_E_NOINT,832ad5fffffffff,18.6
2024_E_NOINT,832ad6fffffffff,16.3
2024_E_NOINT,832af0fffffffff,8.8
2024_E_NOINT,832af2fffffffff,27.8
2024_E_NOINT,832af3fffffffff,23.9
2024_E_NOINT,832af6fffffffff,16.8
2024_E_NOINT,832b10fffffffff,23.6
2024_E_NOINT,832b11fffffffff,19.0
2024_E_NOINT,832b12fffffffff,26.4
2024_E_NOINT,832b13fffffffff,25.1
2024_E_NOINT,832b18fffffffff,17.1
2024_E_NOINT,832b1afffffffff,13.7
2024_E_NOINT,832b1bfffffffff,12.5
2024_E_NOINT,832b1efffffffff,20.2
2024_E_NOINT,832b81fffffffff,17.2
2024_E_NOINT,832b88fffffffff,13.5
2024_E_NOINT,832b89fffffffff,13.2
2024_E_NOINT,832b8afffffffff,12.5
2024_E_NOINT,832b8bfffffffff,14.8
2024_E_NOINT,832b8cfffffffff,14.8
2024_E_NOINT,832b8dfffffffff,13.9
2024_E_NOINT,832b8efffffffff,15.7
2024_E_NOINT,832b99fffffffff,9.7
2024_E_NOINT,832b9bfffffffff,10.6
2024_E_NOINT,832ba8fffffffff,20.3
2024_E_NOINT,832ba9fffffffff,16.6
2024_E_NOINT,832babfffffffff,13.4
2024_E_NOINT,832bacfffffffff,24.7
2024_E_NOINT,832badfffffffff,23.8
2024_E_NOINT,834412fffffffff,3.2
2024_E_NOINT,834413fffffffff,9.9
2024_E_NOINT,834414fffffffff,1.4
2024_E_NOINT,834416fffffffff,7.4
2024_E_NOINT,83441afffffffff,11.5
2024_E_NOINT,83441bfffffffff,25.6
2024_E_NOINT,83441efffffffff,8.5
2024_E_NOINT,834440fffffffff,25.5
2024_E_NOINT,834441fffffffff,21.2
2024_E_NOINT,834442fffffffff,26.9
2024_E_NOINT,834443fffffffff,27.5
2024_E_NOINT,834444fffffffff,16.9
2024_E_NOINT,834445fffffffff,20.1
2024_E_NOINT,834446fffffffff,16.2
2024_E_NOINT,834448fffffffff,28.0
2024_E_NOINT,834449fffffffff,25.8
2024_E_NOINT,83444afffffffff,29.0
2024_E_NOINT,83444bfffffffff,20.1
2024_E_NOINT,83444cfffffffff,27.7
2024_E_NOINT,83444dfffffffff,22.6
2024_E_NOINT,83444efffffffff,30.0
2024_E_NOINT,834450fffffffff,19.7
2024_E_NOINT,834451fffffffff,28.3
2024_E_NOINT,834452fffffffff,22.7
2024_E_NOINT,834453fffffffff,30.8
2024_E_NOINT,834455fffffffff,16.1
2024_E_NOINT,834456fffffffff,9.3
2024_E_NOINT,834458fffffffff,32.1
2024_E_NOINT,834459fffffffff,32.7
2024_E_NOINT,83445afffffffff,24.6
2024_E_NOINT,83445bfffffffff,25.5
2024_E_NOINT,83445cfffffffff,23.9
2024_E_NOINT,83445dfffffffff,35.8
2024_E_NOINT,83445efffffffff,28.5
2024_E_NOINT,834463fffffffff,33.0
2024_E_NOINT,834468fffffffff,17.7
2024_E_NOINT,834469fffffffff,23.1
2024_E_NOINT,83446afffffffff,18.1
2024_E_NOINT,83446bfffffffff,20.1
2024_E_NOINT,83446cfffffffff,10.9
2024_E_NOINT,83446dfffffffff,16.0
2024_E_NOINT,83446efffffffff,16.4
2024_E_NOINT,834471fffffffff,20.0
2024_E_NOINT,834473fffffffff,28.6
2024_E_NOINT,8344a1fffffffff,8.1
2024_E_NOINT,8344a5fffffffff,12.7
2024_E_NOINT,8344a8fffffffff,16.9
2024_E_NOINT,8344a9fffffffff,9.8
2024_E_NOINT,8344abfffffffff,3.6
2024_E_NOINT,8344acfffffffff,14.2
2024_E_NOINT,8344adfffffffff,19.6
2024_E_NOINT,8344aefffffffff,7.1
2024_E_NOINT,8344c0fffffffff,24.3
2024_E_NOINT,8344c1fffffffff,10.5
2024_E_NOINT,8344c2fffffffff,20.3
2024_E_NOINT,8344c3fffffffff,28.0
2024_E_NOINT,8344c4fffffffff,28.6
2024_E_NOINT,8344c5fffffffff,25.0
2024_E_NOINT,8344c6fffffffff,24.9
2024_E_NOINT,8344c8fffffffff,16.4
2024_E_NOINT,8344c9fffffffff,20.3
2024_E_NOINT,8344cafffffffff,17.2
2024_E_NOINT,8344cbfffffffff,25.9
2024_E_NOINT,8344ccfffffffff,15.7
2024_E_NOINT,8344cdfffffffff,19.4
2024_E_NOINT,8344cefffffffff,14.6
2024_E_NOINT,8344d0fffffffff,17.9
2024_E_NOINT,8344d1fffffffff,24.3
2024_E_NOINT,8344d2fffffffff,24.4
2024_E_NOINT,8344d3fffffffff,27.4
2024_E_NOINT,8344d5fffffffff,17.7
2024_E_NOINT,8344d8fffffffff,17.8
2024_E_NOINT,8344d9fffffffff,19.8
2024_E_NOINT,8344dafffffffff,15.0
2024_E_NOINT,8344dbfffffffff,15.1
2024_E_NOINT,8344dcfffffffff,21.6
2024_E_NOINT,8344ddfffffffff,15.6
2024_E_NOINT,8344defffffffff,19.7
2024_E_NOINT,8344e0fffffffff,22.9
2024_E_NOINT,8344e1fffffffff,23.7
2024_E_NOINT,8344e2fffffffff,22.7
2024_E_NOINT,8344e3fffffffff,29.1
2024_E_NOINT,8344e4fffffffff,17.8
2024_E_NOINT,8344e5fffffffff,11.7
2024_E_NOINT,8344e6fffffffff,21.3
2024_E_NOINT,8344e8fffffffff,16.5
2024_E_NOINT,8344e9fffffffff,21.2
2024_E_NOINT,8344eafffffffff,19.8
2024_E_NOINT,8344ebfffffffff,16.5
2024_E_NOINT,8344ecfffffffff,30.8
2024_E_NOINT,8344edfffffffff,28.8
2024_E_NOINT,8344eefffffffff,27.2
2024_E_NOINT,8344f0fffffffff,13.2
2024_E_NOINT,8344f1fffffffff,31.0
2024_E_NOINT,8344f3fffffffff,19.6
2024_E_NOINT,8344f4fffffffff,16.0
2024_E_NOINT,8344f5fffffffff,18.5
2024_E_NOINT,8344f6fffffffff,17.0
2024_E_NOINT,834859fffffffff,21.8
2024_E_NOINT,83485afffffffff,9.0
2024_E_NOINT,83485bfffffffff,23.9
2024_E_NOINT,834880fffffffff,26.6
2024_E_NOINT,834881fffffffff,30.0
2024_E_NOINT,834882fffffffff,26.5
2024_E_NOINT,834883fffffffff,21.7
2024_E_NOINT,834886fffffffff,39.9
2024_E_NOINT,834888fffffffff,28.5
2024_E_NOINT,834889fffffffff,37.6
2024_E_NOINT,83488afffffffff,27.8
2024_E_NOINT,83488bfffffffff,19.6
2024_E_NOINT,83488cfffffffff,19.7
2024_E_NOINT,83488dfffffffff,18.0
2024_E_NOINT,83488efffffffff,22.7
2024_E_NOINT,834890fffffffff,22.1
2024_E_NOINT,834891fffffffff,24.6
2024_E_NOINT,834892fffffffff,21.7
2024_E_NOINT,834893fffffffff,20.4
2024_E_NOINT,834895fffffffff,26.6
2024_E_NOINT,834898fffffffff,11.0
2024_E_NOINT,834899fffffffff,17.3
2024_E_NOINT,83489afffffffff,17.9
2024_E_NOINT,83489bfffffffff,17.1
2024_E_NOINT,83489cfffffffff,11.5
2024_E_NOINT,83489dfffffffff,20.9
2024_E_NOINT,83489efffffffff,18.1
2024_E_NOINT,8348abfffffffff,11.5
2024_E_NOINT,8348b1fffffffff,33.1
2024_E_NOINT,8348b2fffffffff,26.7
2024_E_NOINT,8348b3fffffffff,35.1
2024_E_NOINT,8348c0fffffffff,22.9
2024_E_NOINT,8348c1fffffffff,26.1
2024_E_NOINT,8348c2fffffffff,26.6
2024_E_NOINT,8348c3fffffffff,38.6
2024_E_NOINT,8348c4fffffffff,21.6
2024_E_NOINT,8348c5fffffffff,22.2
2024_E_NOINT,8348c6fffffffff,13.2
2024_E_NOINT,8348c8fffffffff,40.3
2024_E_NOINT,8348c9fffffffff,44.1
2024_E_NOINT,8348cafffffffff,57.1
2024_E_NOINT,8348cbfffffffff,66.2
2024_E_NOINT,8348ccfffffffff,34.4
2024_E_NOINT,8348cdfffffffff,17.2
2024_E_NOINT,8348cefffffffff,28.6
2024_E_NOINT,8348d0fffffffff,21.5
2024_E_NOINT,8348d1fffffffff,22.1
2024_E_NOINT,8348d2fffffffff,16.6
2024_E_NOINT,8348d3fffffffff,24.0
2024_E_NOINT,8348d4fffffffff,32.2
2024_E_NOINT,8348d5fffffffff,19.5
2024_E_NOINT,8348d6fffffffff,18.6
2024_E_NOINT,8348d8fffffffff,21.0
2024_E_NOINT,8348d9fffffffff,53.2
2024_E_NOINT,8348dafffffffff,34.0
2024_E_NOINT,8348dbfffffffff,23.3
2024_E_NOINT,8348dcfffffffff,42.9
2024_E_NOINT,8348ddfffffffff,42.8
2024_E_NOINT,8348defffffffff,28.9
2024_E_NOINT,8348e3fffffffff,20.0
2024_E_NOINT,8348e8fffffffff,19.9
2024_E_NOINT,8348e9fffffffff,19.4
2024_E_NOINT,8348eafffffffff,20.9
2024_E_NOINT,8348ebfffffffff,21.3
2024_E_NOINT,8348ecfffffffff,20.4
2024_E_NOINT,8348edfffffffff,37.9
2024_E_NOINT,8348eefffffffff,14.4
2024_E_NOINT,8348f2fffffffff,29.4
2024_E_NOINT,8348f3fffffffff,27.4
2024_E_NOINT,8348f6fffffffff,29.9
2024_E_PARK,8312c9fffffffff,18.95
2024_E_PARK,8312cafffffffff,97.61
2024_E_PARK,8312cbfffffffff,56.6
2024_E_PARK,8312d8fffffffff,81.55
2024_E_PARK,8312d9fffffffff,95.9
2024_E_PARK,8312dafffffffff,39.1
2024_E_PARK,8312dbfffffffff,49.79
2024_E_PARK,8312ddfffffffff,95.64
2024_E_PARK,8312defffffffff,83.23
2024_E_PARK,832600fffffffff,11.43
2024_E_PARK,832601fffffffff,15.12
2024_E_PARK,832602fffffffff,11.44
2024_E_PARK,832603fffffffff,7.32
2024_E_PARK,832604fffffffff,18.53
2024_E_PARK,832605fffffffff,24.08
2024_E_PARK,832606fffffffff,8.33
2024_E_PARK,832608fffffffff,16.62
2024_E_PARK,832609fffffffff,10.63
2024_E_PARK,83260afffffffff,15.32
2024_E_PARK,83260bfffffffff,11.15
2024_E_PARK,83260cfffffffff,15.15
2024_E_PARK,83260dfffffffff,25.41
2024_E_PARK,83260efffffffff,14.68
2024_E_PARK,832610fffffffff,6.86
2024_E_PARK,832611fffffffff,8.91
2024_E_PARK,832612fffffffff,20.61
2024_E_PARK,832613fffffffff,8.18
2024_E_PARK,832614fffffffff,17.82
2024_E_PARK,832615fffffffff,13.81
2024_E_PARK,832616fffffffff,39.32
2024_E_PARK,832618fffffffff,6.9
2024_E_PARK,832619fffffffff,6.89
2024_E_PARK,83261afffffffff,4.77
2024_E_PARK,83261bfffffffff,5.28
2024_E_PARK,83261cfffffffff,4.18
2024_E_PARK,83261dfffffffff,4.88
2024_E_PARK,83261efffffffff,7.63
2024_E_PARK,832620fffffffff,25.11
2024_E_PARK,832621fffffffff,31.39
2024_E_PARK,832622fffffffff,21.36
2024_E_PARK,832623fffffffff,28.17
2024_E_PARK,832624fffffffff,27.77
2024_E_PARK,832625fffffffff,29.91
2024_E_PARK,832626fffffffff,16.72
2024_E_PARK,832628fffffffff,24.14
2024_E_PARK,832629fffffffff,24.34
2024_E_PARK,83262afffffffff,26.17
2024_E_PARK,83262bfffffffff,26.13
2024_E_PARK,83262cfffffffff,35.72
2024_E_PARK,83262dfffffffff,32.8
2024_E_PARK,83262efffffffff,20.47
2024_E_PARK,832630fffffffff,10.49
2024_E_PARK,832631fffffffff,9.13
2024_E_PARK,832632fffffffff,13.56
2024_E_PARK,832633fffffffff,14.95
2024_E_PARK,832634fffffffff,7.83
2024_E_PARK,832635fffffffff,7.1
2024_E_PARK,832636fffffffff,12.27
2024_E_PARK,832640fffffffff,31.14
2024_E_PARK,832641fffffffff,42.92
2024_E_PARK,832642fffffffff,39.34
2024_E_PARK,832643fffffffff,34.19
2024_E_PARK,832644fffffffff,13.02
2024_E_PARK,832645fffffffff,8.59
2024_E_PARK,832646fffffffff,29.3
2024_E_PARK,832648fffffffff,21.57
2024_E_PARK,832649fffffffff,21.21
2024_E_PARK,83264afffffffff,21.43
2024_E_PARK,83264bfffffffff,26.17
2024_E_PARK,83264cfffffffff,31.06
2024_E_PARK,83264dfffffffff,31.44
2024_E_PARK,83264efffffffff,18.98
2024_E_PARK,832650fffffffff,23.53
2024_E_PARK,832651fffffffff,27.7
2024_E_PARK,832652fffffffff,12.93
2024_E_PARK,832653fffffffff,21.03
2024_E_PARK,832654fffffffff,12.29
2024_E_PARK,832655fffffffff,21.28
2024_E_PARK,832656fffffffff,32.37
2024_E_PARK,832658fffffffff,11.62
2024_E_PARK,832659fffffffff,18.8
2024_E_PARK,83265afffffffff,43.9
2024_E_PARK,83265bfffffffff,27.27
2024_E_PARK,83265cfffffffff,55.03
2024_E_PARK,83265dfffffffff,17.77
2024_E_PARK,83265efffffffff,40.59
2024_E_PARK,832660fffffffff,13.45
2024_E_PARK,832661fffffffff,19.11
2024_E_PARK,832662fffffffff,20.57
2024_E_PARK,832663fffffffff,12.72
2024_E_PARK,832664fffffffff,52.74
2024_E_PARK,832665fffffffff,13.11
2024_E_PARK,832666fffffffff,25.12
2024_E_PARK,832668fffffffff,32.01
2024_E_PARK,832669fffffffff,24.79
2024_E_PARK,83266afffffffff,17.52
2024_E_PARK,83266bfffffffff,22.49
2024_E_PARK,83266cfffffffff,24.17
2024_E_PARK,83266dfffffffff,20.77
2024_E_PARK,83266efffffffff,18.56
2024_E_PARK,832670fffffffff,21.99
2024_E_PARK,832671fffffffff,12.21
2024_E_PARK,832672fffffffff,14.25
2024_E_PARK,832673fffffffff,15.37
2024_E_PARK,832674fffffffff,29.38
2024_E_PARK,832675fffffffff,20.93
2024_E_PARK,832676fffffffff,23.0
2024_E_PARK,832680fffffffff,89.38
2024_E_PARK,832681fffffffff,96.87
2024_E_PARK,832682fffffffff,96.06
2024_E_PARK,832683fffffffff,97.57
2024_E_PARK,832684fffffffff,96.08
2024_E_PARK,832685fffffffff,76.4
2024_E_PARK,832686fffffffff,98.52
2024_E_PARK,832688fffffffff,44.5
2024_E_PARK,832689fffffffff,31.97
2024_E_PARK,83268afffffffff,75.61
2024_E_PARK,83268bfffffffff,27.66
2024_E_PARK,83268cfffffffff,38.99
2024_E_PARK,83268dfffffffff,12.56
2024_E_PARK,83268efffffffff,94.12
2024_E_PARK,832690fffffffff,80.28
2024_E_PARK,832691fffffffff,82.61
2024_E_PARK,832692fffffffff,87.02
2024_E_PARK,832693fffffffff,96.03
2024_E_PARK,832694fffffffff,76.71
2024_E_PARK,832695fffffffff,86.7
2024_E_PARK,832696fffffffff,77.77
2024_E_PARK,832698fffffffff,91.13
2024_E_PARK,832699fffffffff,80.2
2024_E_PARK,83269afffffffff,61.27
2024_E_PARK,83269bfffffffff,26.22
2024_E_PARK,83269cfffffffff,93.12
2024_E_PARK,83269dfffffffff,94.45
2024_E_PARK,83269efffffffff,94.23
2024_E_PARK,8326a0fffffffff,57.14
2024_E_PARK,8326a1fffffffff,37.32
2024_E_PARK,8326a2fffffffff,94.11
2024_E_PARK,8326a3fffffffff,68.17
2024_E_PARK,8326a4fffffffff,59.66
2024_E_PARK,8326a5fffffffff,72.76
2024_E_PARK,8326a6fffffffff,81.84
2024_E_PARK,8326a8fffffffff,9.87
2024_E_PARK,8326a9fffffffff,4.81
2024_E_PARK,8326aafffffffff,32.09
2024_E_PARK,8326abfffffffff,4.08
2024_E_PARK,8326acfffffffff,6.27
2024_E_PARK,8326adfffffffff,6.35
2024_E_PARK,8326aefffffffff,15.27
2024_E_PARK,8326b0fffffffff,78.5
2024_E_PARK,8326b1fffffffff,99.71
2024_E_PARK,8326b2fffffffff,91.54
2024_E_PARK,8326b3fffffffff,99.52
2024_E_PARK,8326b4fffffffff,82.33
2024_E_PARK,8326b5fffffffff,76.91
2024_E_PARK,8326b6fffffffff,94.42
2024_E_PARK,8326c0fffffffff,4.92
2024_E_PARK,8326c1fffffffff,15.24
2024_E_PARK,8326c2fffffffff,7.22
2024_E_PARK,8326c3fffffffff,8.6
2024_E_PARK,8326c4fffffffff,3.71
2024_E_PARK,8326c5fffffffff,3.1
2024_E_PARK,8326c6fffffffff,4.23
2024_E_PARK,8326c8fffffffff,39.63
2024_E_PARK,8326c9fffffffff,9.41
2024_E_PARK,8326cafffffffff,13.32
2024_E_PARK,8326cbfffffffff,25.14
2024_E_PARK,8326ccfffffffff,4.41
2024_E_PARK,8326cdfffffffff,10.08
2024_E_PARK,8326cefffffffff,4.42
2024_E_PARK,8326d0fffffffff,10.12
2024_E_PARK,8326d1fffffffff,7.61
2024_E_PARK,8326d2fffffffff,12.02
2024_E_PARK,8326d3fffffffff,2.58
2024_E_PARK,8326d4fffffffff,21.75
2024_E_PARK,8326d5fffffffff,2.69
2024_E_PARK,8326d6fffffffff,10.88
2024_E_PARK,8326d8fffffffff,0.84
2024_E_PARK,8326d9fffffffff,3.19
2024_E_PARK,8326dafffffffff,1.47
2024_E_PARK,8326dbfffffffff,3.15
2024_E_PARK,8326dcfffffffff,3.51
2024_E_PARK,8326ddfffffffff,2.28
2024_E_PARK,8326defffffffff,4.77
2024_E_PARK,8326e0fffffffff,5.29
2024_E_PARK,8326e1fffffffff,5.69
2024_E_PARK,8326e2fffffffff,7.59
2024_E_PARK,8326e3fffffffff,8.79
2024_E_PARK,8326e4fffffffff,8.89
2024_E_PARK,8326e5fffffffff,15.38
2024_E_PARK,8326e6fffffffff,5.25
2024_E_PARK,8326e8fffffffff,19.12
2024_E_PARK,8326e9fffffffff,56.38
2024_E_PARK,8326eafffffffff,11.28
2024_E_PARK,8326ebfffffffff,23.34
2024_E_PARK,8326ecfffffffff,10.77
2024_E_PARK,8326edfffffffff,36.19
2024_E_PARK,8326eefffffffff,17.89
2024_E_PARK,8326f0fffffffff,1.7
2024_E_PARK,8326f1fffffffff,1.51
2024_E_PARK,8326f2fffffffff,10.41
2024_E_PARK,8326f3fffffffff,5.18
2024_E_PARK,8326f4fffffffff,0.89
2024_E_PARK,8326f5fffffffff,2.65
2024_E_PARK,8326f6fffffffff,2.9
2024_E_PARK,832708fffffffff,40.22
2024_E_PARK,832709fffffffff,63.78
2024_E_PARK,83270afffffffff,36.48
2024_E_PARK,83270bfffffffff,52.41
2024_E_PARK,83270dfffffffff,97.49
2024_E_PARK,83270efffffffff,37.02
2024_E_PARK,832718fffffffff,5.94
2024_E_PARK,832719fffffffff,14.7
2024_E_PARK,83271afffffffff,6.16
2024_E_PARK,83271bfffffffff,5.18
2024_E_PARK,83271cfffffffff,4.35
2024_E_PARK,83271dfffffffff,38.46
2024_E_PARK,83271efffffffff,5.42
2024_E_PARK,832740fffffffff,32.92
2024_E_PARK,832741fffffffff,58.4
2024_E_PARK,832742fffffffff,57.71
2024_E_PARK,832743fffffffff,34.29
2024_E_PARK,832744fffffffff,79.39
2024_E_PARK,832745fffffffff,39.91
2024_E_PARK,832746fffffffff,62.82
2024_E_PARK,832748fffffffff,35.63
2024_E_PARK,832749fffffffff,22.99
2024_E_PARK,83274bfffffffff,28.21
2024_E_PARK,83274cfffffffff,32.49
2024_E_PARK,83274dfffffffff,41.96
2024_E_PARK,83274efffffffff,67.94
2024_E_PARK,832750fffffffff,64.12
2024_E_PARK,832751fffffffff,38.28
2024_E_PARK,832752fffffffff,52.96
2024_E_PARK,832753fffffffff,35.53
2024_E_PARK,832754fffffffff,74.25
2024_E_PARK,832755fffffffff,66.95
2024_E_PARK,832756fffffffff,44.41
2024_E_PARK,832758fffffffff,49.54
2024_E_PARK,832759fffffffff,65.86
2024_E_PARK,83275afffffffff,33.29
2024_E_PARK,83275bfffffffff,23.32
2024_E_PARK,83275cfffffffff,44.51
2024_E_PARK,83275dfffffffff,54.81
2024_E_PARK,83275efffffffff,46.7
2024_E_PARK,832763fffffffff,76.26
2024_E_PARK,832768fffffffff,57.0
2024_E_PARK,83276afffffffff,51.43
2024_E_PARK,83276bfffffffff,33.33
2024_E_PARK,83276efffffffff,46.27
2024_E_PARK,832770fffffffff,99.38
2024_E_PARK,832771fffffffff,35.48
2024_E_PARK,832772fffffffff,95.69
2024_E_PARK,832773fffffffff,70.26
2024_E_PARK,832780fffffffff,58.55
2024_E_PARK,832781fffffffff,44.37
2024_E_PARK,832782fffffffff,75.72
2024_E_PARK,832783fffffffff,64.91
2024_E_PARK,832784fffffffff,53.95
2024_E_PARK,832785fffffffff,18.45
2024_E_PARK,832786fffffffff,81.05
2024_E_PARK,832788fffffffff,49.33
2024_E_PARK,832789fffffffff,24.99
2024_E_PARK,83278afffffffff,75.31
2024_E_PARK,83278bfffffffff,59.42
2024_E_PARK,83278cfffffffff,49.1
2024_E_PARK,83278dfffffffff,13.25
2024_E_PARK,83278efffffffff,74.7
2024_E_PARK,832790fffffffff,41.79
2024_E_PARK,832791fffffffff,56.97
2024_E_PARK,832792fffffffff,69.47
2024_E_PARK,832793fffffffff,55.67
2024_E_PARK,832794fffffffff,17.03
2024_E_PARK,832795fffffffff,48.41
2024_E_PARK,832796fffffffff,27.85
2024_E_PARK,832798fffffffff,23.6
2024_E_PARK,832799fffffffff,61.32
2024_E_PARK,83279afffffffff,91.14
2024_E_PARK,83279bfffffffff,95.78
2024_E_PARK,83279cfffffffff,49.3
2024_E_PARK,83279dfffffffff,50.27
2024_E_PARK,83279efffffffff,39.41
2024_E_PARK,8327a3fffffffff,6.92
2024_E_PARK,8327a8fffffffff,17.02
2024_E_PARK,8327a9fffffffff,13.17
2024_E_PARK,8327aafffffffff,48.1
2024_E_PARK,8327abfffffffff,16.64
2024_E_PARK,8327acfffffffff,13.12
2024_E_PARK,8327adfffffffff,10.06
2024_E_PARK,8327aefffffffff,7.05
2024_E_PARK,8327b3fffffffff,48.03
2024_E_PARK,832800fffffffff,55.26
2024_E_PARK,832802fffffffff,73.02
2024_E_PARK,832806fffffffff,56.94
2024_E_PARK,832810fffffffff,88.0
2024_E_PARK,832811fffffffff,86.03
2024_E_PARK,832812fffffffff,94.02
2024_E_PARK,832813fffffffff,85.76
2024_E_PARK,832814fffffffff,89.21
2024_E_PARK,832815fffffffff,61.4
2024_E_PARK,832816fffffffff,85.6
2024_E_PARK,832818fffffffff,88.3
2024_E_PARK,83281afffffffff,94.72
2024_E_PARK,83281bfffffffff,88.33
2024_E_PARK,83281cfffffffff,94.53
2024_E_PARK,83281efffffffff,91.27
2024_E_PARK,832830fffffffff,63.04
2024_E_PARK,832831fffffffff,36.36
2024_E_PARK,832832fffffffff,70.25
2024_E_PARK,832833fffffffff,46.61
2024_E_PARK,832834fffffffff,78.26
2024_E_PARK,832835fffffffff,100.0
2024_E_PARK,832836fffffffff,36.11
2024_E_PARK,832880fffffffff,92.87
2024_E_PARK,832881fffffffff,84.2
2024_E_PARK,832882fffffffff,99.23
2024_E_PARK,832883fffffffff,94.02
2024_E_PARK,832884fffffffff,93.53
2024_E_PARK,832885fffffffff,85.09
2024_E_PARK,832886fffffffff,97.23
2024_E_PARK,832888fffffffff,29.18
2024_E_PARK,832889fffffffff,56.68
2024_E_PARK,83288afffffffff,25.98
2024_E_PARK,83288bfffffffff,27.39
2024_E_PARK,83288cfffffffff,54.16
2024_E_PARK,83288dfffffffff,30.16
2024_E_PARK,83288efffffffff,64.3
2024_E_PARK,832890fffffffff,90.07
2024_E_PARK,832891fffffffff,91.33
2024_E_PARK,832892fffffffff,80.94
2024_E_PARK,832893fffffffff,80.37
2024_E_PARK,832894fffffffff,84.96
2024_E_PARK,832895fffffffff,97.68
2024_E_PARK,832896fffffffff,98.14
2024_E_PARK,832898fffffffff,85.7
2024_E_PARK,832899fffffffff,92.82
2024_E_PARK,83289afffffffff,83.54
2024_E_PARK,83289bfffffffff,74.36
2024_E_PARK,83289cfffffffff,98.34
2024_E_PARK,83289dfffffffff,65.88
2024_E_PARK,83289efffffffff,87.2
2024_E_PARK,8328a0fffffffff,96.42
2024_E_PARK,8328a1fffffffff,92.84
2024_E_PARK,8328a2fffffffff,95.19
2024_E_PARK,8328a3fffffffff,94.18
2024_E_PARK,8328a4fffffffff,96.55
2024_E_PARK,8328a5fffffffff,98.87
2024_E_PARK,8328a6fffffffff,93.84
2024_E_PARK,8328a8fffffffff,92.52
2024_E_PARK,8328a9fffffffff,89.93
2024_E_PARK,8328aafffffffff,85.01
2024_E_PARK,8328abfffffffff,65.03
2024_E_PARK,8328acfffffffff,93.19
2024_E_PARK,8328adfffffffff,91.94
2024_E_PARK,8328aefffffffff,90.37
2024_E_PARK,8328b0fffffffff,82.22
2024_E_PARK,8328b1fffffffff,87.42
2024_E_PARK,8328b2fffffffff,66.93
2024_E_PARK,8328b3fffffffff,93.72
2024_E_PARK,8328b4fffffffff,74.06
2024_E_PARK,8328b5fffffffff,94.56
2024_E_PARK,8328b6fffffffff,75.65
2024_E_PARK,8328c2fffffffff,75.06
2024_E_PARK,8328c6fffffffff,50.6
2024_E_PARK,8328d0fffffffff,91.02
2024_E_PARK,8328d1fffffffff,75.56
2024_E_PARK,8328d2fffffffff,91.03
2024_E_PARK,8328d3fffffffff,87.06
2024_E_PARK,8328d4fffffffff,89.92
2024_E_PARK,8328d5fffffffff,79.13
2024_E_PARK,8328d6fffffffff,72.61
2024_E_PARK,8328defffffffff,95.44
2024_E_PARK,8328f0fffffffff,69.57
2024_E_PARK,8328f1fffffffff,42.54
2024_E_PARK,8328f2fffffffff,59.62
2024_E_PARK,8328f3fffffffff,41.55
2024_E_PARK,8328f4fffffffff,73.26
2024_E_PARK,8328f5fffffffff,76.05
2024_E_PARK,8328f6fffffffff,59.65
2024_E_PARK,832912fffffffff,83.29
2024_E_PARK,832913fffffffff,39.13
2024_E_PARK,832916fffffffff,0.0
2024_E_PARK,83291afffffffff,67.35
2024_E_PARK,832980fffffffff,78.09
2024_E_PARK,832981fffffffff,85.6
2024_E_PARK,832982fffffffff,95.68
2024_E_PARK,832983fffffffff,84.9
2024_E_PARK,832984fffffffff,86.4
2024_E_PARK,832985fffffffff,87.41
2024_E_PARK,832986fffffffff,97.07
2024_E_PARK,832988fffffffff,88.09
2024_E_PARK,832989fffffffff,85.16
2024_E_PARK,83298afffffffff,96.85
2024_E_PARK,83298bfffffffff,93.37
2024_E_PARK,83298cfffffffff,97.35
2024_E_PARK,83298dfffffffff,97.5
2024_E_PARK,83298efffffffff,99.17
2024_E_PARK,832990fffffffff,95.77
2024_E_PARK,832991fffffffff,93.27
2024_E_PARK,832992fffffffff,98.52
2024_E_PARK,832993fffffffff,95.58
2024_E_PARK,832994fffffffff,67.44
2024_E_PARK,832995fffffffff,96.73
2024_E_PARK,832996fffffffff,32.0
2024_E_PARK,832998fffffffff,98.83
2024_E_PARK,832999fffffffff,96.64
2024_E_PARK,83299afffffffff,70.76
2024_E_PARK,83299bfffffffff,93.69
2024_E_PARK,83299cfffffffff,99.63
2024_E_PARK,83299dfffffffff,98.99
2024_E_PARK,83299efffffffff,96.55
2024_E_PARK,8329a0fffffffff,88.79
2024_E_PARK,8329a1fffffffff,78.22
2024_E_PARK,8329a2fffffffff,80.67
2024_E_PARK,8329a3fffffffff,68.94
2024_E_PARK,8329a4fffffffff,83.21
2024_E_PARK,8329a5fffffffff,79.81
2024_E_PARK,8329a6fffffffff,90.98
2024_E_PARK,8329a8fffffffff,26.17
2024_E_PARK,8329a9fffffffff,34.87
2024_E_PARK,8329aafffffffff,90.35
2024_E_PARK,8329abfffffffff,60.43
2024_E_PARK,8329acfffffffff,72.16
2024_E_PARK,8329adfffffffff,38.56
2024_E_PARK,8329aefffffffff,69.56
2024_E_PARK,8329b0fffffffff,74.14
2024_E_PARK,8329b1fffffffff,95.38
2024_E_PARK,8329b2fffffffff,54.64
2024_E_PARK,8329b3fffffffff,61.59
2024_E_PARK,8329b4fffffffff,81.07
2024_E_PARK,8329b5fffffffff,88.93
2024_E_PARK,8329b6fffffffff,78.5
2024_E_PARK,832a06fffffffff,96.35
2024_E_PARK,832a10fffffffff,98.72
2024_E_PARK,832a12fffffffff,85.83
2024_E_PARK,832a13fffffffff,90.82
2024_E_PARK,832a14fffffffff,88.88
2024_E_PARK,832a15fffffffff,94.2
2024_E_PARK,832a16fffffffff,73.48
2024_E_PARK,832a30fffffffff,98.96
2024_E_PARK,832a31fffffffff,97.62
2024_E_PARK,832a32fffffffff,92.58
2024_E_PARK,832a33fffffffff,96.25
2024_E_PARK,832a34fffffffff,74.02
2024_E_PARK,832a36fffffffff,87.36
2024_E_PARK,832a80fffffffff,24.58
2024_E_PARK,832a81fffffffff,58.73
2024_E_PARK,832a82fffffffff,31.54
2024_E_PARK,832a83fffffffff,23.83
2024_E_PARK,832a84fffffffff,51.94
2024_E_PARK,832a85fffffffff,35.98
2024_E_PARK,832a86fffffffff,31.29
2024_E_PARK,832a88fffffffff,14.9
2024_E_PARK,832a89fffffffff,47.78
2024_E_PARK,832a8afffffffff,41.0
2024_E_PARK,832a8bfffffffff,50.3
2024_E_PARK,832a8cfffffffff,28.08
2024_E_PARK,832a8dfffffffff,22.38
2024_E_PARK,832a8efffffffff,70.03
2024_E_PARK,832a90fffffffff,24.83
2024_E_PARK,832a91fffffffff,32.3
2024_E_PARK,832a92fffffffff,15.68
2024_E_PARK,832a93fffffffff,37.4
2024_E_PARK,832a94fffffffff,21.89
2024_E_PARK,832a95fffffffff,33.3
2024_E_PARK,832a96fffffffff,14.95
2024_E_PARK,832a98fffffffff,21.35
2024_E_PARK,832a99fffffffff,40.85
2024_E_PARK,832a9afffffffff,39.62
2024_E_PARK,832a9bfffffffff,36.49
2024_E_PARK,832a9cfffffffff,26.77
2024_E_PARK,832a9dfffffffff,21.84
2024_E_PARK,832a9efffffffff,26.48
2024_E_PARK,832aa0fffffffff,23.96
2024_E_PARK,832aa1fffffffff,41.41
2024_E_PARK,832aa2fffffffff,47.56
2024_E_PARK,832aa3fffffffff,27.43
2024_E_PARK,832aa4fffffffff,39.89
2024_E_PARK,832aa5fffffffff,32.55
2024_E_PARK,832aa6fffffffff,45.89
2024_E_PARK,832aa8fffffffff,91.47
2024_E_PARK,832aa9fffffffff,71.32
2024_E_PARK,832aaafffffffff,49.22
2024_E_PARK,832aabfffffffff,35.67
2024_E_PARK,832aacfffffffff,80.24
2024_E_PARK,832aadfffffffff,92.31
2024_E_PARK,832aaefffffffff,59.85
2024_E_PARK,832ab1fffffffff,36.54
2024_E_PARK,832ab2fffffffff,72.13
2024_E_PARK,832ab3fffffffff,50.34
2024_E_PARK,832ab5fffffffff,38.63
2024_E_PARK,832ab6fffffffff,25.66
2024_E_PARK,832ad0fffffffff,49.34
2024_E_PARK,832ad2fffffffff,27.82
2024_E_PARK,832ad3fffffffff,43.94
2024_E_PARK,832ad4fffffffff,35.68
2024_E_PARK,832ad5fffffffff,77.77
2024_E_PARK,832ad6fffffffff,53.57
2024_E_PARK,832af0fffffffff,67.41
2024_E_PARK,832af2fffffffff,33.26
2024_E_PARK,832af3fffffffff,63.71
2024_E_PARK,832af6fffffffff,42.88
2024_E_PARK,832b10fffffffff,35.96
2024_E_PARK,832b11fffffffff,10.53
2024_E_PARK,832b12fffffffff,30.5
2024_E_PARK,832b13fffffffff,41.03
2024_E_PARK,832b18fffffffff,60.65
2024_E_PARK,832b1afffffffff,47.42
2024_E_PARK,832b1bfffffffff,95.44
2024_E_PARK,832b1efffffffff,32.2
2024_E_PARK,832b81fffffffff,65.46
2024_E_PARK,832b88fffffffff,89.51
2024_E_PARK,832b89fffffffff,62.92
2024_E_PARK,832b8afffffffff,57.45
2024_E_PARK,832b8bfffffffff,52.84
2024_E_PARK,832b8cfffffffff,75.62
2024_E_PARK,832b8dfffffffff,81.05
2024_E_PARK,832b8efffffffff,48.89
2024_E_PARK,832b99fffffffff,49.85
2024_E_PARK,832b9bfffffffff,53.29
2024_E_PARK,832ba8fffffffff,78.72
2024_E_PARK,832ba9fffffffff,58.73
2024_E_PARK,832babfffffffff,77.2
2024_E_PARK,832bacfffffffff,49.17
2024_E_PARK,832badfffffffff,49.79
2024_E_PARK,834412fffffffff,97.25
2024_E_PARK,834413fffffffff,63.86
2024_E_PARK,834414fffffffff,100.0
2024_E_PARK,834416fffffffff,100.0
2024_E_PARK,83441afffffffff,61.0
2024_E_PARK,83441bfffffffff,48.33
2024_E_PARK,83441efffffffff,69.82
2024_E_PARK,834440fffffffff,27.43
2024_E_PARK,834441fffffffff,39.8
2024_E_PARK,834442fffffffff,14.08
2024_E_PARK,834443fffffffff,26.77
2024_E_PARK,834444fffffffff,35.8
2024_E_PARK,834445fffffffff,14.91
2024_E_PARK,834446fffffffff,29.19
2024_E_PARK,834448fffffffff,11.47
2024_E_PARK,834449fffffffff,39.08
2024_E_PARK,83444afffffffff,11.33
2024_E_PARK,83444bfffffffff,35.25
2024_E_PARK,83444cfffffffff,17.98
2024_E_PARK,83444dfffffffff,17.39
2024_E_PARK,83444efffffffff,23.47
2024_E_PARK,834450fffffffff,31.84
2024_E_PARK,834451fffffffff,22.14
2024_E_PARK,834452fffffffff,15.47
2024_E_PARK,834453fffffffff,10.19
2024_E_PARK,834455fffffffff,40.8
2024_E_PARK,834456fffffffff,62.81
2024_E_PARK,834458fffffffff,11.28
2024_E_PARK,834459fffffffff,14.63
2024_E_PARK,83445afffffffff,12.97
2024_E_PARK,83445bfffffffff,23.62
2024_E_PARK,83445cfffffffff,18.92
2024_E_PARK,83445dfffffffff,18.84
2024_E_PARK,83445efffffffff,7.29
2024_E_PARK,834463fffffffff,31.35
2024_E_PARK,834468fffffffff,30.06
2024_E_PARK,834469fffffffff,12.24
2024_E_PARK,83446afffffffff,29.93
2024_E_PARK,83446bfffffffff,13.42
2024_E_PARK,83446cfffffffff,52.1
2024_E_PARK,83446dfffffffff,17.41
2024_E_PARK,83446efffffffff,29.26
2024_E_PARK,834471fffffffff,8.71
2024_E_PARK,834473fffffffff,15.66
2024_E_PARK,8344a1fffffffff,92.9
2024_E_PARK,8344a5fffffffff,88.61
2024_E_PARK,8344a8fffffffff,49.98
2024_E_PARK,8344a9fffffffff,62.54
2024_E_PARK,8344abfffffffff,90.86
2024_E_PARK,8344acfffffffff,50.13
2024_E_PARK,8344adfffffffff,31.26
2024_E_PARK,8344aefffffffff,82.37
2024_E_PARK,8344c0fffffffff,24.55
2024_E_PARK,8344c1fffffffff,50.6
2024_E_PARK,8344c2fffffffff,25.96
2024_E_PARK,8344c3fffffffff,34.41
2024_E_PARK,8344c4fffffffff,16.06
2024_E_PARK,8344c5fffffffff,23.28
2024_E_PARK,8344c6fffffffff,14.51
2024_E_PARK,8344c8fffffffff,48.56
2024_E_PARK,8344c9fffffffff,27.73
2024_E_PARK,8344cafffffffff,66.48
2024_E_PARK,8344cbfffffffff,56.01
2024_E_PARK,8344ccfffffffff,50.21
2024_E_PARK,8344cdfffffffff,31.09
2024_E_PARK,8344cefffffffff,67.59
2024_E_PARK,8344d0fffffffff,48.58
2024_E_PARK,8344d1fffffffff,15.34
2024_E_PARK,8344d2fffffffff,75.49
2024_E_PARK,8344d3fffffffff,32.99
2024_E_PARK,8344d5fffffffff,32.45
2024_E_PARK,8344d8fffffffff,41.32
2024_E_PARK,8344d9fffffffff,70.97
2024_E_PARK,8344dafffffffff,48.56
2024_E_PARK,8344dbfffffffff,50.96
2024_E_PARK,8344dcfffffffff,30.53
2024_E_PARK,8344ddfffffffff,55.16
2024_E_PARK,8344defffffffff,23.93
2024_E_PARK,8344e0fffffffff,39.52
2024_E_PARK,8344e1fffffffff,6.32
2024_E_PARK,8344e2fffffffff,28.14
2024_E_PARK,8344e3fffffffff,30.19
2024_E_PARK,8344e4fffffffff,44.04
2024_E_PARK,8344e5fffffffff,19.8
2024_E_PARK,8344e6fffffffff,53.67
2024_E_PARK,8344e8fffffffff,22.37
2024_E_PARK,8344e9fffffffff,19.38
2024_E_PARK,8344eafffffffff,28.89
2024_E_PARK,8344ebfffffffff,23.15
2024_E_PARK,8344ecfffffffff,10.96
2024_E_PARK,8344edfffffffff,20.72
2024_E_PARK,8344eefffffffff,16.74
2024_E_PARK,8344f0fffffffff,47.96
2024_E_PARK,8344f1fffffffff,24.89
2024_E_PARK,8344f3fffffffff,41.89
2024_E_PARK,8344f4fffffffff,51.37
2024_E_PARK,8344f5fffffffff,32.23
2024_E_PARK,8344f6fffffffff,59.69
2024_E_PARK,834859fffffffff,83.01
2024_E_PARK,83485afffffffff,55.83
2024_E_PARK,83485bfffffffff,61.14
2024_E_PARK,834880fffffffff,2.73
2024_E_PARK,834881fffffffff,4.7
2024_E_PARK,834882fffffffff,2.95
2024_E_PARK,834883fffffffff,9.53
2024_E_PARK,834886fffffffff,1.51
2024_E_PARK,834888fffffffff,1.74
2024_E_PARK,834889fffffffff,1.17
2024_E_PARK,83488afffffffff,3.49
2024_E_PARK,83488bfffffffff,2.2
2024_E_PARK,83488cfffffffff,7.07
2024_E_PARK,83488dfffffffff,23.84
2024_E_PARK,83488efffffffff,8.17
2024_E_PARK,834890fffffffff,34.38
2024_E_PARK,834891fffffffff,3.2
2024_E_PARK,834892fffffffff,60.67
2024_E_PARK,834893fffffffff,11.91
2024_E_PARK,834895fffffffff,11.11
2024_E_PARK,834898fffffffff,18.8
2024_E_PARK,834899fffffffff,2.47
2024_E_PARK,83489afffffffff,13.06
2024_E_PARK,83489bfffffffff,4.14
2024_E_PARK,83489cfffffffff,23.01
2024_E_PARK,83489dfffffffff,3.21
2024_E_PARK,83489efffffffff,17.67
2024_E_PARK,8348abfffffffff,29.26
2024_E_PARK,8348b1fffffffff,19.99
2024_E_PARK,8348b2fffffffff,76.55
2024_E_PARK,8348b3fffffffff,21.31
2024_E_PARK,8348c0fffffffff,79.06
2024_E_PARK,8348c1fffffffff,87.88
2024_E_PARK,8348c2fffffffff,50.45
2024_E_PARK,8348c3fffffffff,74.91
2024_E_PARK,8348c4fffffffff,79.92
2024_E_PARK,8348c5fffffffff,73.35
2024_E_PARK,8348c6fffffffff,68.5
2024_E_PARK,8348c8fffffffff,24.09
2024_E_PARK,8348c9fffffffff,20.36
2024_E_PARK,8348cafffffffff,26.39
2024_E_PARK,8348cbfffffffff,0.28
2024_E_PARK,8348ccfffffffff,35.18
2024_E_PARK,8348cdfffffffff,82.35
2024_E_PARK,8348cefffffffff,57.37
2024_E_PARK,8348d0fffffffff,56.44
2024_E_PARK,8348d1fffffffff,67.27
2024_E_PARK,8348d2fffffffff,6.36
2024_E_PARK,8348d3fffffffff,22.71
2024_E_PARK,8348d4fffffffff,35.17
2024_E_PARK,8348d5fffffffff,84.51
2024_E_PARK,8348d6fffffffff,16.04
2024_E_PARK,8348d8fffffffff,58.03
2024_E_PARK,8348d9fffffffff,65.97
2024_E_PARK,8348dafffffffff,30.46
2024_E_PARK,8348dbfffffffff,80.06
2024_E_PARK,8348dcfffffffff,42.81
2024_E_PARK,8348ddfffffffff,50.73
2024_E_PARK,8348defffffffff,25.53
2024_E_PARK,8348e3fffffffff,70.86
2024_E_PARK,8348e8fffffffff,53.51
2024_E_PARK,8348e9fffffffff,48.38
2024_E_PARK,8348eafffffffff,56.62
2024_E_PARK,8348ebfffffffff,77.5
2024_E_PARK,8348ecfffffffff,68.36
2024_E_PARK,8348edfffffffff,24.97
2024_E_PARK,8348eefffffffff,58.67
2024_E_PARK,8348f2fffffffff,7.64
2024_E_PARK,8348f3fffffffff,5.27
2024_E_PARK,8348f6fffffffff,28.25
2024_E_POV200,8312c9fffffffff,46.9366
2024_E_POV200,8312cafffffffff,31.4332
2024_E_POV200,8312cbfffffffff,43.9244
2024_E_POV200,8312d8fffffffff,31.1772
2024_E_POV200,8312d9fffffffff,38.6914
2024_E_POV200,8312dafffffffff,42.3815
2024_E_POV200,8312dbfffffffff,29.4275
2024_E_POV200,8312ddfffffffff,42.0832
2024_E_POV200,8312defffffffff,42.4087
2024_E_POV200,832600fffffffff,21.9343
2024_E_POV200,832601fffffffff,23.4233
2024_E_POV200,832602fffffffff,34.0048
2024_E_POV200,832603fffffffff,27.5661
2024_E_POV200,832604fffffffff,23.0284
2024_E_POV200,832605fffffffff,23.4306
2024_E_POV200,832606fffffffff,26.7326
2024_E_POV200,832608fffffffff,25.4505
2024_E_POV200,832609fffffffff,33.5579
2024_E_POV200,83260afffffffff,19.4762
2024_E_POV200,83260bfffffffff,29.4972
2024_E_POV200,83260cfffffffff,26.5977
2024_E_POV200,83260dfffffffff,23.2696
2024_E_POV200,83260efffffffff,23.5301
2024_E_POV200,832610fffffffff,66.2214
2024_E_POV200,832611fffffffff,41.1648
2024_E_POV200,832612fffffffff,46.0938
2024_E_POV200,832613fffffffff,36.9565
2024_E_POV200,832614fffffffff,33.1577
2024_E_POV200,832615fffffffff,37.1139
2024_E_POV200,832616fffffffff,34.9208
2024_E_POV200,832618fffffffff,25.4055
2024_E_POV200,832619fffffffff,26.195
2024_E_POV200,83261afffffffff,28.0885
2024_E_POV200,83261bfffffffff,28.7493
2024_E_POV200,83261cfffffffff,33.768
2024_E_POV200,83261dfffffffff,24.0149
2024_E_POV200,83261efffffffff,27.9404
2024_E_POV200,832620fffffffff,23.7431
2024_E_POV200,832621fffffffff,18.1423
2024_E_POV200,832622fffffffff,29.1881
2024_E_POV200,832623fffffffff,25.7426
2024_E_POV200,832624fffffffff,31.1042
2024_E_POV200,832625fffffffff,25.5662
2024_E_POV200,832626fffffffff,18.2839
2024_E_POV200,832628fffffffff,25.9628
2024_E_POV200,832629fffffffff,23.8428
2024_E_POV200,83262afffffffff,25.4119
2024_E_POV200,83262bfffffffff,24.7365
2024_E_POV200,83262cfffffffff,16.3393
2024_E_POV200,83262dfffffffff,22.4098
2024_E_POV200,83262efffffffff,23.8964
2024_E_POV200,832630fffffffff,30.6012
2024_E_POV200,832631fffffffff,25.0502
2024_E_POV200,832632fffffffff,55.0993
2024_E_POV200,832633fffffffff,22.4393
2024_E_POV200,832634fffffffff,26.2596
2024_E_POV200,832635fffffffff,21.8615
2024_E_POV200,832636fffffffff,28.8013
2024_E_POV200,832640fffffffff,23.7182
2024_E_POV200,832641fffffffff,33.7669
2024_E_POV200,832642fffffffff,33.3962
2024_E_POV200,832643fffffffff,35.7896
2024_E_POV200,832644fffffffff,25.277
2024_E_POV200,832645fffffffff,29.2933
2024_E_POV200,832646fffffffff,25.797
2024_E_POV200,832648fffffffff,37.651
2024_E_POV200,832649fffffffff,30.7554
2024_E_POV200,83264afffffffff,33.8194
2024_E_POV200,83264bfffffffff,39.157
2024_E_POV200,83264cfffffffff,32.2805
2024_E_POV200,83264dfffffffff,22.8634
2024_E_POV200,83264efffffffff,39.4045
2024_E_POV200,832650fffffffff,35.223
2024_E_POV200,832651fffffffff,38.3157
2024_E_POV200,832652fffffffff,30.8316
2024_E_POV200,832653fffffffff,37.0549
2024_E_POV200,832654fffffffff,30.4272
2024_E_POV200,832655fffffffff,26.7135
2024_E_POV200,832656fffffffff,21.6068
2024_E_POV200,832658fffffffff,45.3482
2024_E_POV200,832659fffffffff,43.769
2024_E_POV200,83265afffffffff,43.6987
2024_E_POV200,83265bfffffffff,39.7165
2024_E_POV200,83265cfffffffff,45.278
2024_E_POV200,83265dfffffffff,40.123
2024_E_POV200,83265efffffffff,42.0759
2024_E_POV200,832660fffffffff,29.7153
2024_E_POV200,832661fffffffff,24.5614
2024_E_POV200,832662fffffffff,21.3199
2024_E_POV200,832663fffffffff,25.0898
2024_E_POV200,832664fffffffff,24.1281
2024_E_POV200,832665fffffffff,27.0358
2024_E_POV200,832666fffffffff,23.1078
2024_E_POV200,832668fffffffff,27.8732
2024_E_POV200,832669fffffffff,41.3815
2024_E_POV200,83266afffffffff,29.6505
2024_E_POV200,83266bfffffffff,37.4753
2024_E_POV200,83266cfffffffff,26.5689
2024_E_POV200,83266dfffffffff,27.4113
2024_E_POV200,83266efffffffff,27.3612
2024_E_POV200,832670fffffffff,27.7003
2024_E_POV200,832671fffffffff,29.57
2024_E_POV200,832672fffffffff,33.275
2024_E_POV200,832673fffffffff,32.2382
2024_E_POV200,832674fffffffff,20.9298
2024_E_POV200,832675fffffffff,24.8936
2024_E_POV200,832676fffffffff,25.2792
2024_E_POV200,832680fffffffff,32.5977
2024_E_POV200,832681fffffffff,18.7302
2024_E_POV200,832682fffffffff,37.5907
2024_E_POV200,832683fffffffff,22.2027
2024_E_POV200,832684fffffffff,34.8544
2024_E_POV200,832685fffffffff,18.0877
2024_E_POV200,832686fffffffff,30.7746
2024_E_POV200,832688fffffffff,33.9062
2024_E_POV200,832689fffffffff,36.163
2024_E_POV200,83268afffffffff,39.6554
2024_E_POV200,83268bfffffffff,40.8176
2024_E_POV200,83268cfffffffff,18.2682
2024_E_POV200,83268dfffffffff,37.092
2024_E_POV200,83268efffffffff,25.1184
2024_E_POV200,832690fffffffff,27.8428
2024_E_POV200,832691fffffffff,40.0416
2024_E_POV200,832692fffffffff,29.7168
2024_E_POV200,832693fffffffff,35.8723
2024_E_POV200,832694fffffffff,19.9705
2024_E_POV200,832695fffffffff,29.585
2024_E_POV200,832696fffffffff,17.7739
2024_E_POV200,832698fffffffff,32.4681
2024_E_POV200,832699fffffffff,34.337
2024_E_POV200,83269afffffffff,44.3286
2024_E_POV200,83269bfffffffff,56.5741
2024_E_POV200,83269cfffffffff,28.2293
2024_E_POV200,83269dfffffffff,26.1123
2024_E_POV200,83269efffffffff,33.7348
2024_E_POV200,8326a0fffffffff,26.9227
2024_E_POV200,8326a1fffffffff,37.3509
2024_E_POV200,8326a2fffffffff,18.3379
2024_E_POV200,8326a3fffffffff,22.8041
2024_E_POV200,8326a4fffffffff,22.6402
2024_E_POV200,8326a5fffffffff,31.2803
2024_E_POV200,8326a6fffffffff,22.7928
2024_E_POV200,8326a8fffffffff,31.8444
2024_E_POV200,8326a9fffffffff,31.1593
2024_E_POV200,8326aafffffffff,26.826
2024_E_POV200,8326abfffffffff,31.5193
2024_E_POV200,8326acfffffffff,29.5701
2024_E_POV200,8326adfffffffff,27.556
2024_E_POV200,8326aefffffffff,21.9361
2024_E_POV200,8326b0fffffffff,23.938
2024_E_POV200,8326b1fffffffff,19.4839
2024_E_POV200,8326b2fffffffff,18.9982
2024_E_POV200,8326b3fffffffff,19.5413
2024_E_POV200,8326b4fffffffff,29.3508
2024_E_POV200,8326b5fffffffff,30.4811
2024_E_POV200,8326b6fffffffff,21.0494
2024_E_POV200,8326c0fffffffff,32.2604
2024_E_POV200,8326c1fffffffff,29.5164
2024_E_POV200,8326c2fffffffff,34.8836
2024_E_POV200,8326c3fffffffff,34.7975
2024_E_POV200,8326c4fffffffff,31.0459
2024_E_POV200,8326c5fffffffff,30.077
2024_E_POV200,8326c6fffffffff,29.1451
2024_E_POV200,8326c8fffffffff,22.9161
2024_E_POV200,8326c9fffffffff,32.1324
2024_E_POV200,8326cafffffffff,25.3965
2024_E_POV200,8326cbfffffffff,30.5201
2024_E_POV200,8326ccfffffffff,38.9917
2024_E_POV200,8326cdfffffffff,37.3694
2024_E_POV200,8326cefffffffff,33.9124
2024_E_POV200,8326d0fffffffff,31.0814
2024_E_POV200,8326d1fffffffff,26.978
2024_E_POV200,8326d2fffffffff,45.4628
2024_E_POV200,8326d3fffffffff,41.7589
2024_E_POV200,8326d4fffffffff,35.5416
2024_E_POV200,8326d5fffffffff,29.9349
2024_E_POV200,8326d6fffffffff,47.6939
2024_E_POV200,8326d8fffffffff,39.0913
2024_E_POV200,8326d9fffffffff,29.4836
2024_E_POV200,8326dafffffffff,29.68
2024_E_POV200,8326dbfffffffff,33.8781
2024_E_POV200,8326dcfffffffff,39.5259
2024_E_POV200,8326ddfffffffff,35.3427
2024_E_POV200,8326defffffffff,39.5765
2024_E_POV200,8326e0fffffffff,29.7332
2024_E_POV200,8326e1fffffffff,32.8028
2024_E_POV200,8326e2fffffffff,30.869
2024_E_POV200,8326e3fffffffff,27.2703
2024_E_POV200,8326e4fffffffff,26.9609
2024_E_POV200,8326e5fffffffff,22.1043
2024_E_POV200,8326e6fffffffff,31.1281
2024_E_POV200,8326e8fffffffff,39.0022
2024_E_POV200,8326e9fffffffff,41.7635
2024_E_POV200,8326eafffffffff,37.1504
2024_E_POV200,8326ebfffffffff,43.8714
2024_E_POV200,8326ecfffffffff,37.3499
2024_E_POV200,8326edfffffffff,35.7749
2024_E_POV200,8326eefffffffff,33.8918
2024_E_POV200,8326f0fffffffff,31.7137
2024_E_POV200,8326f1fffffffff,25.263
2024_E_POV200,8326f2fffffffff,37.0864
2024_E_POV200,8326f3fffffffff,30.2646
2024_E_POV200,8326f4fffffffff,30.1395
2024_E_POV200,8326f5fffffffff,27.5749
2024_E_POV200,8326f6fffffffff,29.3583
2024_E_POV200,832708fffffffff,25.7341
2024_E_POV200,832709fffffffff,22.8439
2024_E_POV200,83270afffffffff,36.1138
2024_E_POV200,83270bfffffffff,32.369
2024_E_POV200,83270dfffffffff,26.3748
2024_E_POV200,83270efffffffff,31.7584
2024_E_POV200,832718fffffffff,23.3704
2024_E_POV200,832719fffffffff,22.326
2024_E_POV200,83271afffffffff,30.1253
2024_E_POV200,83271bfffffffff,20.4001
2024_E_POV200,83271cfffffffff,27.5842
2024_E_POV200,83271dfffffffff,24.0204
2024_E_POV200,83271efffffffff,32.0682
2024_E_POV200,832740fffffffff,27.7101
2024_E_POV200,832741fffffffff,31.0113
2024_E_POV200,832742fffffffff,29.2818
2024_E_POV200,832743fffffffff,19.2571
2024_E_POV200,832744fffffffff,30.7658
2024_E_POV200,832745fffffffff,30.2757
2024_E_POV200,832746fffffffff,28.7238
2024_E_POV200,832748fffffffff,22.5667
2024_E_POV200,832749fffffffff,25.9085
2024_E_POV200,83274bfffffffff,26.5655
2024_E_POV200,83274cfffffffff,35.5779
2024_E_POV200,83274dfffffffff,22.7021
2024_E_POV200,83274efffffffff,35.5422
2024_E_POV200,832750fffffffff,29.1907
2024_E_POV200,832751fffffffff,25.3549
2024_E_POV200,832752fffffffff,20.471
2024_E_POV200,832753fffffffff,23.5586
2024_E_POV200,832754fffffffff,27.9367
2024_E_POV200,832755fffffffff,26.0445
2024_E_POV200,832756fffffffff,27.0991
2024_E_POV200,832758fffffffff,18.2514
2024_E_POV200,832759fffffffff,17.1462
2024_E_POV200,83275afffffffff,26.4658
2024_E_POV200,83275bfffffffff,23.1153
2024_E_POV200,83275cfffffffff,22.8811
2024_E_POV200,83275dfffffffff,15.6374
2024_E_POV200,83275efffffffff,30.2433
2024_E_POV200,832763fffffffff,33.3978
2024_E_POV200,832768fffffffff,33.2116
2024_E_POV200,83276afffffffff,37.0225
2024_E_POV200,83276bfffffffff,33.1818
2024_E_POV200,83276efffffffff,32.3696
2024_E_POV200,832770fffffffff,95.3752
2024_E_POV200,832771fffffffff,28.8516
2024_E_POV200,832772fffffffff,21.9136
2024_E_POV200,832773fffffffff,32.4774
2024_E_POV200,832780fffffffff,29.7017
2024_E_POV200,832781fffffffff,22.5558
2024_E_POV200,832782fffffffff,31.7567
2024_E_POV200,832783fffffffff,34.6641
2024_E_POV200,832784fffffffff,33.1861
2024_E_POV200,832785fffffffff,39.7249
2024_E_POV200,832786fffffffff,34.5462
2024_E_POV200,832788fffffffff,28.7498
2024_E_POV200,832789fffffffff,36.2624
2024_E_POV200,83278afffffffff,28.9427
2024_E_POV200,83278bfffffffff,31.1709
2024_E_POV200,83278cfffffffff,25.3787
2024_E_POV200,83278dfffffffff,31.7025
2024_E_POV200,83278efffffffff,28.7915
2024_E_POV200,832790fffffffff,35.2194
2024_E_POV200,832791fffffffff,27.8508
2024_E_POV200,832792fffffffff,27.4505
2024_E_POV200,832793fffffffff,28.0895
2024_E_POV200,832794fffffffff,42.1873
2024_E_POV200,832795fffffffff,36.3197
2024_E_POV200,832796fffffffff,38.3037
2024_E_POV200,832798fffffffff,43.2536
2024_E_POV200,832799fffffffff,26.3221
2024_E_POV200,83279afffffffff,26.5126
2024_E_POV200,83279bfffffffff,29.2371
2024_E_POV200,83279cfffffffff,32.6659
2024_E_POV200,83279dfffffffff,40.638
2024_E_POV200,83279efffffffff,27.391
2024_E_POV200,8327a3fffffffff,26.541
2024_E_POV200,8327a8fffffffff,22.7935
2024_E_POV200,8327a9fffffffff,19.8676
2024_E_POV200,8327aafffffffff,22.3317
2024_E_POV200,8327abfffffffff,22.6758
2024_E_POV200,8327acfffffffff,17.4194
2024_E_POV200,8327adfffffffff,22.8089
2024_E_POV200,8327aefffffffff,21.1584
2024_E_POV200,8327b3fffffffff,32.9879
2024_E_POV200,832800fffffffff,36.1946
2024_E_POV200,832802fffffffff,40.0351
2024_E_POV200,832806fffffffff,47.4439
2024_E_POV200,832810fffffffff,33.1535
2024_E_POV200,832811fffffffff,37.1006
2024_E_POV200,832812fffffffff,29.9587
2024_E_POV200,832813fffffffff,40.6612
2024_E_POV200,832814fffffffff,31.8013
2024_E_POV200,832815fffffffff,33.2832
2024_E_POV200,832816fffffffff,30.5632
2024_E_POV200,832818fffffffff,39.4373
2024_E_POV200,83281afffffffff,40.4764
2024_E_POV200,83281bfffffffff,32.3112
2024_E_POV200,83281cfffffffff,38.6976
2024_E_POV200,83281efffffffff,31.5538
2024_E_POV200,832830fffffffff,19.3951
2024_E_POV200,832831fffffffff,26.901
2024_E_POV200,832832fffffffff,22.5215
2024_E_POV200,832833fffffffff,31.3802
2024_E_POV200,832834fffffffff,15.7529
2024_E_POV200,832835fffffffff,18.8565
2024_E_POV200,832836fffffffff,29.8182
2024_E_POV200,832880fffffffff,36.8677
2024_E_POV200,832881fffffffff,38.0048
2024_E_POV200,832882fffffffff,28.8872
2024_E_POV200,832883fffffffff,32.3824
2024_E_POV200,832884fffffffff,29.7695
2024_E_POV200,832885fffffffff,37.6536
2024_E_POV200,832886fffffffff,27.997
2024_E_POV200,832888fffffffff,28.3119
2024_E_POV200,832889fffffffff,29.6811
2024_E_POV200,83288afffffffff,30.3998
2024_E_POV200,83288bfffffffff,32.0384
2024_E_POV200,83288cfffffffff,28.0568
2024_E_POV200,83288dfffffffff,34.4914
2024_E_POV200,83288efffffffff,29.2008
2024_E_POV200,832890fffffffff,24.6239
2024_E_POV200,832891fffffffff,29.2922
2024_E_POV200,832892fffffffff,22.762
2024_E_POV200,832893fffffffff,27.8718
2024_E_POV200,832894fffffffff,32.9491
2024_E_POV200,832895fffffffff,30.011
2024_E_POV200,832896fffffffff,25.5631
2024_E_POV200,832898fffffffff,32.6339
2024_E_POV200,832899fffffffff,40.6824
2024_E_POV200,83289afffffffff,37.3013
2024_E_POV200,83289bfffffffff,36.6693
2024_E_POV200,83289cfffffffff,26.6429
2024_E_POV200,83289dfffffffff,30.9678
2024_E_POV200,83289efffffffff,29.8228
2024_E_POV200,8328a0fffffffff,34.5571
2024_E_POV200,8328a1fffffffff,37.4589
2024_E_POV200,8328a2fffffffff,36.7499
2024_E_POV200,8328a3fffffffff,36.3483
2024_E_POV200,8328a4fffffffff,32.9676
2024_E_POV200,8328a5fffffffff,26.439
2024_E_POV200,8328a6fffffffff,36.559
2024_E_POV200,8328a8fffffffff,33.0479
2024_E_POV200,8328a9fffffffff,20.9945
2024_E_POV200,8328aafffffffff,38.3688
2024_E_POV200,8328abfffffffff,34.141
2024_E_POV200,8328acfffffffff,40.968
2024_E_POV200,8328adfffffffff,44.9765
2024_E_POV200,8328aefffffffff,42.203
2024_E_POV200,8328b0fffffffff,36.3754
2024_E_POV200,8328b1fffffffff,35.6201
2024_E_POV200,8328b2fffffffff,32.6386
2024_E_POV200,8328b3fffffffff,40.9055
2024_E_POV200,8328b4fffffffff,29.7492
2024_E_POV200,8328b5fffffffff,41.0897
2024_E_POV200,8328b6fffffffff,25.8721
2024_E_POV200,8328c2fffffffff,37.9584
2024_E_POV200,8328c6fffffffff,32.7825
2024_E_POV200,8328d0fffffffff,20.6361
2024_E_POV200,8328d1fffffffff,21.327
2024_E_POV200,8328d2fffffffff,34.1322
2024_E_POV200,8328d3fffffffff,24.1597
2024_E_POV200,8328d4fffffffff,15.7077
2024_E_POV200,8328d5fffffffff,24.9811
2024_E_POV200,8328d6fffffffff,27.6018
2024_E_POV200,8328defffffffff,22.1398
2024_E_POV200,8328f0fffffffff,21.6052
2024_E_POV200,8328f1fffffffff,31.5832
2024_E_POV200,8328f2fffffffff,30.238
2024_E_POV200,8328f3fffffffff,25.1881
2024_E_POV200,8328f4fffffffff,25.6847
2024_E_POV200,8328f5fffffffff,30.5653
2024_E_POV200,8328f6fffffffff,36.7344
2024_E_POV200,832912fffffffff,48.8858
2024_E_POV200,832913fffffffff,21.079
2024_E_POV200,83291afffffffff,28.4081
2024_E_POV200,832980fffffffff,24.4678
2024_E_POV200,832981fffffffff,28.7638
2024_E_POV200,832982fffffffff,30.6349
2024_E_POV200,832983fffffffff,31.5204
2024_E_POV200,832984fffffffff,39.3503
2024_E_POV200,832985fffffffff,37.2744
2024_E_POV200,832986fffffffff,26.757
2024_E_POV200,832988fffffffff,38.3241
2024_E_POV200,832989fffffffff,23.6867
2024_E_POV200,83298afffffffff,26.6322
2024_E_POV200,83298bfffffffff,26.346
2024_E_POV200,83298cfffffffff,35.9865
2024_E_POV200,83298dfffffffff,26.8573
2024_E_POV200,83298efffffffff,40.6912
2024_E_POV200,832990fffffffff,37.4542
2024_E_POV200,832991fffffffff,24.7579
2024_E_POV200,832992fffffffff,36.9039
2024_E_POV200,832993fffffffff,32.4359
2024_E_POV200,832994fffffffff,44.3873
2024_E_POV200,832995fffffffff,42.5419
2024_E_POV200,832996fffffffff,53.4214
2024_E_POV200,832998fffffffff,21.7401
2024_E_POV200,832999fffffffff,27.164
2024_E_POV200,83299afffffffff,35.9462
2024_E_POV200,83299bfffffffff,33.3397
2024_E_POV200,83299cfffffffff,25.7948
2024_E_POV200,83299dfffffffff,28.7116
2024_E_POV200,83299efffffffff,27.3816
2024_E_POV200,8329a0fffffffff,27.7598
2024_E_POV200,8329a1fffffffff,26.7732
2024_E_POV200,8329a2fffffffff,46.0745
2024_E_POV200,8329a3fffffffff,42.4936
2024_E_POV200,8329a4fffffffff,21.9111
2024_E_POV200,8329a5fffffffff,25.8805
2024_E_POV200,8329a6fffffffff,48.9682
2024_E_POV200,8329a8fffffffff,51.3455
2024_E_POV200,8329a9fffffffff,36.5116
2024_E_POV200,8329aafffffffff,29.8212
2024_E_POV200,8329abfffffffff,30.6957
2024_E_POV200,8329acfffffffff,34.1024
2024_E_POV200,8329adfffffffff,23.2665
2024_E_POV200,8329aefffffffff,46.1313
2024_E_POV200,8329b0fffffffff,39.1364
2024_E_POV200,8329b1fffffffff,46.2208
2024_E_POV200,8329b2fffffffff,27.3196
2024_E_POV200,8329b3fffffffff,44.6624
2024_E_POV200,8329b4fffffffff,36.3246
2024_E_POV200,8329b5fffffffff,52.2003
2024_E_POV200,8329b6fffffffff,25.4224
2024_E_POV200,832a06fffffffff,16.0749
2024_E_POV200,832a10fffffffff,13.4345
2024_E_POV200,832a12fffffffff,17.7774
2024_E_POV200,832a13fffffffff,17.0029
2024_E_POV200,832a14fffffffff,16.3266
2024_E_POV200,832a15fffffffff,15.2861
2024_E_POV200,832a16fffffffff,24.4974
2024_E_POV200,832a30fffffffff,12.2612
2024_E_POV200,832a31fffffffff,16.8174
2024_E_POV200,832a32fffffffff,19.3773
2024_E_POV200,832a33fffffffff,15.0297
2024_E_POV200,832a34fffffffff,19.3699
2024_E_POV200,832a36fffffffff,21.55
2024_E_POV200,832a80fffffffff,31.9212
2024_E_POV200,832a81fffffffff,35.6324
2024_E_POV200,832a82fffffffff,34.65
2024_E_POV200,832a83fffffffff,43.9039
2024_E_POV200,832a84fffffffff,24.3657
2024_E_POV200,832a85fffffffff,30.7538
2024_E_POV200,832a86fffffffff,29.421
2024_E_POV200,832a88fffffffff,35.4937
2024_E_POV200,832a89fffffffff,36.0974
2024_E_POV200,832a8afffffffff,32.9345
2024_E_POV200,832a8bfffffffff,31.6393
2024_E_POV200,832a8cfffffffff,25.8909
2024_E_POV200,832a8dfffffffff,28.0207
2024_E_POV200,832a8efffffffff,36.9922
2024_E_POV200,832a90fffffffff,23.2752
2024_E_POV200,832a91fffffffff,33.3524
2024_E_POV200,832a92fffffffff,27.0597
2024_E_POV200,832a93fffffffff,23.469
2024_E_POV200,832a94fffffffff,24.8582
2024_E_POV200,832a95fffffffff,24.8344
2024_E_POV200,832a96fffffffff,23.9114
2024_E_POV200,832a98fffffffff,51.9278
2024_E_POV200,832a99fffffffff,40.4545
2024_E_POV200,832a9afffffffff,46.6493
2024_E_POV200,832a9bfffffffff,47.8383
2024_E_POV200,832a9cfffffffff,37.8781
2024_E_POV200,832a9dfffffffff,44.3804
2024_E_POV200,832a9efffffffff,43.6953
2024_E_POV200,832aa0fffffffff,31.8802
2024_E_POV200,832aa1fffffffff,25.3979
2024_E_POV200,832aa2fffffffff,31.4409
2024_E_POV200,832aa3fffffffff,29.1966
2024_E_POV200,832aa4fffffffff,28.0056
2024_E_POV200,832aa5fffffffff,27.3833
2024_E_POV200,832aa6fffffffff,29.9482
2024_E_POV200,832aa8fffffffff,15.7426
2024_E_POV200,832aa9fffffffff,27.8966
2024_E_POV200,832aaafffffffff,18.2532
2024_E_POV200,832aabfffffffff,23.0414
2024_E_POV200,832aacfffffffff,16.9625
2024_E_POV200,832aadfffffffff,25.7678
2024_E_POV200,832aaefffffffff,19.6977
2024_E_POV200,832ab1fffffffff,29.3932
2024_E_POV200,832ab2fffffffff,23.996
2024_E_POV200,832ab3fffffffff,22.6409
2024_E_POV200,832ab5fffffffff,29.8287
2024_E_POV200,832ab6fffffffff,26.9649
2024_E_POV200,832ad0fffffffff,39.5504
2024_E_POV200,832ad2fffffffff,49.6929
2024_E_POV200,832ad3fffffffff,37.0093
2024_E_POV200,832ad4fffffffff,40.241
2024_E_POV200,832ad5fffffffff,31.1041
2024_E_POV200,832ad6fffffffff,30.6723
2024_E_POV200,832af0fffffffff,22.2449
2024_E_POV200,832af2fffffffff,37.7299
2024_E_POV200,832af3fffffffff,41.0308
2024_E_POV200,832af6fffffffff,23.0305
2024_E_POV200,832b10fffffffff,37.8623
2024_E_POV200,832b11fffffffff,37.3486
2024_E_POV200,832b12fffffffff,34.6357
2024_E_POV200,832b13fffffffff,30.1713
2024_E_POV200,832b18fffffffff,37.0474
2024_E_POV200,832b1afffffffff,30.9421
2024_E_POV200,832b1bfffffffff,20.3831
2024_E_POV200,832b1efffffffff,41.0377
2024_E_POV200,832b81fffffffff,35.7712
2024_E_POV200,832b88fffffffff,25.9307
2024_E_POV200,832b89fffffffff,21.7405
2024_E_POV200,832b8afffffffff,28.8373
2024_E_POV200,832b8bfffffffff,29.4991
2024_E_POV200,832b8cfffffffff,27.2816
2024_E_POV200,832b8dfffffffff,23.8018
2024_E_POV200,832b8efffffffff,34.7073
2024_E_POV200,832b99fffffffff,22.7897
2024_E_POV200,832b9bfffffffff,20.4257
2024_E_POV200,832ba8fffffffff,38.1204
2024_E_POV200,832ba9fffffffff,32.3078
2024_E_POV200,832babfffffffff,27.0269
2024_E_POV200,832bacfffffffff,35.0691
2024_E_POV200,832badfffffffff,31.2022
2024_E_POV200,834412fffffffff,29.6446
2024_E_POV200,834413fffffffff,26.4805
2024_E_POV200,834414fffffffff,13.2498
2024_E_POV200,834416fffffffff,21.3561
2024_E_POV200,83441afffffffff,30.2467
2024_E_POV200,83441bfffffffff,47.48
2024_E_POV200,83441efffffffff,18.7493
2024_E_POV200,834440fffffffff,40.3215
2024_E_POV200,834441fffffffff,38.1135
2024_E_POV200,834442fffffffff,44.6137
2024_E_POV200,834443fffffffff,48.6723
2024_E_POV200,834444fffffffff,37.8842
2024_E_POV200,834445fffffffff,36.7212
2024_E_POV200,834446fffffffff,29.8851
2024_E_POV200,834448fffffffff,41.1271
2024_E_POV200,834449fffffffff,41.6861
2024_E_POV200,83444afffffffff,42.648
2024_E_POV200,83444bfffffffff,34.4526
2024_E_POV200,83444cfffffffff,42.4436
2024_E_POV200,83444dfffffffff,37.7782
2024_E_POV200,83444efffffffff,45.0333
2024_E_POV200,834450fffffffff,34.7066
2024_E_POV200,834451fffffffff,41.3253
2024_E_POV200,834452fffffffff,36.7325
2024_E_POV200,834453fffffffff,43.8867
2024_E_POV200,834455fffffffff,33.554
2024_E_POV200,834456fffffffff,26.1947
2024_E_POV200,834458fffffffff,47.7112
2024_E_POV200,834459fffffffff,50.7852
2024_E_POV200,83445afffffffff,42.4453
2024_E_POV200,83445bfffffffff,41.8438
2024_E_POV200,83445cfffffffff,35.9187
2024_E_POV200,83445dfffffffff,48.9058
2024_E_POV200,83445efffffffff,44.9238
2024_E_POV200,834463fffffffff,33.4477
2024_E_POV200,834468fffffffff,37.9513
2024_E_POV200,834469fffffffff,34.433
2024_E_POV200,83446afffffffff,40.2718
2024_E_POV200,83446bfffffffff,37.232
2024_E_POV200,83446cfffffffff,29.1313
2024_E_POV200,83446dfffffffff,24.3981
2024_E_POV200,83446efffffffff,32.4177
2024_E_POV200,834471fffffffff,37.5178
2024_E_POV200,834473fffffffff,49.1349
2024_E_POV200,8344a1fffffffff,38.2302
2024_E_POV200,8344a5fffffffff,56.2874
2024_E_POV200,8344a8fffffffff,32.1922
2024_E_POV200,8344a9fffffffff,26.3553
2024_E_POV200,8344abfffffffff,9.1779
2024_E_POV200,8344acfffffffff,36.804
2024_E_POV200,8344adfffffffff,38.2783
2024_E_POV200,8344aefffffffff,18.8486
2024_E_POV200,8344c0fffffffff,39.7948
2024_E_POV200,8344c1fffffffff,26.103
2024_E_POV200,8344c2fffffffff,42.4159
2024_E_POV200,8344c3fffffffff,36.1745
2024_E_POV200,8344c4fffffffff,41.7689
2024_E_POV200,8344c5fffffffff,39.8041
2024_E_POV200,8344c6fffffffff,44.1
2024_E_POV200,8344c8fffffffff,33.6441
2024_E_POV200,8344c9fffffffff,39.1814
2024_E_POV200,8344cafffffffff,29.0644
2024_E_POV200,8344cbfffffffff,47.8532
2024_E_POV200,8344ccfffffffff,32.9591
2024_E_POV200,8344cdfffffffff,37.2269
2024_E_POV200,8344cefffffffff,32.1727
2024_E_POV200,8344d0fffffffff,29.778
2024_E_POV200,8344d1fffffffff,46.3682
2024_E_POV200,8344d2fffffffff,41.1079
2024_E_POV200,8344d3fffffffff,44.3236
2024_E_POV200,8344d5fffffffff,34.2558
2024_E_POV200,8344d8fffffffff,32.8195
2024_E_POV200,8344d9fffffffff,35.5724
2024_E_POV200,8344dafffffffff,33.3471
2024_E_POV200,8344dbfffffffff,33.498
2024_E_POV200,8344dcfffffffff,36.1174
2024_E_POV200,8344ddfffffffff,31.3938
2024_E_POV200,8344defffffffff,39.9584
2024_E_POV200,8344e0fffffffff,42.5296
2024_E_POV200,8344e1fffffffff,39.6848
2024_E_POV200,8344e2fffffffff,40.1172
2024_E_POV200,8344e3fffffffff,45.899
2024_E_POV200,8344e4fffffffff,43.5302
2024_E_POV200,8344e5fffffffff,36.1436
2024_E_POV200,8344e6fffffffff,36.6866
2024_E_POV200,8344e8fffffffff,32.1628
2024_E_POV200,8344e9fffffffff,36.2517
2024_E_POV200,8344eafffffffff,35.2208
2024_E_POV200,8344ebfffffffff,36.7513
2024_E_POV200,8344ecfffffffff,44.7131
2024_E_POV200,8344edfffffffff,46.5438
2024_E_POV200,8344eefffffffff,39.43
2024_E_POV200,8344f0fffffffff,29.3288
2024_E_POV200,8344f1fffffffff,45.9516
2024_E_POV200,8344f3fffffffff,38.1374
2024_E_POV200,8344f4fffffffff,39.1175
2024_E_POV200,8344f5fffffffff,44.6319
2024_E_POV200,8344f6fffffffff,31.652
2024_E_POV200,834859fffffffff,44.2119
2024_E_POV200,83485afffffffff,15.6849
2024_E_POV200,83485bfffffffff,52.2503
2024_E_POV200,834880fffffffff,40.5701
2024_E_POV200,834881fffffffff,41.9843
2024_E_POV200,834882fffffffff,38.474
2024_E_POV200,834883fffffffff,46.2179
2024_E_POV200,834886fffffffff,52.5067
2024_E_POV200,834888fffffffff,28.0664
2024_E_POV200,834889fffffffff,43.237
2024_E_POV200,83488afffffffff,25.7847
2024_E_POV200,83488bfffffffff,28.8679
2024_E_POV200,83488cfffffffff,25.3232
2024_E_POV200,83488dfffffffff,30.1329
2024_E_POV200,83488efffffffff,44.6522
2024_E_POV200,834890fffffffff,31.2598
2024_E_POV200,834891fffffffff,34.7393
2024_E_POV200,834892fffffffff,31.995
2024_E_POV200,834893fffffffff,35.1899
2024_E_POV200,834895fffffffff,40.9591
2024_E_POV200,834898fffffffff,20.7641
2024_E_POV200,834899fffffffff,30.467
2024_E_POV200,83489afffffffff,28.4048
2024_E_POV200,83489bfffffffff,29.5525
2024_E_POV200,83489cfffffffff,25.9977
2024_E_POV200,83489dfffffffff,32.4477
2024_E_POV200,83489efffffffff,28.5655
2024_E_POV200,8348abfffffffff,24.9131
2024_E_POV200,8348b1fffffffff,58.8302
2024_E_POV200,8348b2fffffffff,48.8818
2024_E_POV200,8348b3fffffffff,55.8549
2024_E_POV200,8348c0fffffffff,45.8734
2024_E_POV200,8348c1fffffffff,45.8157
2024_E_POV200,8348c2fffffffff,41.3857
2024_E_POV200,8348c3fffffffff,40.7955
2024_E_POV200,8348c4fffffffff,45.5154
2024_E_POV200,8348c5fffffffff,43.9922
2024_E_POV200,8348c6fffffffff,40.1117
2024_E_POV200,8348c8fffffffff,56.1794
2024_E_POV200,8348c9fffffffff,47.7808
2024_E_POV200,8348cafffffffff,63.5009
2024_E_POV200,8348cbfffffffff,68.5956
2024_E_POV200,8348ccfffffffff,53.691
2024_E_POV200,8348cdfffffffff,33.3574
2024_E_POV200,8348cefffffffff,43.4041
2024_E_POV200,8348d0fffffffff,33.09
2024_E_POV200,8348d1fffffffff,37.6618
2024_E_POV200,8348d2fffffffff,38.0183
2024_E_POV200,8348d3fffffffff,41.7201
2024_E_POV200,8348d4fffffffff,36.28
2024_E_POV200,8348d5fffffffff,41.2922
2024_E_POV200,8348d6fffffffff,34.3569
2024_E_POV200,8348d8fffffffff,34.2038
2024_E_POV200,8348d9fffffffff,60.4801
2024_E_POV200,8348dafffffffff,47.1207
2024_E_POV200,8348dbfffffffff,40.8379
2024_E_POV200,8348dcfffffffff,55.3544
2024_E_POV200,8348ddfffffffff,55.0159
2024_E_POV200,8348defffffffff,45.7591
2024_E_POV200,8348e3fffffffff,44.4047
2024_E_POV200,8348e8fffffffff,38.9783
2024_E_POV200,8348e9fffffffff,41.9432
2024_E_POV200,8348eafffffffff,43.9577
2024_E_POV200,8348ebfffffffff,35.5932
2024_E_POV200,8348ecfffffffff,44.6085
2024_E_POV200,8348edfffffffff,59.7185
2024_E_POV200,8348eefffffffff,34.5793
2024_E_POV200,8348f2fffffffff,43.963
2024_E_POV200,8348f3fffffffff,58.2969
2024_E_POV200,8348f6fffffffff,61.0765
2024_E_RAIL,8312c9fffffffff,6.61
2024_E_RAIL,8312cafffffffff,6.32
2024_E_RAIL,8312cbfffffffff,4.03
2024_E_RAIL,8312d8fffffffff,8.83
2024_E_RAIL,8312d9fffffffff,9.6
2024_E_RAIL,8312dafffffffff,2.37
2024_E_RAIL,8312dbfffffffff,15.68
2024_E_RAIL,8312ddfffffffff,12.05
2024_E_RAIL,8312defffffffff,4.07
2024_E_RAIL,832600fffffffff,9.19
2024_E_RAIL,832601fffffffff,13.56
2024_E_RAIL,832602fffffffff,0.41
2024_E_RAIL,832603fffffffff,4.63
2024_E_RAIL,832604fffffffff,6.5
2024_E_RAIL,832605fffffffff,10.71
2024_E_RAIL,832606fffffffff,7.52
2024_E_RAIL,832608fffffffff,14.63
2024_E_RAIL,832609fffffffff,2.87
2024_E_RAIL,83260afffffffff,15.63
2024_E_RAIL,83260bfffffffff,12.02
2024_E_RAIL,83260cfffffffff,10.42
2024_E_RAIL,83260dfffffffff,10.29
2024_E_RAIL,83260efffffffff,12.91
2024_E_RAIL,832610fffffffff,0.28
2024_E_RAIL,832611fffffffff,0.0
2024_E_RAIL,832612fffffffff,5.48
2024_E_RAIL,832613fffffffff,2.52
2024_E_RAIL,832614fffffffff,3.15
2024_E_RAIL,832615fffffffff,1.22
2024_E_RAIL,832616fffffffff,5.02
2024_E_RAIL,832618fffffffff,10.96
2024_E_RAIL,832619fffffffff,12.88
2024_E_RAIL,83261afffffffff,8.19
2024_E_RAIL,83261bfffffffff,7.49
2024_E_RAIL,83261cfffffffff,1.98
2024_E_RAIL,83261dfffffffff,15.1
2024_E_RAIL,83261efffffffff,4.14
2024_E_RAIL,832620fffffffff,8.94
2024_E_RAIL,832621fffffffff,14.58
2024_E_RAIL,832622fffffffff,10.39
2024_E_RAIL,832623fffffffff,11.99
2024_E_RAIL,832624fffffffff,5.96
2024_E_RAIL,832625fffffffff,5.24
2024_E_RAIL,832626fffffffff,19.88
2024_E_RAIL,832628fffffffff,19.42
2024_E_RAIL,832629fffffffff,11.2
2024_E_RAIL,83262afffffffff,12.92
2024_E_RAIL,83262bfffffffff,18.13
2024_E_RAIL,83262cfffffffff,18.01
2024_E_RAIL,83262dfffffffff,7.58
2024_E_RAIL,83262efffffffff,11.87
2024_E_RAIL,832630fffffffff,3.66
2024_E_RAIL,832631fffffffff,7.37
2024_E_RAIL,832632fffffffff,3.12
2024_E_RAIL,832633fffffffff,3.65
2024_E_RAIL,832634fffffffff,8.74
2024_E_RAIL,832635fffffffff,11.6
2024_E_RAIL,832636fffffffff,4.97
2024_E_RAIL,832640fffffffff,30.1
2024_E_RAIL,832641fffffffff,17.83
2024_E_RAIL,832642fffffffff,9.95
2024_E_RAIL,832643fffffffff,9.57
2024_E_RAIL,832644fffffffff,22.09
2024_E_RAIL,832645fffffffff,20.31
2024_E_RAIL,832646fffffffff,16.48
2024_E_RAIL,832648fffffffff,6.75
2024_E_RAIL,832649fffffffff,12.61
2024_E_RAIL,83264afffffffff,13.04
2024_E_RAIL,83264bfffffffff,12.44
2024_E_RAIL,83264cfffffffff,9.45
2024_E_RAIL,83264dfffffffff,16.02
2024_E_RAIL,83264efffffffff,15.03
2024_E_RAIL,832650fffffffff,5.24
2024_E_RAIL,832651fffffffff,5.13
2024_E_RAIL,832652fffffffff,16.1
2024_E_RAIL,832653fffffffff,10.22
2024_E_RAIL,832654fffffffff,17.64
2024_E_RAIL,832655fffffffff,10.37
2024_E_RAIL,832656fffffffff,22.89
2024_E_RAIL,832658fffffffff,9.81
2024_E_RAIL,832659fffffffff,18.26
2024_E_RAIL,83265afffffffff,4.08
2024_E_RAIL,83265bfffffffff,10.38
2024_E_RAIL,83265cfffffffff,2.8
2024_E_RAIL,83265dfffffffff,11.62
2024_E_RAIL,83265efffffffff,6.01
2024_E_RAIL,832660fffffffff,25.03
2024_E_RAIL,832661fffffffff,17.63
2024_E_RAIL,832662fffffffff,23.12
2024_E_RAIL,832663fffffffff,21.64
2024_E_RAIL,832664fffffffff,43.29
2024_E_RAIL,832665fffffffff,19.51
2024_E_RAIL,832666fffffffff,25.21
2024_E_RAIL,832668fffffffff,17.71
2024_E_RAIL,832669fffffffff,3.51
2024_E_RAIL,83266afffffffff,18.44
2024_E_RAIL,83266bfffffffff,9.35
2024_E_RAIL,83266cfffffffff,12.16
2024_E_RAIL,83266dfffffffff,17.18
2024_E_RAIL,83266efffffffff,20.98
2024_E_RAIL,832670fffffffff,13.18
2024_E_RAIL,832671fffffffff,15.54
2024_E_RAIL,832672fffffffff,10.06
2024_E_RAIL,832673fffffffff,11.82
2024_E_RAIL,832674fffffffff,12.88
2024_E_RAIL,832675fffffffff,19.59
2024_E_RAIL,832676fffffffff,13.78
2024_E_RAIL,832680fffffffff,4.94
2024_E_RAIL,832681fffffffff,7.28
2024_E_RAIL,832682fffffffff,1.3
2024_E_RAIL,832683fffffffff,4.45
2024_E_RAIL,832684fffffffff,2.04
2024_E_RAIL,832685fffffffff,5.44
2024_E_RAIL,832686fffffffff,2.1
2024_E_RAIL,832688fffffffff,8.66
2024_E_RAIL,832689fffffffff,7.1
2024_E_RAIL,83268afffffffff,4.67
2024_E_RAIL,83268bfffffffff,5.24
2024_E_RAIL,83268cfffffffff,7.59
2024_E_RAIL,83268dfffffffff,3.82
2024_E_RAIL,83268efffffffff,0.61
2024_E_RAIL,832690fffffffff,4.99
2024_E_RAIL,832691fffffffff,3.13
2024_E_RAIL,832692fffffffff,5.57
2024_E_RAIL,832693fffffffff,2.64
2024_E_RAIL,832694fffffffff,5.25
2024_E_RAIL,832695fffffffff,0.68
2024_E_RAIL,832696fffffffff,12.29
2024_E_RAIL,832698fffffffff,0.27
2024_E_RAIL,832699fffffffff,1.62
2024_E_RAIL,83269afffffffff,0.0
2024_E_RAIL,83269bfffffffff,0.01
2024_E_RAIL,83269cfffffffff,6.15
2024_E_RAIL,83269dfffffffff,0.89
2024_E_RAIL,83269efffffffff,2.23
2024_E_RAIL,8326a0fffffffff,6.13
2024_E_RAIL,8326a1fffffffff,6.51
2024_E_RAIL,8326a2fffffffff,3.31
2024_E_RAIL,8326a3fffffffff,5.85
2024_E_RAIL,8326a4fffffffff,5.89
2024_E_RAIL,8326a5fffffffff,5.23
2024_E_RAIL,8326a6fffffffff,0.95
2024_E_RAIL,8326a8fffffffff,9.68
2024_E_RAIL,8326a9fffffffff,4.98
2024_E_RAIL,8326aafffffffff,12.15
2024_E_RAIL,8326abfffffffff,5.01
2024_E_RAIL,8326acfffffffff,9.19
2024_E_RAIL,8326adfffffffff,8.54
2024_E_RAIL,8326aefffffffff,10.02
2024_E_RAIL,8326b0fffffffff,0.03
2024_E_RAIL,8326b1fffffffff,1.98
2024_E_RAIL,8326b2fffffffff,5.26
2024_E_RAIL,8326b3fffffffff,5.76
2024_E_RAIL,8326b4fffffffff,0.5
2024_E_RAIL,8326b5fffffffff,2.66
2024_E_RAIL,8326b6fffffffff,0.3
2024_E_RAIL,8326c0fffffffff,6.9
2024_E_RAIL,8326c1fffffffff,13.46
2024_E_RAIL,8326c2fffffffff,3.34
2024_E_RAIL,8326c3fffffffff,11.87
2024_E_RAIL,8326c4fffffffff,7.8
2024_E_RAIL,8326c5fffffffff,11.06
2024_E_RAIL,8326c6fffffffff,2.7
2024_E_RAIL,8326c8fffffffff,21.12
2024_E_RAIL,8326c9fffffffff,11.03
2024_E_RAIL,8326cafffffffff,9.99
2024_E_RAIL,8326cbfffffffff,18.13
2024_E_RAIL,8326ccfffffffff,8.76
2024_E_RAIL,8326cdfffffffff,6.52
2024_E_RAIL,8326cefffffffff,5.86
2024_E_RAIL,8326d0fffffffff,8.29
2024_E_RAIL,8326d1fffffffff,9.76
2024_E_RAIL,8326d2fffffffff,3.44
2024_E_RAIL,8326d3fffffffff,5.78
2024_E_RAIL,8326d4fffffffff,7.12
2024_E_RAIL,8326d5fffffffff,4.04
2024_E_RAIL,8326d6fffffffff,3.57
2024_E_RAIL,8326d8fffffffff,0.76
2024_E_RAIL,8326d9fffffffff,4.57
2024_E_RAIL,8326dafffffffff,3.23
2024_E_RAIL,8326dbfffffffff,6.36
2024_E_RAIL,8326dcfffffffff,3.6
2024_E_RAIL,8326ddfffffffff,3.24
2024_E_RAIL,8326defffffffff,6.05
2024_E_RAIL,8326e0fffffffff,15.08
2024_E_RAIL,8326e1fffffffff,9.78
2024_E_RAIL,8326e2fffffffff,15.61
2024_E_RAIL,8326e3fffffffff,18.11
2024_E_RAIL,8326e4fffffffff,8.43
2024_E_RAIL,8326e5fffffffff,13.7
2024_E_RAIL,8326e6fffffffff,11.58
2024_E_RAIL,8326e8fffffffff,12.47
2024_E_RAIL,8326e9fffffffff,9.7
2024_E_RAIL,8326eafffffffff,8.76
2024_E_RAIL,8326ebfffffffff,6.28
2024_E_RAIL,8326ecfffffffff,18.65
2024_E_RAIL,8326edfffffffff,6.08
2024_E_RAIL,8326eefffffffff,9.82
2024_E_RAIL,8326f0fffffffff,8.34
2024_E_RAIL,8326f1fffffffff,7.86
2024_E_RAIL,8326f2fffffffff,5.48
2024_E_RAIL,8326f3fffffffff,8.02
2024_E_RAIL,8326f4fffffffff,6.04
2024_E_RAIL,8326f5fffffffff,7.84
2024_E_RAIL,8326f6fffffffff,6.29
2024_E_RAIL,832708fffffffff,2.91
2024_E_RAIL,832709fffffffff,10.21
2024_E_RAIL,83270afffffffff,2.32
2024_E_RAIL,83270bfffffffff,6.6
2024_E_RAIL,83270dfffffffff,0.77
2024_E_RAIL,83270efffffffff,2.49
2024_E_RAIL,832718fffffffff,15.51
2024_E_RAIL,832719fffffffff,13.27
2024_E_RAIL,83271afffffffff,10.63
2024_E_RAIL,83271bfffffffff,13.27
2024_E_RAIL,83271cfffffffff,9.94
2024_E_RAIL,83271dfffffffff,10.8
2024_E_RAIL,83271efffffffff,6.54
2024_E_RAIL,832740fffffffff,14.33
2024_E_RAIL,832741fffffffff,7.73
2024_E_RAIL,832742fffffffff,6.52
2024_E_RAIL,832743fffffffff,13.98
2024_E_RAIL,832744fffffffff,7.67
2024_E_RAIL,832745fffffffff,5.1
2024_E_RAIL,832746fffffffff,11.7
2024_E_RAIL,832748fffffffff,13.97
2024_E_RAIL,832749fffffffff,15.78
2024_E_RAIL,83274bfffffffff,21.23
2024_E_RAIL,83274cfffffffff,5.37
2024_E_RAIL,83274dfffffffff,20.94
2024_E_RAIL,83274efffffffff,11.04
2024_E_RAIL,832750fffffffff,8.5
2024_E_RAIL,832751fffffffff,10.59
2024_E_RAIL,832752fffffffff,13.24
2024_E_RAIL,832753fffffffff,12.88
2024_E_RAIL,832754fffffffff,6.23
2024_E_RAIL,832755fffffffff,5.2
2024_E_RAIL,832756fffffffff,13.55
2024_E_RAIL,832758fffffffff,17.41
2024_E_RAIL,832759fffffffff,33.36
2024_E_RAIL,83275afffffffff,12.45
2024_E_RAIL,83275bfffffffff,18.87
2024_E_RAIL,83275cfffffffff,11.6
2024_E_RAIL,83275dfffffffff,28.99
2024_E_RAIL,83275efffffffff,11.6
2024_E_RAIL,832763fffffffff,9.35
2024_E_RAIL,832768fffffffff,11.43
2024_E_RAIL,83276afffffffff,4.6
2024_E_RAIL,83276bfffffffff,16.08
2024_E_RAIL,83276efffffffff,0.94
2024_E_RAIL,832770fffffffff,0.0
2024_E_RAIL,832771fffffffff,1.12
2024_E_RAIL,832772fffffffff,0.76
2024_E_RAIL,832773fffffffff,6.12
2024_E_RAIL,832780fffffffff,2.14
2024_E_RAIL,832781fffffffff,6.04
2024_E_RAIL,832782fffffffff,0.85
2024_E_RAIL,832783fffffffff,1.39
2024_E_RAIL,832784fffffffff,3.01
2024_E_RAIL,832785fffffffff,7.61
2024_E_RAIL,832786fffffffff,2.29
2024_E_RAIL,832788fffffffff,1.36
2024_E_RAIL,832789fffffffff,0.37
2024_E_RAIL,83278afffffffff,0.88
2024_E_RAIL,83278bfffffffff,2.64
2024_E_RAIL,83278cfffffffff,4.19
2024_E_RAIL,83278dfffffffff,2.75
2024_E_RAIL,83278efffffffff,3.31
2024_E_RAIL,832790fffffffff,6.18
2024_E_RAIL,832791fffffffff,3.45
2024_E_RAIL,832792fffffffff,5.67
2024_E_RAIL,832793fffffffff,3.0
2024_E_RAIL,832794fffffffff,4.65
2024_E_RAIL,832795fffffffff,2.42
2024_E_RAIL,832796fffffffff,7.93
2024_E_RAIL,832798fffffffff,4.41
2024_E_RAIL,832799fffffffff,5.35
2024_E_RAIL,83279afffffffff,2.98
2024_E_RAIL,83279bfffffffff,3.64
2024_E_RAIL,83279cfffffffff,5.04
2024_E_RAIL,83279dfffffffff,4.41
2024_E_RAIL,83279efffffffff,7.63
2024_E_RAIL,8327a3fffffffff,12.75
2024_E_RAIL,8327a8fffffffff,11.75
2024_E_RAIL,8327a9fffffffff,9.61
2024_E_RAIL,8327aafffffffff,3.7
2024_E_RAIL,8327abfffffffff,5.0
2024_E_RAIL,8327acfffffffff,12.91
2024_E_RAIL,8327adfffffffff,8.68
2024_E_RAIL,8327aefffffffff,7.91
2024_E_RAIL,8327b3fffffffff,3.96
2024_E_RAIL,832800fffffffff,0.0
2024_E_RAIL,832802fffffffff,0.0
2024_E_RAIL,832806fffffffff,1.79
2024_E_RAIL,832810fffffffff,4.83
2024_E_RAIL,832811fffffffff,6.35
2024_E_RAIL,832812fffffffff,3.04
2024_E_RAIL,832813fffffffff,7.12
2024_E_RAIL,832814fffffffff,6.97
2024_E_RAIL,832815fffffffff,4.11
2024_E_RAIL,832816fffffffff,4.29
2024_E_RAIL,832818fffffffff,4.66
2024_E_RAIL,83281afffffffff,5.45
2024_E_RAIL,83281bfffffffff,9.75
2024_E_RAIL,83281cfffffffff,0.59
2024_E_RAIL,83281efffffffff,4.79
2024_E_RAIL,832830fffffffff,16.81
2024_E_RAIL,832831fffffffff,0.24
2024_E_RAIL,832832fffffffff,11.99
2024_E_RAIL,832833fffffffff,6.56
2024_E_RAIL,832834fffffffff,16.5
2024_E_RAIL,832835fffffffff,0.0
2024_E_RAIL,832836fffffffff,15.31
2024_E_RAIL,832880fffffffff,0.4
2024_E_RAIL,832881fffffffff,4.37
2024_E_RAIL,832882fffffffff,0.0
2024_E_RAIL,832883fffffffff,0.02
2024_E_RAIL,832884fffffffff,5.46
2024_E_RAIL,832885fffffffff,4.85
2024_E_RAIL,832886fffffffff,0.38
2024_E_RAIL,832888fffffffff,15.56
2024_E_RAIL,832889fffffffff,9.64
2024_E_RAIL,83288afffffffff,13.4
2024_E_RAIL,83288bfffffffff,13.63
2024_E_RAIL,83288cfffffffff,6.03
2024_E_RAIL,83288dfffffffff,9.39
2024_E_RAIL,83288efffffffff,3.81
2024_E_RAIL,832890fffffffff,1.7
2024_E_RAIL,832891fffffffff,3.1
2024_E_RAIL,832892fffffffff,2.96
2024_E_RAIL,832893fffffffff,7.78
2024_E_RAIL,832894fffffffff,7.66
2024_E_RAIL,832895fffffffff,1.04
2024_E_RAIL,832896fffffffff,0.33
2024_E_RAIL,832898fffffffff,7.01
2024_E_RAIL,832899fffffffff,3.25
2024_E_RAIL,83289afffffffff,2.45
2024_E_RAIL,83289bfffffffff,5.66
2024_E_RAIL,83289cfffffffff,1.07
2024_E_RAIL,83289dfffffffff,3.25
2024_E_RAIL,83289efffffffff,5.66
2024_E_RAIL,8328a0fffffffff,1.74
2024_E_RAIL,8328a1fffffffff,0.47
2024_E_RAIL,8328a2fffffffff,0.0
2024_E_RAIL,8328a3fffffffff,0.11
2024_E_RAIL,8328a4fffffffff,5.36
2024_E_RAIL,8328a5fffffffff,2.1
2024_E_RAIL,8328a6fffffffff,2.36
2024_E_RAIL,8328a8fffffffff,0.0
2024_E_RAIL,8328a9fffffffff,4.57
2024_E_RAIL,8328aafffffffff,0.23
2024_E_RAIL,8328abfffffffff,1.21
2024_E_RAIL,8328acfffffffff,0.15
2024_E_RAIL,8328adfffffffff,3.16
2024_E_RAIL,8328aefffffffff,0.03
2024_E_RAIL,8328b0fffffffff,4.27
2024_E_RAIL,8328b1fffffffff,5.95
2024_E_RAIL,8328b2fffffffff,8.48
2024_E_RAIL,8328b3fffffffff,3.72
2024_E_RAIL,8328b4fffffffff,3.71
2024_E_RAIL,8328b5fffffffff,1.25
2024_E_RAIL,8328b6fffffffff,7.96
2024_E_RAIL,8328c2fffffffff,0.0
2024_E_RAIL,8328c6fffffffff,4.59
2024_E_RAIL,8328d0fffffffff,4.88
2024_E_RAIL,8328d1fffffffff,13.14
2024_E_RAIL,8328d2fffffffff,2.31
2024_E_RAIL,8328d3fffffffff,3.96
2024_E_RAIL,8328d4fffffffff,4.92
2024_E_RAIL,8328d5fffffffff,11.97
2024_E_RAIL,8328d6fffffffff,6.48
2024_E_RAIL,8328defffffffff,6.03
2024_E_RAIL,8328f0fffffffff,18.01
2024_E_RAIL,8328f1fffffffff,7.53
2024_E_RAIL,8328f2fffffffff,3.37
2024_E_RAIL,8328f3fffffffff,10.34
2024_E_RAIL,8328f4fffffffff,11.09
2024_E_RAIL,8328f5fffffffff,8.0
2024_E_RAIL,8328f6fffffffff,5.42
2024_E_RAIL,832912fffffffff,17.99
2024_E_RAIL,832913fffffffff,21.12
2024_E_RAIL,832916fffffffff,0.0
2024_E_RAIL,83291afffffffff,1.36
2024_E_RAIL,832980fffffffff,0.93
2024_E_RAIL,832981fffffffff,0.0
2024_E_RAIL,832982fffffffff,2.21
2024_E_RAIL,832983fffffffff,0.59
2024_E_RAIL,832984fffffffff,3.15
2024_E_RAIL,832985fffffffff,0.39
2024_E_RAIL,832986fffffffff,4.94
2024_E_RAIL,832988fffffffff,3.48
2024_E_RAIL,832989fffffffff,6.53
2024_E_RAIL,83298afffffffff,0.54
2024_E_RAIL,83298bfffffffff,3.63
2024_E_RAIL,83298cfffffffff,0.54
2024_E_RAIL,83298dfffffffff,0.03
2024_E_RAIL,83298efffffffff,0.15
2024_E_RAIL,832990fffffffff,0.0
2024_E_RAIL,832991fffffffff,5.08
2024_E_RAIL,832992fffffffff,0.0
2024_E_RAIL,832993fffffffff,1.24
2024_E_RAIL,832994fffffffff,1.17
2024_E_RAIL,832995fffffffff,0.19
2024_E_RAIL,832996fffffffff,2.95
2024_E_RAIL,832998fffffffff,0.8
2024_E_RAIL,832999fffffffff,1.9
2024_E_RAIL,83299afffffffff,3.76
2024_E_RAIL,83299bfffffffff,5.02
2024_E_RAIL,83299cfffffffff,0.61
2024_E_RAIL,83299dfffffffff,0.56
2024_E_RAIL,83299efffffffff,1.41
2024_E_RAIL,8329a0fffffffff,15.58
2024_E_RAIL,8329a1fffffffff,11.8
2024_E_RAIL,8329a2fffffffff,3.89
2024_E_RAIL,8329a3fffffffff,7.83
2024_E_RAIL,8329a4fffffffff,9.23
2024_E_RAIL,8329a5fffffffff,36.29
2024_E_RAIL,8329a6fffffffff,4.22
2024_E_RAIL,8329a8fffffffff,11.27
2024_E_RAIL,8329a9fffffffff,5.12
2024_E_RAIL,8329aafffffffff,0.01
2024_E_RAIL,8329abfffffffff,5.42
2024_E_RAIL,8329acfffffffff,3.41
2024_E_RAIL,8329adfffffffff,5.35
2024_E_RAIL,8329aefffffffff,4.95
2024_E_RAIL,8329b0fffffffff,3.85
2024_E_RAIL,8329b1fffffffff,4.43
2024_E_RAIL,8329b2fffffffff,7.93
2024_E_RAIL,8329b3fffffffff,2.92
2024_E_RAIL,8329b4fffffffff,2.83
2024_E_RAIL,8329b5fffffffff,3.39
2024_E_RAIL,8329b6fffffffff,5.33
2024_E_RAIL,832a06fffffffff,0.0
2024_E_RAIL,832a10fffffffff,44.0
2024_E_RAIL,832a12fffffffff,21.56
2024_E_RAIL,832a13fffffffff,24.11
2024_E_RAIL,832a14fffffffff,18.84
2024_E_RAIL,832a15fffffffff,30.08
2024_E_RAIL,832a16fffffffff,11.55
2024_E_RAIL,832a30fffffffff,24.87
2024_E_RAIL,832a31fffffffff,12.7
2024_E_RAIL,832a32fffffffff,13.94
2024_E_RAIL,832a33fffffffff,23.08
2024_E_RAIL,832a34fffffffff,13.4
2024_E_RAIL,832a36fffffffff,7.52
2024_E_RAIL,832a80fffffffff,16.24
2024_E_RAIL,832a81fffffffff,5.46
2024_E_RAIL,832a82fffffffff,10.0
2024_E_RAIL,832a83fffffffff,5.32
2024_E_RAIL,832a84fffffffff,28.79
2024_E_RAIL,832a85fffffffff,13.52
2024_E_RAIL,832a86fffffffff,23.21
2024_E_RAIL,832a88fffffffff,16.92
2024_E_RAIL,832a89fffffffff,9.12
2024_E_RAIL,832a8afffffffff,10.44
2024_E_RAIL,832a8bfffffffff,17.03
2024_E_RAIL,832a8cfffffffff,16.6
2024_E_RAIL,832a8dfffffffff,14.04
2024_E_RAIL,832a8efffffffff,10.69
2024_E_RAIL,832a90fffffffff,18.43
2024_E_RAIL,832a91fffffffff,14.92
2024_E_RAIL,832a92fffffffff,20.02
2024_E_RAIL,832a93fffffffff,23.43
2024_E_RAIL,832a94fffffffff,32.42
2024_E_RAIL,832a95fffffffff,19.54
2024_E_RAIL,832a96fffffffff,20.67
2024_E_RAIL,832a98fffffffff,21.12
2024_E_RAIL,832a99fffffffff,13.18
2024_E_RAIL,832a9afffffffff,10.81
2024_E_RAIL,832a9bfffffffff,22.14
2024_E_RAIL,832a9cfffffffff,16.85
2024_E_RAIL,832a9dfffffffff,26.67
2024_E_RAIL,832a9efffffffff,6.48
2024_E_RAIL,832aa0fffffffff,7.41
2024_E_RAIL,832aa1fffffffff,17.82
2024_E_RAIL,832aa2fffffffff,12.53
2024_E_RAIL,832aa3fffffffff,15.24
2024_E_RAIL,832aa4fffffffff,16.46
2024_E_RAIL,832aa5fffffffff,13.96
2024_E_RAIL,832aa6fffffffff,20.48
2024_E_RAIL,832aa8fffffffff,17.63
2024_E_RAIL,832aa9fffffffff,7.09
2024_E_RAIL,832aaafffffffff,13.92
2024_E_RAIL,832aabfffffffff,8.54
2024_E_RAIL,832aacfffffffff,26.76
2024_E_RAIL,832aadfffffffff,17.13
2024_E_RAIL,832aaefffffffff,20.89
2024_E_RAIL,832ab1fffffffff,17.79
2024_E_RAIL,832ab2fffffffff,40.97
2024_E_RAIL,832ab3fffffffff,36.56
2024_E_RAIL,832ab5fffffffff,20.45
2024_E_RAIL,832ab6fffffffff,12.59
2024_E_RAIL,832ad0fffffffff,7.48
2024_E_RAIL,832ad2fffffffff,19.33
2024_E_RAIL,832ad3fffffffff,5.33
2024_E_RAIL,832ad4fffffffff,17.38
2024_E_RAIL,832ad5fffffffff,8.55
2024_E_RAIL,832ad6fffffffff,18.21
2024_E_RAIL,832af0fffffffff,7.21
2024_E_RAIL,832af2fffffffff,10.29
2024_E_RAIL,832af3fffffffff,4.12
2024_E_RAIL,832af6fffffffff,13.15
2024_E_RAIL,832b10fffffffff,6.36
2024_E_RAIL,832b11fffffffff,15.39
2024_E_RAIL,832b12fffffffff,1.71
2024_E_RAIL,832b13fffffffff,3.98
2024_E_RAIL,832b18fffffffff,0.96
2024_E_RAIL,832b1afffffffff,10.73
2024_E_RAIL,832b1bfffffffff,0.0
2024_E_RAIL,832b1efffffffff,8.17
2024_E_RAIL,832b81fffffffff,23.72
2024_E_RAIL,832b88fffffffff,5.69
2024_E_RAIL,832b89fffffffff,18.18
2024_E_RAIL,832b8afffffffff,12.48
2024_E_RAIL,832b8bfffffffff,12.06
2024_E_RAIL,832b8cfffffffff,6.55
2024_E_RAIL,832b8dfffffffff,12.7
2024_E_RAIL,832b8efffffffff,11.9
2024_E_RAIL,832b99fffffffff,22.77
2024_E_RAIL,832b9bfffffffff,24.32
2024_E_RAIL,832ba8fffffffff,2.14
2024_E_RAIL,832ba9fffffffff,7.18
2024_E_RAIL,832babfffffffff,9.22
2024_E_RAIL,832bacfffffffff,2.38
2024_E_RAIL,832badfffffffff,3.42
2024_E_RAIL,834412fffffffff,0.07
2024_E_RAIL,834413fffffffff,5.01
2024_E_RAIL,834414fffffffff,0.0
2024_E_RAIL,834416fffffffff,0.0
2024_E_RAIL,83441afffffffff,18.39
2024_E_RAIL,83441bfffffffff,1.17
2024_E_RAIL,83441efffffffff,6.25
2024_E_RAIL,834440fffffffff,11.75
2024_E_RAIL,834441fffffffff,10.95
2024_E_RAIL,834442fffffffff,7.5
2024_E_RAIL,834443fffffffff,4.45
2024_E_RAIL,834444fffffffff,9.08
2024_E_RAIL,834445fffffffff,11.23
2024_E_RAIL,834446fffffffff,16.17
2024_E_RAIL,834448fffffffff,12.4
2024_E_RAIL,834449fffffffff,12.27
2024_E_RAIL,83444afffffffff,11.17
2024_E_RAIL,83444bfffffffff,5.99
2024_E_RAIL,83444cfffffffff,18.59
2024_E_RAIL,83444dfffffffff,16.24
2024_E_RAIL,83444efffffffff,9.34
2024_E_RAIL,834450fffffffff,12.69
2024_E_RAIL,834451fffffffff,9.41
2024_E_RAIL,834452fffffffff,12.09
2024_E_RAIL,834453fffffffff,9.24
2024_E_RAIL,834455fffffffff,12.14
2024_E_RAIL,834456fffffffff,8.3
2024_E_RAIL,834458fffffffff,7.57
2024_E_RAIL,834459fffffffff,5.76
2024_E_RAIL,83445afffffffff,14.51
2024_E_RAIL,83445bfffffffff,8.32
2024_E_RAIL,83445cfffffffff,11.3
2024_E_RAIL,83445dfffffffff,7.98
2024_E_RAIL,83445efffffffff,12.29
2024_E_RAIL,834463fffffffff,0.0
2024_E_RAIL,834468fffffffff,8.01
2024_E_RAIL,834469fffffffff,10.5
2024_E_RAIL,83446afffffffff,8.12
2024_E_RAIL,83446bfffffffff,11.08
2024_E_RAIL,83446cfffffffff,25.71
2024_E_RAIL,83446dfffffffff,16.32
2024_E_RAIL,83446efffffffff,17.13
2024_E_RAIL,834471fffffffff,0.0
2024_E_RAIL,834473fffffffff,1.83
2024_E_RAIL,8344a1fffffffff,18.66
2024_E_RAIL,8344a5fffffffff,0.05
2024_E_RAIL,8344a8fffffffff,9.14
2024_E_RAIL,8344a9fffffffff,11.75
2024_E_RAIL,8344abfffffffff,22.37
2024_E_RAIL,8344acfffffffff,8.36
2024_E_RAIL,8344adfffffffff,12.46
2024_E_RAIL,8344aefffffffff,22.09
2024_E_RAIL,8344c0fffffffff,17.78
2024_E_RAIL,8344c1fffffffff,22.03
2024_E_RAIL,8344c2fffffffff,17.49
2024_E_RAIL,8344c3fffffffff,11.99
2024_E_RAIL,8344c4fffffffff,12.77
2024_E_RAIL,8344c5fffffffff,13.92
2024_E_RAIL,8344c6fffffffff,10.43
2024_E_RAIL,8344c8fffffffff,15.35
2024_E_RAIL,8344c9fffffffff,3.91
2024_E_RAIL,8344cafffffffff,11.97
2024_E_RAIL,8344cbfffffffff,14.27
2024_E_RAIL,8344ccfffffffff,18.79
2024_E_RAIL,8344cdfffffffff,10.9
2024_E_RAIL,8344cefffffffff,6.11
2024_E_RAIL,8344d0fffffffff,13.14
2024_E_RAIL,8344d1fffffffff,15.08
2024_E_RAIL,8344d2fffffffff,3.21
2024_E_RAIL,8344d3fffffffff,11.86
2024_E_RAIL,8344d5fffffffff,14.94
2024_E_RAIL,8344d8fffffffff,20.22
2024_E_RAIL,8344d9fffffffff,12.97
2024_E_RAIL,8344dafffffffff,18.53
2024_E_RAIL,8344dbfffffffff,12.22
2024_E_RAIL,8344dcfffffffff,15.75
2024_E_RAIL,8344ddfffffffff,12.45
2024_E_RAIL,8344defffffffff,15.52
2024_E_RAIL,8344e0fffffffff,11.14
2024_E_RAIL,8344e1fffffffff,9.0
2024_E_RAIL,8344e2fffffffff,15.77
2024_E_RAIL,8344e3fffffffff,13.51
2024_E_RAIL,8344e4fffffffff,10.33
2024_E_RAIL,8344e5fffffffff,5.08
2024_E_RAIL,8344e6fffffffff,1.65
2024_E_RAIL,8344e8fffffffff,21.54
2024_E_RAIL,8344e9fffffffff,13.44
2024_E_RAIL,8344eafffffffff,13.74
2024_E_RAIL,8344ebfffffffff,10.79
2024_E_RAIL,8344ecfffffffff,13.75
2024_E_RAIL,8344edfffffffff,12.28
2024_E_RAIL,8344eefffffffff,8.25
2024_E_RAIL,8344f0fffffffff,18.42
2024_E_RAIL,8344f1fffffffff,13.28
2024_E_RAIL,8344f3fffffffff,13.84
2024_E_RAIL,8344f4fffffffff,9.34
2024_E_RAIL,8344f5fffffffff,6.45
2024_E_RAIL,8344f6fffffffff,14.33
2024_E_RAIL,834859fffffffff,9.66
2024_E_RAIL,83485afffffffff,2.45
2024_E_RAIL,83485bfffffffff,7.14
2024_E_RAIL,834880fffffffff,2.53
2024_E_RAIL,834881fffffffff,6.82
2024_E_RAIL,834882fffffffff,4.63
2024_E_RAIL,834883fffffffff,4.44
2024_E_RAIL,834886fffffffff,3.7
2024_E_RAIL,834888fffffffff,2.88
2024_E_RAIL,834889fffffffff,4.96
2024_E_RAIL,83488afffffffff,2.63
2024_E_RAIL,83488bfffffffff,4.77
2024_E_RAIL,83488cfffffffff,4.58
2024_E_RAIL,83488dfffffffff,3.67
2024_E_RAIL,83488efffffffff,3.95
2024_E_RAIL,834890fffffffff,7.79
2024_E_RAIL,834891fffffffff,5.81
2024_E_RAIL,834892fffffffff,11.77
2024_E_RAIL,834893fffffffff,11.91
2024_E_RAIL,834895fffffffff,10.08
2024_E_RAIL,834898fffffffff,4.87
2024_E_RAIL,834899fffffffff,5.21
2024_E_RAIL,83489afffffffff,15.84
2024_E_RAIL,83489bfffffffff,6.45
2024_E_RAIL,83489cfffffffff,10.27
2024_E_RAIL,83489dfffffffff,0.0
2024_E_RAIL,83489efffffffff,15.47
2024_E_RAIL,8348abfffffffff,3.38
2024_E_RAIL,8348b1fffffffff,6.31
2024_E_RAIL,8348b2fffffffff,16.61
2024_E_RAIL,8348b3fffffffff,8.12
2024_E_RAIL,8348c0fffffffff,5.46
2024_E_RAIL,8348c1fffffffff,1.21
2024_E_RAIL,8348c2fffffffff,4.72
2024_E_RAIL,8348c3fffffffff,0.77
2024_E_RAIL,8348c4fffffffff,4.78
2024_E_RAIL,8348c5fffffffff,5.35
2024_E_RAIL,8348c6fffffffff,7.76
2024_E_RAIL,8348c8fffffffff,4.95
2024_E_RAIL,8348c9fffffffff,1.48
2024_E_RAIL,8348cafffffffff,4.67
2024_E_RAIL,8348cbfffffffff,0.05
2024_E_RAIL,8348ccfffffffff,1.47
2024_E_RAIL,8348cdfffffffff,1.32
2024_E_RAIL,8348cefffffffff,1.52
2024_E_RAIL,8348d0fffffffff,4.47
2024_E_RAIL,8348d1fffffffff,1.89
2024_E_RAIL,8348d2fffffffff,4.59
2024_E_RAIL,8348d3fffffffff,5.54
2024_E_RAIL,8348d4fffffffff,4.1
2024_E_RAIL,8348d5fffffffff,2.15
2024_E_RAIL,8348d6fffffffff,3.55
2024_E_RAIL,8348d8fffffffff,4.91
2024_E_RAIL,8348d9fffffffff,0.78
2024_E_RAIL,8348dafffffffff,2.94
2024_E_RAIL,8348dbfffffffff,1.65
2024_E_RAIL,8348dcfffffffff,6.42
2024_E_RAIL,8348ddfffffffff,4.4
2024_E_RAIL,8348defffffffff,6.38
2024_E_RAIL,8348e3fffffffff,1.96
2024_E_RAIL,8348e8fffffffff,5.54
2024_E_RAIL,8348e9fffffffff,4.97
2024_E_RAIL,8348eafffffffff,3.56
2024_E_RAIL,8348ebfffffffff,6.21
2024_E_RAIL,8348ecfffffffff,5.1
2024_E_RAIL,8348edfffffffff,0.0
2024_E_RAIL,8348eefffffffff,3.01
2024_E_RAIL,8348f2fffffffff,4.3
2024_E_RAIL,8348f3fffffffff,4.67
2024_E_RAIL,8348f6fffffffff,4.84
2024_E_RENTER,8312c9fffffffff,29.1
2024_E_RENTER,8312cafffffffff,21.9
2024_E_RENTER,8312cbfffffffff,18.1
2024_E_RENTER,8312d8fffffffff,22.4
2024_E_RENTER,8312d9fffffffff,22.1
2024_E_RENTER,8312dafffffffff,29.5
2024_E_RENTER,8312dbfffffffff,16.7
2024_E_RENTER,8312ddfffffffff,18.6
2024_E_RENTER,8312defffffffff,14.3
2024_E_RENTER,832600fffffffff,19.2
2024_E_RENTER,832601fffffffff,20.5
2024_E_RENTER,832602fffffffff,23.2
2024_E_RENTER,832603fffffffff,22.9
2024_E_RENTER,832604fffffffff,19.2
2024_E_RENTER,832605fffffffff,16.9
2024_E_RENTER,832606fffffffff,25.9
2024_E_RENTER,832608fffffffff,19.8
2024_E_RENTER,832609fffffffff,21.9
2024_E_RENTER,83260afffffffff,17.1
2024_E_RENTER,83260bfffffffff,20.6
2024_E_RENTER,83260cfffffffff,19.6
2024_E_RENTER,83260dfffffffff,15.7
2024_E_RENTER,83260efffffffff,22.5
2024_E_RENTER,832610fffffffff,45.7
2024_E_RENTER,832611fffffffff,38.8
2024_E_RENTER,832612fffffffff,31.8
2024_E_RENTER,832613fffffffff,49.0
2024_E_RENTER,832614fffffffff,26.3
2024_E_RENTER,832615fffffffff,29.4
2024_E_RENTER,832616fffffffff,27.4
2024_E_RENTER,832618fffffffff,24.8
2024_E_RENTER,832619fffffffff,18.4
2024_E_RENTER,83261afffffffff,22.2
2024_E_RENTER,83261bfffffffff,19.7
2024_E_RENTER,83261cfffffffff,23.3
2024_E_RENTER,83261dfffffffff,16.9
2024_E_RENTER,83261efffffffff,27.1
2024_E_RENTER,832620fffffffff,15.2
2024_E_RENTER,832621fffffffff,14.1
2024_E_RENTER,832622fffffffff,20.2
2024_E_RENTER,832623fffffffff,17.1
2024_E_RENTER,832624fffffffff,14.9
2024_E_RENTER,832625fffffffff,12.8
2024_E_RENTER,832626fffffffff,14.8
2024_E_RENTER,832628fffffffff,18.3
2024_E_RENTER,832629fffffffff,16.8
2024_E_RENTER,83262afffffffff,18.6
2024_E_RENTER,83262bfffffffff,18.7
2024_E_RENTER,83262cfffffffff,13.9
2024_E_RENTER,83262dfffffffff,16.9
2024_E_RENTER,83262efffffffff,17.4
2024_E_RENTER,832630fffffffff,19.8
2024_E_RENTER,832631fffffffff,18.0
2024_E_RENTER,832632fffffffff,35.2
2024_E_RENTER,832633fffffffff,21.1
2024_E_RENTER,832634fffffffff,16.7
2024_E_RENTER,832635fffffffff,15.1
2024_E_RENTER,832636fffffffff,20.0
2024_E_RENTER,832640fffffffff,17.1
2024_E_RENTER,832641fffffffff,19.3
2024_E_RENTER,832642fffffffff,17.8
2024_E_RENTER,832643fffffffff,19.0
2024_E_RENTER,832644fffffffff,16.4
2024_E_RENTER,832645fffffffff,15.2
2024_E_RENTER,832646fffffffff,16.7
2024_E_RENTER,832648fffffffff,20.1
2024_E_RENTER,832649fffffffff,20.7
2024_E_RENTER,83264afffffffff,24.5
2024_E_RENTER,83264bfffffffff,19.8
2024_E_RENTER,83264cfffffffff,17.8
2024_E_RENTER,83264dfffffffff,18.2
2024_E_RENTER,83264efffffffff,24.9
2024_E_RENTER,832650fffffffff,18.3
2024_E_RENTER,832651fffffffff,19.6
2024_E_RENTER,832652fffffffff,16.6
2024_E_RENTER,832653fffffffff,20.2
2024_E_RENTER,832654fffffffff,17.0
2024_E_RENTER,832655fffffffff,17.4
2024_E_RENTER,832656fffffffff,19.2
2024_E_RENTER,832658fffffffff,22.2
2024_E_RENTER,832659fffffffff,29.8
2024_E_RENTER,83265afffffffff,22.1
2024_E_RENTER,83265bfffffffff,25.6
2024_E_RENTER,83265cfffffffff,21.6
2024_E_RENTER,83265dfffffffff,25.6
2024_E_RENTER,83265efffffffff,17.0
2024_E_RENTER,832660fffffffff,19.1
2024_E_RENTER,832661fffffffff,18.1
2024_E_RENTER,832662fffffffff,17.1
2024_E_RENTER,832663fffffffff,17.7
2024_E_RENTER,832664fffffffff,19.8
2024_E_RENTER,832665fffffffff,15.8
2024_E_RENTER,832666fffffffff,19.7
2024_E_RENTER,832668fffffffff,16.3
2024_E_RENTER,832669fffffffff,20.4
2024_E_RENTER,83266afffffffff,19.5
2024_E_RENTER,83266bfffffffff,19.9
2024_E_RENTER,83266cfffffffff,16.1
2024_E_RENTER,83266dfffffffff,19.6
2024_E_RENTER,83266efffffffff,17.2
2024_E_RENTER,832670fffffffff,18.0
2024_E_RENTER,832671fffffffff,16.1
2024_E_RENTER,832672fffffffff,16.6
2024_E_RENTER,832673fffffffff,18.0
2024_E_RENTER,832674fffffffff,16.9
2024_E_RENTER,832675fffffffff,16.9
2024_E_RENTER,832676fffffffff,19.3
2024_E_RENTER,832680fffffffff,18.0
2024_E_RENTER,832681fffffffff,22.2
2024_E_RENTER,832682fffffffff,20.4
2024_E_RENTER,832683fffffffff,22.7
2024_E_RENTER,832684fffffffff,22.9
2024_E_RENTER,832685fffffffff,11.5
2024_E_RENTER,832686fffffffff,23.2
2024_E_RENTER,832688fffffffff,20.8
2024_E_RENTER,832689fffffffff,24.8
2024_E_RENTER,83268afffffffff,20.4
2024_E_RENTER,83268bfffffffff,24.8
2024_E_RENTER,83268cfffffffff,16.9
2024_E_RENTER,83268dfffffffff,26.1
2024_E_RENTER,83268efffffffff,13.0
2024_E_RENTER,832690fffffffff,17.5
2024_E_RENTER,832691fffffffff,25.0
2024_E_RENTER,832692fffffffff,18.4
2024_E_RENTER,832693fffffffff,22.1
2024_E_RENTER,832694fffffffff,18.8
2024_E_RENTER,832695fffffffff,17.6
2024_E_RENTER,832696fffffffff,21.9
2024_E_RENTER,832698fffffffff,19.8
2024_E_RENTER,832699fffffffff,24.3
2024_E_RENTER,83269afffffffff,22.3
2024_E_RENTER,83269bfffffffff,20.6
2024_E_RENTER,83269cfffffffff,18.9
2024_E_RENTER,83269dfffffffff,18.4
2024_E_RENTER,83269efffffffff,24.9
2024_E_RENTER,8326a0fffffffff,15.4
2024_E_RENTER,8326a1fffffffff,28.7
2024_E_RENTER,8326a2fffffffff,19.8
2024_E_RENTER,8326a3fffffffff,18.1
2024_E_RENTER,8326a4fffffffff,13.4
2024_E_RENTER,8326a5fffffffff,14.6
2024_E_RENTER,8326a6fffffffff,13.5
2024_E_RENTER,8326a8fffffffff,21.8
2024_E_RENTER,8326a9fffffffff,25.2
2024_E_RENTER,8326aafffffffff,17.3
2024_E_RENTER,8326abfffffffff,28.4
2024_E_RENTER,8326acfffffffff,22.4
2024_E_RENTER,8326adfffffffff,21.9
2024_E_RENTER,8326aefffffffff,16.3
2024_E_RENTER,8326b0fffffffff,20.2
2024_E_RENTER,8326b1fffffffff,24.5
2024_E_RENTER,8326b2fffffffff,16.3
2024_E_RENTER,8326b3fffffffff,26.1
2024_E_RENTER,8326b4fffffffff,26.9
2024_E_RENTER,8326b5fffffffff,22.6
2024_E_RENTER,8326b6fffffffff,23.2
2024_E_RENTER,8326c0fffffffff,20.9
2024_E_RENTER,8326c1fffffffff,18.8
2024_E_RENTER,8326c2fffffffff,24.5
2024_E_RENTER,8326c3fffffffff,21.8
2024_E_RENTER,8326c4fffffffff,23.2
2024_E_RENTER,8326c5fffffffff,19.0
2024_E_RENTER,8326c6fffffffff,20.1
2024_E_RENTER,8326c8fffffffff,22.2
2024_E_RENTER,8326c9fffffffff,18.2
2024_E_RENTER,8326cafffffffff,15.7
2024_E_RENTER,8326cbfffffffff,22.9
2024_E_RENTER,8326ccfffffffff,21.8
2024_E_RENTER,8326cdfffffffff,19.6
2024_E_RENTER,8326cefffffffff,19.4
2024_E_RENTER,8326d0fffffffff,25.3
2024_E_RENTER,8326d1fffffffff,17.3
2024_E_RENTER,8326d2fffffffff,21.8
2024_E_RENTER,8326d3fffffffff,28.7
2024_E_RENTER,8326d4fffffffff,22.8
2024_E_RENTER,8326d5fffffffff,19.6
2024_E_RENTER,8326d6fffffffff,33.0
2024_E_RENTER,8326d8fffffffff,26.7
2024_E_RENTER,8326d9fffffffff,18.2
2024_E_RENTER,8326dafffffffff,24.4
2024_E_RENTER,8326dbfffffffff,19.3
2024_E_RENTER,8326dcfffffffff,26.0
2024_E_RENTER,8326ddfffffffff,25.3
2024_E_RENTER,8326defffffffff,24.9
2024_E_RENTER,8326e0fffffffff,19.7
2024_E_RENTER,8326e1fffffffff,17.8
2024_E_RENTER,8326e2fffffffff,19.0
2024_E_RENTER,8326e3fffffffff,18.4
2024_E_RENTER,8326e4fffffffff,20.2
2024_E_RENTER,8326e5fffffffff,17.0
2024_E_RENTER,8326e6fffffffff,19.4
2024_E_RENTER,8326e8fffffffff,20.9
2024_E_RENTER,8326e9fffffffff,19.9
2024_E_RENTER,8326eafffffffff,19.7
2024_E_RENTER,8326ebfffffffff,21.9
2024_E_RENTER,8326ecfffffffff,21.3
2024_E_RENTER,8326edfffffffff,20.2
2024_E_RENTER,8326eefffffffff,18.2
2024_E_RENTER,8326f0fffffffff,25.0
2024_E_RENTER,8326f1fffffffff,21.5
2024_E_RENTER,8326f2fffffffff,26.6
2024_E_RENTER,8326f3fffffffff,21.7
2024_E_RENTER,8326f4fffffffff,22.8
2024_E_RENTER,8326f5fffffffff,21.3
2024_E_RENTER,8326f6fffffffff,26.1
2024_E_RENTER,832708fffffffff,10.4
2024_E_RENTER,832709fffffffff,9.3
2024_E_RENTER,83270afffffffff,16.4
2024_E_RENTER,83270bfffffffff,13.0
2024_E_RENTER,83270dfffffffff,11.5
2024_E_RENTER,83270efffffffff,13.2
2024_E_RENTER,832718fffffffff,16.1
2024_E_RENTER,832719fffffffff,16.4
2024_E_RENTER,83271afffffffff,21.3
2024_E_RENTER,83271bfffffffff,15.0
2024_E_RENTER,83271cfffffffff,19.4
2024_E_RENTER,83271dfffffffff,13.5
2024_E_RENTER,83271efffffffff,22.0
2024_E_RENTER,832740fffffffff,11.1
2024_E_RENTER,832741fffffffff,11.7
2024_E_RENTER,832742fffffffff,15.2
2024_E_RENTER,832743fffffffff,15.5
2024_E_RENTER,832744fffffffff,10.7
2024_E_RENTER,832745fffffffff,14.1
2024_E_RENTER,832746fffffffff,11.8
2024_E_RENTER,832748fffffffff,14.2
2024_E_RENTER,832749fffffffff,14.4
2024_E_RENTER,83274bfffffffff,17.0
2024_E_RENTER,83274cfffffffff,13.1
2024_E_RENTER,83274dfffffffff,13.3
2024_E_RENTER,83274efffffffff,12.9
2024_E_RENTER,832750fffffffff,15.1
2024_E_RENTER,832751fffffffff,15.0
2024_E_RENTER,832752fffffffff,14.4
2024_E_RENTER,832753fffffffff,18.9
2024_E_RENTER,832754fffffffff,15.2
2024_E_RENTER,832755fffffffff,12.3
2024_E_RENTER,832756fffffffff,13.1
2024_E_RENTER,832758fffffffff,18.7
2024_E_RENTER,832759fffffffff,19.3
2024_E_RENTER,83275afffffffff,19.0
2024_E_RENTER,83275bfffffffff,17.8
2024_E_RENTER,83275cfffffffff,16.7
2024_E_RENTER,83275dfffffffff,18.1
2024_E_RENTER,83275efffffffff,17.9
2024_E_RENTER,832763fffffffff,14.1
2024_E_RENTER,832768fffffffff,10.3
2024_E_RENTER,83276afffffffff,13.0
2024_E_RENTER,83276bfffffffff,13.8
2024_E_RENTER,83276efffffffff,10.7
2024_E_RENTER,832770fffffffff,1.1
2024_E_RENTER,832771fffffffff,11.1
2024_E_RENTER,832772fffffffff,15.7
2024_E_RENTER,832773fffffffff,11.5
2024_E_RENTER,832780fffffffff,18.7
2024_E_RENTER,832781fffffffff,18.7
2024_E_RENTER,832782fffffffff,27.1
2024_E_RENTER,832783fffffffff,29.7
2024_E_RENTER,832784fffffffff,17.6
2024_E_RENTER,832785fffffffff,25.9
2024_E_RENTER,832786fffffffff,22.9
2024_E_RENTER,832788fffffffff,29.4
2024_E_RENTER,832789fffffffff,31.2
2024_E_RENTER,83278afffffffff,24.2
2024_E_RENTER,83278bfffffffff,17.8
2024_E_RENTER,83278cfffffffff,21.3
2024_E_RENTER,83278dfffffffff,22.5
2024_E_RENTER,83278efffffffff,21.2
2024_E_RENTER,832790fffffffff,28.9
2024_E_RENTER,832791fffffffff,28.0
2024_E_RENTER,832792fffffffff,16.1
2024_E_RENTER,832793fffffffff,18.4
2024_E_RENTER,832794fffffffff,31.2
2024_E_RENTER,832795fffffffff,31.8
2024_E_RENTER,832796fffffffff,27.1
2024_E_RENTER,832798fffffffff,25.8
2024_E_RENTER,832799fffffffff,19.9
2024_E_RENTER,83279afffffffff,22.3
2024_E_RENTER,83279bfffffffff,23.8
2024_E_RENTER,83279cfffffffff,25.7
2024_E_RENTER,83279dfffffffff,31.4
2024_E_RENTER,83279efffffffff,17.5
2024_E_RENTER,8327a3fffffffff,22.1
2024_E_RENTER,8327a8fffffffff,27.8
2024_E_RENTER,8327a9fffffffff,14.9
2024_E_RENTER,8327aafffffffff,23.9
2024_E_RENTER,8327abfffffffff,20.2
2024_E_RENTER,8327acfffffffff,17.1
2024_E_RENTER,8327adfffffffff,17.7
2024_E_RENTER,8327aefffffffff,26.3
2024_E_RENTER,8327b3fffffffff,31.0
2024_E_RENTER,832800fffffffff,30.4
2024_E_RENTER,832802fffffffff,32.3
2024_E_RENTER,832806fffffffff,29.4
2024_E_RENTER,832810fffffffff,19.7
2024_E_RENTER,832811fffffffff,26.6
2024_E_RENTER,832812fffffffff,17.9
2024_E_RENTER,832813fffffffff,21.6
2024_E_RENTER,832814fffffffff,20.0
2024_E_RENTER,832815fffffffff,19.9
2024_E_RENTER,832816fffffffff,18.2
2024_E_RENTER,832818fffffffff,20.6
2024_E_RENTER,83281afffffffff,24.5
2024_E_RENTER,83281bfffffffff,21.3
2024_E_RENTER,83281cfffffffff,24.0
2024_E_RENTER,83281efffffffff,18.6
2024_E_RENTER,832830fffffffff,29.4
2024_E_RENTER,832831fffffffff,34.0
2024_E_RENTER,832832fffffffff,20.7
2024_E_RENTER,832833fffffffff,31.2
2024_E_RENTER,832834fffffffff,28.7
2024_E_RENTER,832835fffffffff,22.7
2024_E_RENTER,832836fffffffff,33.8
2024_E_RENTER,832880fffffffff,15.9
2024_E_RENTER,832881fffffffff,27.3
2024_E_RENTER,832882fffffffff,14.0
2024_E_RENTER,832883fffffffff,19.2
2024_E_RENTER,832884fffffffff,23.7
2024_E_RENTER,832885fffffffff,34.4
2024_E_RENTER,832886fffffffff,21.5
2024_E_RENTER,832888fffffffff,25.3
2024_E_RENTER,832889fffffffff,22.6
2024_E_RENTER,83288afffffffff,23.2
2024_E_RENTER,83288bfffffffff,23.4
2024_E_RENTER,83288cfffffffff,24.0
2024_E_RENTER,83288dfffffffff,29.5
2024_E_RENTER,83288efffffffff,23.4
2024_E_RENTER,832890fffffffff,23.5
2024_E_RENTER,832891fffffffff,21.8
2024_E_RENTER,832892fffffffff,24.1
2024_E_RENTER,832893fffffffff,18.4
2024_E_RENTER,832894fffffffff,22.9
2024_E_RENTER,832895fffffffff,18.9
2024_E_RENTER,832896fffffffff,25.7
2024_E_RENTER,832898fffffffff,18.2
2024_E_RENTER,832899fffffffff,19.6
2024_E_RENTER,83289afffffffff,22.4
2024_E_RENTER,83289bfffffffff,19.5
2024_E_RENTER,83289cfffffffff,17.2
2024_E_RENTER,83289dfffffffff,16.0
2024_E_RENTER,83289efffffffff,23.0
2024_E_RENTER,8328a0fffffffff,28.9
2024_E_RENTER,8328a1fffffffff,23.8
2024_E_RENTER,8328a2fffffffff,34.4
2024_E_RENTER,8328a3fffffffff,35.5
2024_E_RENTER,8328a4fffffffff,25.1
2024_E_RENTER,8328a5fffffffff,18.5
2024_E_RENTER,8328a6fffffffff,39.8
2024_E_RENTER,8328a8fffffffff,27.0
2024_E_RENTER,8328a9fffffffff,16.6
2024_E_RENTER,8328aafffffffff,23.6
2024_E_RENTER,8328abfffffffff,26.9
2024_E_RENTER,8328acfffffffff,36.9
2024_E_RENTER,8328adfffffffff,29.1
2024_E_RENTER,8328aefffffffff,26.6
2024_E_RENTER,8328b0fffffffff,19.9
2024_E_RENTER,8328b1fffffffff,26.8
2024_E_RENTER,8328b2fffffffff,17.2
2024_E_RENTER,8328b3fffffffff,20.1
2024_E_RENTER,8328b4fffffffff,27.5
2024_E_RENTER,8328b5fffffffff,46.4
2024_E_RENTER,8328b6fffffffff,12.1
2024_E_RENTER,8328c2fffffffff,22.4
2024_E_RENTER,8328c6fffffffff,19.5
2024_E_RENTER,8328d0fffffffff,16.4
2024_E_RENTER,8328d1fffffffff,20.2
2024_E_RENTER,8328d2fffffffff,27.9
2024_E_RENTER,8328d3fffffffff,17.4
2024_E_RENTER,8328d4fffffffff,13.2
2024_E_RENTER,8328d5fffffffff,22.5
2024_E_RENTER,8328d6fffffffff,26.4
2024_E_RENTER,8328defffffffff,16.0
2024_E_RENTER,8328f0fffffffff,20.2
2024_E_RENTER,8328f1fffffffff,20.0
2024_E_RENTER,8328f2fffffffff,20.8
2024_E_RENTER,8328f3fffffffff,17.6
2024_E_RENTER,8328f4fffffffff,21.2
2024_E_RENTER,8328f5fffffffff,23.2
2024_E_RENTER,8328f6fffffffff,35.0
2024_E_RENTER,832912fffffffff,24.1
2024_E_RENTER,832913fffffffff,47.2
2024_E_RENTER,83291afffffffff,36.1
2024_E_RENTER,832980fffffffff,20.3
2024_E_RENTER,832981fffffffff,32.0
2024_E_RENTER,832982fffffffff,31.0
2024_E_RENTER,832983fffffffff,30.3
2024_E_RENTER,832984fffffffff,45.7
2024_E_RENTER,832985fffffffff,49.7
2024_E_RENTER,832986fffffffff,21.1
2024_E_RENTER,832988fffffffff,28.6
2024_E_RENTER,832989fffffffff,16.3
2024_E_RENTER,83298afffffffff,22.3
2024_E_RENTER,83298bfffffffff,27.9
2024_E_RENTER,83298cfffffffff,25.4
2024_E_RENTER,83298dfffffffff,19.0
2024_E_RENTER,83298efffffffff,42.2
2024_E_RENTER,832990fffffffff,21.9
2024_E_RENTER,832991fffffffff,14.6
2024_E_RENTER,832992fffffffff,28.4
2024_E_RENTER,832993fffffffff,17.4
2024_E_RENTER,832994fffffffff,24.0
2024_E_RENTER,832995fffffffff,18.2
2024_E_RENTER,832996fffffffff,17.2
2024_E_RENTER,832998fffffffff,27.1
2024_E_RENTER,832999fffffffff,25.8
2024_E_RENTER,83299afffffffff,59.2
2024_E_RENTER,83299bfffffffff,38.0
2024_E_RENTER,83299cfffffffff,26.3
2024_E_RENTER,83299dfffffffff,34.3
2024_E_RENTER,83299efffffffff,27.5
2024_E_RENTER,8329a0fffffffff,26.7
2024_E_RENTER,8329a1fffffffff,28.8
2024_E_RENTER,8329a2fffffffff,44.1
2024_E_RENTER,8329a3fffffffff,44.5
2024_E_RENTER,8329a4fffffffff,28.0
2024_E_RENTER,8329a5fffffffff,53.1
2024_E_RENTER,8329a6fffffffff,25.1
2024_E_RENTER,8329a8fffffffff,55.8
2024_E_RENTER,8329a9fffffffff,40.9
2024_E_RENTER,8329aafffffffff,26.3
2024_E_RENTER,8329abfffffffff,26.5
2024_E_RENTER,8329acfffffffff,29.6
2024_E_RENTER,8329adfffffffff,28.7
2024_E_RENTER,8329aefffffffff,21.1
2024_E_RENTER,8329b0fffffffff,19.5
2024_E_RENTER,8329b1fffffffff,36.4
2024_E_RENTER,8329b2fffffffff,20.4
2024_E_RENTER,8329b3fffffffff,27.1
2024_E_RENTER,8329b4fffffffff,30.4
2024_E_RENTER,8329b5fffffffff,26.4
2024_E_RENTER,8329b6fffffffff,13.1
2024_E_RENTER,832a06fffffffff,15.1
2024_E_RENTER,832a10fffffffff,22.3
2024_E_RENTER,832a12fffffffff,14.8
2024_E_RENTER,832a13fffffffff,18.5
2024_E_RENTER,832a14fffffffff,17.7
2024_E_RENTER,832a15fffffffff,17.4
2024_E_RENTER,832a16fffffffff,18.9
2024_E_RENTER,832a30fffffffff,19.3
2024_E_RENTER,832a31fffffffff,19.2
2024_E_RENTER,832a32fffffffff,16.7
2024_E_RENTER,832a33fffffffff,18.8
2024_E_RENTER,832a34fffffffff,16.1
2024_E_RENTER,832a36fffffffff,16.6
2024_E_RENTER,832a80fffffffff,17.3
2024_E_RENTER,832a81fffffffff,17.7
2024_E_RENTER,832a82fffffffff,17.9
2024_E_RENTER,832a83fffffffff,18.9
2024_E_RENTER,832a84fffffffff,18.0
2024_E_RENTER,832a85fffffffff,17.3
2024_E_RENTER,832a86fffffffff,19.4
2024_E_RENTER,832a88fffffffff,21.0
2024_E_RENTER,832a89fffffffff,24.6
2024_E_RENTER,832a8afffffffff,20.0
2024_E_RENTER,832a8bfffffffff,22.0
2024_E_RENTER,832a8cfffffffff,20.7
2024_E_RENTER,832a8dfffffffff,21.6
2024_E_RENTER,832a8efffffffff,17.8
2024_E_RENTER,832a90fffffffff,19.4
2024_E_RENTER,832a91fffffffff,22.3
2024_E_RENTER,832a92fffffffff,17.6
2024_E_RENTER,832a93fffffffff,18.6
2024_E_RENTER,832a94fffffffff,18.6
2024_E_RENTER,832a95fffffffff,19.2
2024_E_RENTER,832a96fffffffff,14.5
2024_E_RENTER,832a98fffffffff,22.7
2024_E_RENTER,832a99fffffffff,22.0
2024_E_RENTER,832a9afffffffff,22.2
2024_E_RENTER,832a9bfffffffff,22.2
2024_E_RENTER,832a9cfffffffff,18.6
2024_E_RENTER,832a9dfffffffff,20.3
2024_E_RENTER,832a9efffffffff,22.6
2024_E_RENTER,832aa0fffffffff,17.7
2024_E_RENTER,832aa1fffffffff,18.0
2024_E_RENTER,832aa2fffffffff,16.4
2024_E_RENTER,832aa3fffffffff,15.9
2024_E_RENTER,832aa4fffffffff,18.3
2024_E_RENTER,832aa5fffffffff,17.7
2024_E_RENTER,832aa6fffffffff,17.9
2024_E_RENTER,832aa8fffffffff,20.7
2024_E_RENTER,832aa9fffffffff,19.4
2024_E_RENTER,832aaafffffffff,19.5
2024_E_RENTER,832aabfffffffff,18.4
2024_E_RENTER,832aacfffffffff,18.7
2024_E_RENTER,832aadfffffffff,19.1
2024_E_RENTER,832aaefffffffff,17.0
2024_E_RENTER,832ab1fffffffff,16.7
2024_E_RENTER,832ab2fffffffff,21.3
2024_E_RENTER,832ab3fffffffff,18.8
2024_E_RENTER,832ab5fffffffff,17.1
2024_E_RENTER,832ab6fffffffff,13.7
2024_E_RENTER,832ad0fffffffff,23.8
2024_E_RENTER,832ad2fffffffff,30.7
2024_E_RENTER,832ad3fffffffff,21.9
2024_E_RENTER,832ad4fffffffff,28.3
2024_E_RENTER,832ad5fffffffff,32.0
2024_E_RENTER,832ad6fffffffff,23.6
2024_E_RENTER,832af0fffffffff,16.7
2024_E_RENTER,832af2fffffffff,26.3
2024_E_RENTER,832af3fffffffff,26.5
2024_E_RENTER,832af6fffffffff,24.4
2024_E_RENTER,832b10fffffffff,19.3
2024_E_RENTER,832b11fffffffff,19.5
2024_E_RENTER,832b12fffffffff,14.4
2024_E_RENTER,832b13fffffffff,13.3
2024_E_RENTER,832b18fffffffff,18.3
2024_E_RENTER,832b1afffffffff,17.8
2024_E_RENTER,832b1bfffffffff,17.5
2024_E_RENTER,832b1efffffffff,15.5
2024_E_RENTER,832b81fffffffff,31.0
2024_E_RENTER,832b88fffffffff,13.3
2024_E_RENTER,832b89fffffffff,17.4
2024_E_RENTER,832b8afffffffff,16.6
2024_E_RENTER,832b8bfffffffff,17.4
2024_E_RENTER,832b8cfffffffff,18.7
2024_E_RENTER,832b8dfffffffff,17.6
2024_E_RENTER,832b8efffffffff,20.2
2024_E_RENTER,832b99fffffffff,18.3
2024_E_RENTER,832b9bfffffffff,17.5
2024_E_RENTER,832ba8fffffffff,16.0
2024_E_RENTER,832ba9fffffffff,17.1
2024_E_RENTER,832babfffffffff,16.5
2024_E_RENTER,832bacfffffffff,12.0
2024_E_RENTER,832badfffffffff,13.1
2024_E_RENTER,834412fffffffff,11.3
2024_E_RENTER,834413fffffffff,18.4
2024_E_RENTER,834414fffffffff,52.2
2024_E_RENTER,834416fffffffff,24.8
2024_E_RENTER,83441afffffffff,21.5
2024_E_RENTER,83441bfffffffff,17.7
2024_E_RENTER,83441efffffffff,14.3
2024_E_RENTER,834440fffffffff,18.3
2024_E_RENTER,834441fffffffff,20.6
2024_E_RENTER,834442fffffffff,18.0
2024_E_RENTER,834443fffffffff,22.4
2024_E_RENTER,834444fffffffff,16.4
2024_E_RENTER,834445fffffffff,17.3
2024_E_RENTER,834446fffffffff,17.2
2024_E_RENTER,834448fffffffff,18.2
2024_E_RENTER,834449fffffffff,20.2
2024_E_RENTER,83444afffffffff,19.8
2024_E_RENTER,83444bfffffffff,17.9
2024_E_RENTER,83444cfffffffff,21.3
2024_E_RENTER,83444dfffffffff,18.5
2024_E_RENTER,83444efffffffff,23.7
2024_E_RENTER,834450fffffffff,17.5
2024_E_RENTER,834451fffffffff,16.5
2024_E_RENTER,834452fffffffff,24.0
2024_E_RENTER,834453fffffffff,19.0
2024_E_RENTER,834455fffffffff,14.0
2024_E_RENTER,834456fffffffff,25.0
2024_E_RENTER,834458fffffffff,23.9
2024_E_RENTER,834459fffffffff,34.0
2024_E_RENTER,83445afffffffff,23.5
2024_E_RENTER,83445bfffffffff,21.0
2024_E_RENTER,83445cfffffffff,17.5
2024_E_RENTER,83445dfffffffff,27.2
2024_E_RENTER,83445efffffffff,20.0
2024_E_RENTER,834463fffffffff,10.8
2024_E_RENTER,834468fffffffff,19.1
2024_E_RENTER,834469fffffffff,20.2
2024_E_RENTER,83446afffffffff,18.2
2024_E_RENTER,83446bfffffffff,19.5
2024_E_RENTER,83446cfffffffff,24.4
2024_E_RENTER,83446dfffffffff,17.7
2024_E_RENTER,83446efffffffff,13.3
2024_E_RENTER,834471fffffffff,12.0
2024_E_RENTER,834473fffffffff,17.8
2024_E_RENTER,8344a1fffffffff,25.3
2024_E_RENTER,8344a5fffffffff,66.7
2024_E_RENTER,8344a8fffffffff,17.7
2024_E_RENTER,8344a9fffffffff,21.0
2024_E_RENTER,8344abfffffffff,8.0
2024_E_RENTER,8344acfffffffff,18.9
2024_E_RENTER,8344adfffffffff,18.6
2024_E_RENTER,8344aefffffffff,15.2
2024_E_RENTER,8344c0fffffffff,21.1
2024_E_RENTER,8344c1fffffffff,23.9
2024_E_RENTER,8344c2fffffffff,29.8
2024_E_RENTER,8344c3fffffffff,23.3
2024_E_RENTER,8344c4fffffffff,24.6
2024_E_RENTER,8344c5fffffffff,26.4
2024_E_RENTER,8344c6fffffffff,28.2
2024_E_RENTER,8344c8fffffffff,18.2
2024_E_RENTER,8344c9fffffffff,20.6
2024_E_RENTER,8344cafffffffff,19.5
2024_E_RENTER,8344cbfffffffff,21.9
2024_E_RENTER,8344ccfffffffff,22.6
2024_E_RENTER,8344cdfffffffff,19.0
2024_E_RENTER,8344cefffffffff,19.5
2024_E_RENTER,8344d0fffffffff,19.6
2024_E_RENTER,8344d1fffffffff,24.6
2024_E_RENTER,8344d2fffffffff,12.7
2024_E_RENTER,8344d3fffffffff,21.0
2024_E_RENTER,8344d5fffffffff,26.5
2024_E_RENTER,8344d8fffffffff,21.3
2024_E_RENTER,8344d9fffffffff,21.7
2024_E_RENTER,8344dafffffffff,21.9
2024_E_RENTER,8344dbfffffffff,20.8
2024_E_RENTER,8344dcfffffffff,19.3
2024_E_RENTER,8344ddfffffffff,20.4
2024_E_RENTER,8344defffffffff,22.0
2024_E_RENTER,8344e0fffffffff,21.4
2024_E_RENTER,8344e1fffffffff,23.2
2024_E_RENTER,8344e2fffffffff,25.5
2024_E_RENTER,8344e3fffffffff,28.9
2024_E_RENTER,8344e4fffffffff,19.9
2024_E_RENTER,8344e5fffffffff,25.7
2024_E_RENTER,8344e6fffffffff,15.9
2024_E_RENTER,8344e8fffffffff,19.1
2024_E_RENTER,8344e9fffffffff,18.4
2024_E_RENTER,8344eafffffffff,21.9
2024_E_RENTER,8344ebfffffffff,19.6
2024_E_RENTER,8344ecfffffffff,21.6
2024_E_RENTER,8344edfffffffff,21.2
2024_E_RENTER,8344eefffffffff,23.6
2024_E_RENTER,8344f0fffffffff,22.2
2024_E_RENTER,8344f1fffffffff,27.2
2024_E_RENTER,8344f3fffffffff,23.8
2024_E_RENTER,8344f4fffffffff,19.7
2024_E_RENTER,8344f5fffffffff,23.2
2024_E_RENTER,8344f6fffffffff,20.6
2024_E_RENTER,834859fffffffff,29.0
2024_E_RENTER,83485afffffffff,13.9
2024_E_RENTER,83485bfffffffff,30.1
2024_E_RENTER,834880fffffffff,25.4
2024_E_RENTER,834881fffffffff,21.0
2024_E_RENTER,834882fffffffff,22.2
2024_E_RENTER,834883fffffffff,28.0
2024_E_RENTER,834886fffffffff,30.4
2024_E_RENTER,834888fffffffff,19.4
2024_E_RENTER,834889fffffffff,18.1
2024_E_RENTER,83488afffffffff,21.1
2024_E_RENTER,83488bfffffffff,26.2
2024_E_RENTER,83488cfffffffff,15.6
2024_E_RENTER,83488dfffffffff,31.4
2024_E_RENTER,83488efffffffff,23.9
2024_E_RENTER,834890fffffffff,20.6
2024_E_RENTER,834891fffffffff,22.7
2024_E_RENTER,834892fffffffff,16.1
2024_E_RENTER,834893fffffffff,22.3
2024_E_RENTER,834895fffffffff,25.2
2024_E_RENTER,834898fffffffff,15.8
2024_E_RENTER,834899fffffffff,20.2
2024_E_RENTER,83489afffffffff,18.4
2024_E_RENTER,83489bfffffffff,16.7
2024_E_RENTER,83489cfffffffff,18.9
2024_E_RENTER,83489dfffffffff,18.0
2024_E_RENTER,83489efffffffff,19.0
2024_E_RENTER,8348abfffffffff,34.5
2024_E_RENTER,8348b1fffffffff,20.1
2024_E_RENTER,8348b2fffffffff,30.4
2024_E_RENTER,8348b3fffffffff,38.0
2024_E_RENTER,8348c0fffffffff,21.5
2024_E_RENTER,8348c1fffffffff,15.4
2024_E_RENTER,8348c2fffffffff,20.5
2024_E_RENTER,8348c3fffffffff,12.5
2024_E_RENTER,8348c4fffffffff,25.2
2024_E_RENTER,8348c5fffffffff,18.7
2024_E_RENTER,8348c6fffffffff,29.9
2024_E_RENTER,8348c8fffffffff,23.2
2024_E_RENTER,8348c9fffffffff,18.9
2024_E_RENTER,8348cafffffffff,19.4
2024_E_RENTER,8348cbfffffffff,19.3
2024_E_RENTER,8348ccfffffffff,25.1
2024_E_RENTER,8348cdfffffffff,16.0
2024_E_RENTER,8348cefffffffff,15.6
2024_E_RENTER,8348d0fffffffff,24.0
2024_E_RENTER,8348d1fffffffff,17.6
2024_E_RENTER,8348d2fffffffff,29.0
2024_E_RENTER,8348d3fffffffff,26.2
2024_E_RENTER,8348d4fffffffff,25.6
2024_E_RENTER,8348d5fffffffff,21.3
2024_E_RENTER,8348d6fffffffff,22.8
2024_E_RENTER,8348d8fffffffff,21.1
2024_E_RENTER,8348d9fffffffff,28.6
2024_E_RENTER,8348dafffffffff,15.3
2024_E_RENTER,8348dbfffffffff,16.4
2024_E_RENTER,8348dcfffffffff,9.7
2024_E_RENTER,8348ddfffffffff,17.2
2024_E_RENTER,8348defffffffff,20.1
2024_E_RENTER,8348e3fffffffff,15.8
2024_E_RENTER,8348e8fffffffff,20.7
2024_E_RENTER,8348e9fffffffff,25.6
2024_E_RENTER,8348eafffffffff,23.9
2024_E_RENTER,8348ebfffffffff,18.2
2024_E_RENTER,8348ecfffffffff,22.9
2024_E_RENTER,8348edfffffffff,34.0
2024_E_RENTER,8348eefffffffff,20.5
2024_E_RENTER,8348f2fffffffff,18.5
2024_E_RENTER,8348f3fffffffff,30.3
2024_E_RENTER,8348f6fffffffff,27.4
2024_E_RFLD,8312c9fffffffff,0.2525
2024_E_RFLD,8312cafffffffff,0.8433
2024_E_RFLD,8312cbfffffffff,0.5956
2024_E_RFLD,8312d8fffffffff,0.5659
2024_E_RFLD,8312d9fffffffff,0.6348
2024_E_RFLD,8312dafffffffff,0.9636
2024_E_RFLD,8312dbfffffffff,0.822
2024_E_RFLD,8312ddfffffffff,0.5823
2024_E_RFLD,8312defffffffff,1.4743
2024_E_RFLD,832600fffffffff,2.1827
2024_E_RFLD,832601fffffffff,2.5226
2024_E_RFLD,832602fffffffff,0.9134
2024_E_RFLD,832603fffffffff,0.9733
2024_E_RFLD,832604fffffffff,1.2123
2024_E_RFLD,832605fffffffff,1.8007
2024_E_RFLD,832606fffffffff,1.3075
2024_E_RFLD,832608fffffffff,1.4651
2024_E_RFLD,832609fffffffff,0.9919
2024_E_RFLD,83260afffffffff,1.504
2024_E_RFLD,83260bfffffffff,1.4256
2024_E_RFLD,83260cfffffffff,1.2998
2024_E_RFLD,83260dfffffffff,2.6724
2024_E_RFLD,83260efffffffff,1.2479
2024_E_RFLD,832610fffffffff,0.227
2024_E_RFLD,832611fffffffff,0.2181
2024_E_RFLD,832612fffffffff,0.4117
2024_E_RFLD,832613fffffffff,0.0491
2024_E_RFLD,832614fffffffff,1.0852
2024_E_RFLD,832615fffffffff,0.8475
2024_E_RFLD,832616fffffffff,1.5387
2024_E_RFLD,832618fffffffff,0.7655
2024_E_RFLD,832619fffffffff,0.6258
2024_E_RFLD,83261afffffffff,0.9348
2024_E_RFLD,83261bfffffffff,0.5122
2024_E_RFLD,83261cfffffffff,0.3861
2024_E_RFLD,83261dfffffffff,0.8354
2024_E_RFLD,83261efffffffff,0.5295
2024_E_RFLD,832620fffffffff,0.5701
2024_E_RFLD,832621fffffffff,0.741
2024_E_RFLD,832622fffffffff,1.1656
2024_E_RFLD,832623fffffffff,0.7639
2024_E_RFLD,832624fffffffff,0.1824
2024_E_RFLD,832625fffffffff,0.5747
2024_E_RFLD,832626fffffffff,1.8156
2024_E_RFLD,832628fffffffff,1.5861
2024_E_RFLD,832629fffffffff,2.3746
2024_E_RFLD,83262afffffffff,2.2143
2024_E_RFLD,83262bfffffffff,2.7686
2024_E_RFLD,83262cfffffffff,0.9498
2024_E_RFLD,83262dfffffffff,1.711
2024_E_RFLD,83262efffffffff,0.9363
2024_E_RFLD,832630fffffffff,0.4342
2024_E_RFLD,832631fffffffff,2.4559
2024_E_RFLD,832632fffffffff,1.3906
2024_E_RFLD,832633fffffffff,0.7163
2024_E_RFLD,832634fffffffff,0.4835
2024_E_RFLD,832635fffffffff,1.2401
2024_E_RFLD,832636fffffffff,0.5862
2024_E_RFLD,832640fffffffff,1.598
2024_E_RFLD,832641fffffffff,3.2476
2024_E_RFLD,832642fffffffff,1.4994
2024_E_RFLD,832643fffffffff,2.9784
2024_E_RFLD,832644fffffffff,1.333
2024_E_RFLD,832645fffffffff,2.2887
2024_E_RFLD,832646fffffffff,1.4418
2024_E_RFLD,832648fffffffff,1.1627
2024_E_RFLD,832649fffffffff,2.284
2024_E_RFLD,83264afffffffff,1.5241
2024_E_RFLD,83264bfffffffff,1.3074
2024_E_RFLD,83264cfffffffff,1.7265
2024_E_RFLD,83264dfffffffff,2.0121
2024_E_RFLD,83264efffffffff,1.809
2024_E_RFLD,832650fffffffff,3.538
2024_E_RFLD,832651fffffffff,3.097
2024_E_RFLD,832652fffffffff,2.1413
2024_E_RFLD,832653fffffffff,3.5315
2024_E_RFLD,832654fffffffff,2.8024
2024_E_RFLD,832655fffffffff,2.0499
2024_E_RFLD,832656fffffffff,2.8915
2024_E_RFLD,832658fffffffff,2.0597
2024_E_RFLD,832659fffffffff,1.6596
2024_E_RFLD,83265afffffffff,1.441
2024_E_RFLD,83265bfffffffff,3.1855
2024_E_RFLD,83265cfffffffff,2.5901
2024_E_RFLD,83265dfffffffff,1.7596
2024_E_RFLD,83265efffffffff,3.4188
2024_E_RFLD,832660fffffffff,1.6707
2024_E_RFLD,832661fffffffff,2.5637
2024_E_RFLD,832662fffffffff,1.2328
2024_E_RFLD,832663fffffffff,1.6155
2024_E_RFLD,832664fffffffff,1.8339
2024_E_RFLD,832665fffffffff,0.8693
2024_E_RFLD,832666fffffffff,1.4908
2024_E_RFLD,832668fffffffff,1.8232
2024_E_RFLD,832669fffffffff,0.9607
2024_E_RFLD,83266afffffffff,4.3658
2024_E_RFLD,83266bfffffffff,2.107
2024_E_RFLD,83266cfffffffff,2.2208
2024_E_RFLD,83266dfffffffff,1.4338
2024_E_RFLD,83266efffffffff,3.4979
2024_E_RFLD,832670fffffffff,2.064
2024_E_RFLD,832671fffffffff,1.5384
2024_E_RFLD,832672fffffffff,1.4743
2024_E_RFLD,832673fffffffff,1.2854
2024_E_RFLD,832674fffffffff,2.1544
2024_E_RFLD,832675fffffffff,1.6275
2024_E_RFLD,832676fffffffff,2.506
2024_E_RFLD,832680fffffffff,0.5291
2024_E_RFLD,832681fffffffff,0.4655
2024_E_RFLD,832682fffffffff,1.0748
2024_E_RFLD,832683fffffffff,1.1923
2024_E_RFLD,832684fffffffff,0.2138
2024_E_RFLD,832685fffffffff,0.9455
2024_E_RFLD,832686fffffffff,0.3864
2024_E_RFLD,832688fffffffff,1.8914
2024_E_RFLD,832689fffffffff,0.6228
2024_E_RFLD,83268afffffffff,0.2298
2024_E_RFLD,83268bfffffffff,0.8389
2024_E_RFLD,83268cfffffffff,1.8148
2024_E_RFLD,83268dfffffffff,0.566
2024_E_RFLD,83268efffffffff,0.5986
2024_E_RFLD,832690fffffffff,0.6464
2024_E_RFLD,832691fffffffff,1.3087
2024_E_RFLD,832692fffffffff,0.3437
2024_E_RFLD,832693fffffffff,1.0397
2024_E_RFLD,832694fffffffff,0.2425
2024_E_RFLD,832695fffffffff,0.589
2024_E_RFLD,832696fffffffff,0.4671
2024_E_RFLD,832698fffffffff,0.685
2024_E_RFLD,832699fffffffff,0.8977
2024_E_RFLD,83269afffffffff,0.0028
2024_E_RFLD,83269bfffffffff,0.6205
2024_E_RFLD,83269cfffffffff,1.8551
2024_E_RFLD,83269dfffffffff,0.4324
2024_E_RFLD,83269efffffffff,1.6463
2024_E_RFLD,8326a0fffffffff,0.3299
2024_E_RFLD,8326a1fffffffff,0.132
2024_E_RFLD,8326a2fffffffff,0.7138
2024_E_RFLD,8326a3fffffffff,0.4608
2024_E_RFLD,8326a4fffffffff,0.8427
2024_E_RFLD,8326a5fffffffff,0.9652
2024_E_RFLD,8326a6fffffffff,0.8402
2024_E_RFLD,8326a8fffffffff,0.9142
2024_E_RFLD,8326a9fffffffff,0.6254
2024_E_RFLD,8326aafffffffff,1.6528
2024_E_RFLD,8326abfffffffff,0.7041
2024_E_RFLD,8326acfffffffff,0.3621
2024_E_RFLD,8326adfffffffff,0.4233
2024_E_RFLD,8326aefffffffff,1.15
2024_E_RFLD,8326b0fffffffff,0.4858
2024_E_RFLD,8326b1fffffffff,0.8795
2024_E_RFLD,8326b2fffffffff,0.4178
2024_E_RFLD,8326b3fffffffff,0.3856
2024_E_RFLD,8326b4fffffffff,0.7621
2024_E_RFLD,8326b5fffffffff,0.8071
2024_E_RFLD,8326b6fffffffff,0.4235
2024_E_RFLD,8326c0fffffffff,0.6906
2024_E_RFLD,8326c1fffffffff,1.4041
2024_E_RFLD,8326c2fffffffff,0.367
2024_E_RFLD,8326c3fffffffff,1.0117
2024_E_RFLD,8326c4fffffffff,0.8041
2024_E_RFLD,8326c5fffffffff,1.1159
2024_E_RFLD,8326c6fffffffff,0.2786
2024_E_RFLD,8326c8fffffffff,2.4616
2024_E_RFLD,8326c9fffffffff,1.6215
2024_E_RFLD,8326cafffffffff,1.7199
2024_E_RFLD,8326cbfffffffff,2.6258
2024_E_RFLD,8326ccfffffffff,0.6601
2024_E_RFLD,8326cdfffffffff,1.2878
2024_E_RFLD,8326cefffffffff,0.8615
2024_E_RFLD,8326d0fffffffff,0.3837
2024_E_RFLD,8326d1fffffffff,0.7856
2024_E_RFLD,8326d2fffffffff,0.6877
2024_E_RFLD,8326d3fffffffff,0.7334
2024_E_RFLD,8326d4fffffffff,0.2261
2024_E_RFLD,8326d5fffffffff,0.3403
2024_E_RFLD,8326d6fffffffff,0.8505
2024_E_RFLD,8326d8fffffffff,0.4519
2024_E_RFLD,8326d9fffffffff,0.9784
2024_E_RFLD,8326dafffffffff,1.1498
2024_E_RFLD,8326dbfffffffff,1.2464
2024_E_RFLD,8326dcfffffffff,0.2922
2024_E_RFLD,8326ddfffffffff,0.6833
2024_E_RFLD,8326defffffffff,0.9417
2024_E_RFLD,8326e0fffffffff,1.3971
2024_E_RFLD,8326e1fffffffff,1.5642
2024_E_RFLD,8326e2fffffffff,1.2322
2024_E_RFLD,8326e3fffffffff,2.3874
2024_E_RFLD,8326e4fffffffff,1.0725
2024_E_RFLD,8326e5fffffffff,1.8868
2024_E_RFLD,8326e6fffffffff,0.85
2024_E_RFLD,8326e8fffffffff,2.4558
2024_E_RFLD,8326e9fffffffff,2.2781
2024_E_RFLD,8326eafffffffff,1.7186
2024_E_RFLD,8326ebfffffffff,2.2616
2024_E_RFLD,8326ecfffffffff,3.3687
2024_E_RFLD,8326edfffffffff,2.5967
2024_E_RFLD,8326eefffffffff,2.0989
2024_E_RFLD,8326f0fffffffff,0.3602
2024_E_RFLD,8326f1fffffffff,0.5781
2024_E_RFLD,8326f2fffffffff,0.4578
2024_E_RFLD,8326f3fffffffff,0.2345
2024_E_RFLD,8326f4fffffffff,0.7006
2024_E_RFLD,8326f5fffffffff,0.4384
2024_E_RFLD,8326f6fffffffff,0.6959
2024_E_RFLD,832708fffffffff,0.4966
2024_E_RFLD,832709fffffffff,1.0665
2024_E_RFLD,83270afffffffff,0.2444
2024_E_RFLD,83270bfffffffff,0.3754
2024_E_RFLD,83270dfffffffff,1.1853
2024_E_RFLD,83270efffffffff,0.1113
2024_E_RFLD,832718fffffffff,1.7771
2024_E_RFLD,832719fffffffff,1.3143
2024_E_RFLD,83271afffffffff,1.3697
2024_E_RFLD,83271bfffffffff,1.1482
2024_E_RFLD,83271cfffffffff,1.5999
2024_E_RFLD,83271dfffffffff,1.2306
2024_E_RFLD,83271efffffffff,0.7398
2024_E_RFLD,832740fffffffff,0.3761
2024_E_RFLD,832741fffffffff,0.1639
2024_E_RFLD,832742fffffffff,0.4274
2024_E_RFLD,832743fffffffff,0.689
2024_E_RFLD,832744fffffffff,0.1791
2024_E_RFLD,832745fffffffff,0.0248
2024_E_RFLD,832746fffffffff,0.3812
2024_E_RFLD,832748fffffffff,0.429
2024_E_RFLD,832749fffffffff,0.5072
2024_E_RFLD,83274bfffffffff,0.3643
2024_E_RFLD,83274cfffffffff,0.3381
2024_E_RFLD,83274dfffffffff,0.6826
2024_E_RFLD,83274efffffffff,0.3597
2024_E_RFLD,832750fffffffff,0.3283
2024_E_RFLD,832751fffffffff,0.6494
2024_E_RFLD,832752fffffffff,0.4375
2024_E_RFLD,832753fffffffff,1.1162
2024_E_RFLD,832754fffffffff,0.6286
2024_E_RFLD,832755fffffffff,0.3141
2024_E_RFLD,832756fffffffff,0.7461
2024_E_RFLD,832758fffffffff,1.8396
2024_E_RFLD,832759fffffffff,1.767
2024_E_RFLD,83275afffffffff,2.5164
2024_E_RFLD,83275bfffffffff,1.6561
2024_E_RFLD,83275cfffffffff,0.5465
2024_E_RFLD,83275dfffffffff,1.0904
2024_E_RFLD,83275efffffffff,1.498
2024_E_RFLD,832763fffffffff,0.1384
2024_E_RFLD,832768fffffffff,0.1129
2024_E_RFLD,83276afffffffff,0.0361
2024_E_RFLD,83276bfffffffff,0.4252
2024_E_RFLD,83276efffffffff,0.1088
2024_E_RFLD,832770fffffffff,0.0
2024_E_RFLD,832771fffffffff,0.4109
2024_E_RFLD,832772fffffffff,0.0898
2024_E_RFLD,832773fffffffff,0.2519
2024_E_RFLD,832780fffffffff,2.0656
2024_E_RFLD,832781fffffffff,1.077
2024_E_RFLD,832782fffffffff,1.3202
2024_E_RFLD,832783fffffffff,0.9889
2024_E_RFLD,832784fffffffff,2.3218
2024_E_RFLD,832785fffffffff,0.9707
2024_E_RFLD,832786fffffffff,1.9285
2024_E_RFLD,832788fffffffff,0.1963
2024_E_RFLD,832789fffffffff,1.1487
2024_E_RFLD,83278afffffffff,0.8083
2024_E_RFLD,83278bfffffffff,0.8689
2024_E_RFLD,83278cfffffffff,0.2699
2024_E_RFLD,83278dfffffffff,0.5499
2024_E_RFLD,83278efffffffff,0.8064
2024_E_RFLD,832790fffffffff,0.2222
2024_E_RFLD,832791fffffffff,0.5488
2024_E_RFLD,832792fffffffff,0.8522
2024_E_RFLD,832793fffffffff,0.2918
2024_E_RFLD,832794fffffffff,0.1376
2024_E_RFLD,832795fffffffff,0.6489
2024_E_RFLD,832796fffffffff,0.2946
2024_E_RFLD,832798fffffffff,0.6138
2024_E_RFLD,832799fffffffff,0.8694
2024_E_RFLD,83279afffffffff,0.7408
2024_E_RFLD,83279bfffffffff,0.8489
2024_E_RFLD,83279cfffffffff,0.9299
2024_E_RFLD,83279dfffffffff,0.4856
2024_E_RFLD,83279efffffffff,0.6569
2024_E_RFLD,8327a3fffffffff,0.0
2024_E_RFLD,8327a8fffffffff,0.5717
2024_E_RFLD,8327a9fffffffff,0.5135
2024_E_RFLD,8327aafffffffff,0.5188
2024_E_RFLD,8327abfffffffff,0.442
2024_E_RFLD,8327acfffffffff,0.2811
2024_E_RFLD,8327adfffffffff,0.5422
2024_E_RFLD,8327aefffffffff,0.1823
2024_E_RFLD,8327b3fffffffff,0.5413
2024_E_RFLD,832800fffffffff,0.7083
2024_E_RFLD,832802fffffffff,0.4859
2024_E_RFLD,832806fffffffff,0.5017
2024_E_RFLD,832810fffffffff,0.5626
2024_E_RFLD,832811fffffffff,0.9384
2024_E_RFLD,832812fffffffff,0.8735
2024_E_RFLD,832813fffffffff,0.4881
2024_E_RFLD,832814fffffffff,0.5817
2024_E_RFLD,832815fffffffff,0.7866
2024_E_RFLD,832816fffffffff,0.8257
2024_E_RFLD,832818fffffffff,1.6265
2024_E_RFLD,83281afffffffff,1.3593
2024_E_RFLD,83281bfffffffff,1.5597
2024_E_RFLD,83281cfffffffff,0.8741
2024_E_RFLD,83281efffffffff,0.6215
2024_E_RFLD,832830fffffffff,1.2941
2024_E_RFLD,832831fffffffff,1.6072
2024_E_RFLD,832832fffffffff,0.8128
2024_E_RFLD,832833fffffffff,0.6515
2024_E_RFLD,832834fffffffff,1.6888
2024_E_RFLD,832835fffffffff,2.161
2024_E_RFLD,832836fffffffff,0.7779
2024_E_RFLD,832880fffffffff,0.5776
2024_E_RFLD,832881fffffffff,0.5568
2024_E_RFLD,832882fffffffff,0.5824
2024_E_RFLD,832883fffffffff,0.5246
2024_E_RFLD,832884fffffffff,0.7596
2024_E_RFLD,832885fffffffff,0.7705
2024_E_RFLD,832886fffffffff,0.6492
2024_E_RFLD,832888fffffffff,0.4045
2024_E_RFLD,832889fffffffff,0.9391
2024_E_RFLD,83288afffffffff,0.8372
2024_E_RFLD,83288bfffffffff,0.3654
2024_E_RFLD,83288cfffffffff,0.4909
2024_E_RFLD,83288dfffffffff,0.4169
2024_E_RFLD,83288efffffffff,0.4855
2024_E_RFLD,832890fffffffff,0.2396
2024_E_RFLD,832891fffffffff,0.3642
2024_E_RFLD,832892fffffffff,0.3805
2024_E_RFLD,832893fffffffff,0.2872
2024_E_RFLD,832894fffffffff,0.4553
2024_E_RFLD,832895fffffffff,0.5058
2024_E_RFLD,832896fffffffff,0.5306
2024_E_RFLD,832898fffffffff,0.6212
2024_E_RFLD,832899fffffffff,0.961
2024_E_RFLD,83289afffffffff,0.7861
2024_E_RFLD,83289bfffffffff,0.8188
2024_E_RFLD,83289cfffffffff,0.6294
2024_E_RFLD,83289dfffffffff,0.444
2024_E_RFLD,83289efffffffff,0.4653
2024_E_RFLD,8328a0fffffffff,0.8009
2024_E_RFLD,8328a1fffffffff,0.4336
2024_E_RFLD,8328a2fffffffff,1.1088
2024_E_RFLD,8328a3fffffffff,0.8966
2024_E_RFLD,8328a4fffffffff,0.4254
2024_E_RFLD,8328a5fffffffff,0.3768
2024_E_RFLD,8328a6fffffffff,1.7032
2024_E_RFLD,8328a8fffffffff,0.3056
2024_E_RFLD,8328a9fffffffff,0.4394
2024_E_RFLD,8328aafffffffff,0.4383
2024_E_RFLD,8328abfffffffff,0.3308
2024_E_RFLD,8328acfffffffff,0.2411
2024_E_RFLD,8328adfffffffff,0.2864
2024_E_RFLD,8328aefffffffff,0.429
2024_E_RFLD,8328b0fffffffff,0.6056
2024_E_RFLD,8328b1fffffffff,0.4022
2024_E_RFLD,8328b2fffffffff,0.7718
2024_E_RFLD,8328b3fffffffff,0.6184
2024_E_RFLD,8328b4fffffffff,0.3658
2024_E_RFLD,8328b5fffffffff,1.4254
2024_E_RFLD,8328b6fffffffff,0.4133
2024_E_RFLD,8328c2fffffffff,0.1155
2024_E_RFLD,8328c6fffffffff,0.2473
2024_E_RFLD,8328d0fffffffff,0.5158
2024_E_RFLD,8328d1fffffffff,0.1579
2024_E_RFLD,8328d2fffffffff,1.7942
2024_E_RFLD,8328d3fffffffff,0.1403
2024_E_RFLD,8328d4fffffffff,0.5919
2024_E_RFLD,8328d5fffffffff,0.1201
2024_E_RFLD,8328d6fffffffff,1.0934
2024_E_RFLD,8328defffffffff,0.125
2024_E_RFLD,8328f0fffffffff,0.8392
2024_E_RFLD,8328f1fffffffff,1.092
2024_E_RFLD,8328f2fffffffff,0.7505
2024_E_RFLD,8328f3fffffffff,0.4109
2024_E_RFLD,8328f4fffffffff,0.8491
2024_E_RFLD,8328f5fffffffff,1.1673
2024_E_RFLD,8328f6fffffffff,0.1768
2024_E_RFLD,832912fffffffff,1.9539
2024_E_RFLD,832913fffffffff,1.7746
2024_E_RFLD,832916fffffffff,0.0
2024_E_RFLD,83291afffffffff,1.625
2024_E_RFLD,832980fffffffff,2.0962
2024_E_RFLD,832981fffffffff,1.4688
2024_E_RFLD,832982fffffffff,2.2127
2024_E_RFLD,832983fffffffff,1.3302
2024_E_RFLD,832984fffffffff,8.082
2024_E_RFLD,832985fffffffff,5.1053
2024_E_RFLD,832986fffffffff,7.1592
2024_E_RFLD,832988fffffffff,0.5434
2024_E_RFLD,832989fffffffff,0.7843
2024_E_RFLD,83298afffffffff,0.54
2024_E_RFLD,83298bfffffffff,0.249
2024_E_RFLD,83298cfffffffff,0.9546
2024_E_RFLD,83298dfffffffff,0.7584
2024_E_RFLD,83298efffffffff,1.1696
2024_E_RFLD,832990fffffffff,4.4632
2024_E_RFLD,832991fffffffff,1.5837
2024_E_RFLD,832992fffffffff,3.4747
2024_E_RFLD,832993fffffffff,0.9381
2024_E_RFLD,832994fffffffff,5.4843
2024_E_RFLD,832995fffffffff,7.9206
2024_E_RFLD,832996fffffffff,1.3232
2024_E_RFLD,832998fffffffff,0.6918
2024_E_RFLD,832999fffffffff,1.1304
2024_E_RFLD,83299afffffffff,0.4583
2024_E_RFLD,83299bfffffffff,1.7675
2024_E_RFLD,83299cfffffffff,1.5635
2024_E_RFLD,83299dfffffffff,1.2224
2024_E_RFLD,83299efffffffff,0.1057
2024_E_RFLD,8329a0fffffffff,6.4075
2024_E_RFLD,8329a1fffffffff,3.4866
2024_E_RFLD,8329a2fffffffff,9.8672
2024_E_RFLD,8329a3fffffffff,8.9205
2024_E_RFLD,8329a4fffffffff,6.6799
2024_E_RFLD,8329a5fffffffff,1.3384
2024_E_RFLD,8329a6fffffffff,5.3631
2024_E_RFLD,8329a8fffffffff,2.9481
2024_E_RFLD,8329a9fffffffff,1.8488
2024_E_RFLD,8329aafffffffff,3.7247
2024_E_RFLD,8329abfffffffff,2.4088
2024_E_RFLD,8329acfffffffff,2.9036
2024_E_RFLD,8329adfffffffff,0.9972
2024_E_RFLD,8329aefffffffff,4.5739
2024_E_RFLD,8329b0fffffffff,6.1043
2024_E_RFLD,8329b1fffffffff,10.5165
2024_E_RFLD,8329b2fffffffff,3.4494
2024_E_RFLD,8329b3fffffffff,8.4537
2024_E_RFLD,8329b4fffffffff,2.9246
2024_E_RFLD,8329b5fffffffff,8.4234
2024_E_RFLD,8329b6fffffffff,4.2129
2024_E_RFLD,832a06fffffffff,0.1921
2024_E_RFLD,832a10fffffffff,2.9298
2024_E_RFLD,832a12fffffffff,3.1155
2024_E_RFLD,832a13fffffffff,3.3653
2024_E_RFLD,832a14fffffffff,2.6445
2024_E_RFLD,832a15fffffffff,2.7778
2024_E_RFLD,832a16fffffffff,2.354
2024_E_RFLD,832a30fffffffff,2.0817
2024_E_RFLD,832a31fffffffff,0.923
2024_E_RFLD,832a32fffffffff,2.0157
2024_E_RFLD,832a33fffffffff,2.2719
2024_E_RFLD,832a34fffffffff,1.4361
2024_E_RFLD,832a36fffffffff,2.5859
2024_E_RFLD,832a80fffffffff,2.4047
2024_E_RFLD,832a81fffffffff,1.6778
2024_E_RFLD,832a82fffffffff,2.2265
2024_E_RFLD,832a83fffffffff,1.5987
2024_E_RFLD,832a84fffffffff,3.62
2024_E_RFLD,832a85fffffffff,1.9962
2024_E_RFLD,832a86fffffffff,2.292
2024_E_RFLD,832a88fffffffff,2.2481
2024_E_RFLD,832a89fffffffff,1.2333
2024_E_RFLD,832a8afffffffff,1.6214
2024_E_RFLD,832a8bfffffffff,1.7453
2024_E_RFLD,832a8cfffffffff,1.8222
2024_E_RFLD,832a8dfffffffff,0.4791
2024_E_RFLD,832a8efffffffff,1.4688
2024_E_RFLD,832a90fffffffff,1.8479
2024_E_RFLD,832a91fffffffff,2.203
2024_E_RFLD,832a92fffffffff,1.5313
2024_E_RFLD,832a93fffffffff,2.4477
2024_E_RFLD,832a94fffffffff,1.1432
2024_E_RFLD,832a95fffffffff,1.8623
2024_E_RFLD,832a96fffffffff,0.7114
2024_E_RFLD,832a98fffffffff,2.1247
2024_E_RFLD,832a99fffffffff,1.4087
2024_E_RFLD,832a9afffffffff,1.8426
2024_E_RFLD,832a9bfffffffff,1.1746
2024_E_RFLD,832a9cfffffffff,2.5273
2024_E_RFLD,832a9dfffffffff,1.5393
2024_E_RFLD,832a9efffffffff,1.9808
2024_E_RFLD,832aa0fffffffff,1.2883
2024_E_RFLD,832aa1fffffffff,1.7838
2024_E_RFLD,832aa2fffffffff,1.3949
2024_E_RFLD,832aa3fffffffff,1.4674
2024_E_RFLD,832aa4fffffffff,1.3096
2024_E_RFLD,832aa5fffffffff,2.1687
2024_E_RFLD,832aa6fffffffff,2.0109
2024_E_RFLD,832aa8fffffffff,2.5341
2024_E_RFLD,832aa9fffffffff,0.842
2024_E_RFLD,832aaafffffffff,2.5299
2024_E_RFLD,832aabfffffffff,0.8954
2024_E_RFLD,832aacfffffffff,4.202
2024_E_RFLD,832aadfffffffff,2.1445
2024_E_RFLD,832aaefffffffff,2.8637
2024_E_RFLD,832ab1fffffffff,2.0703
2024_E_RFLD,832ab2fffffffff,1.1741
2024_E_RFLD,832ab3fffffffff,1.5756
2024_E_RFLD,832ab5fffffffff,2.2147
2024_E_RFLD,832ab6fffffffff,0.5565
2024_E_RFLD,832ad0fffffffff,1.3678
2024_E_RFLD,832ad2fffffffff,0.7121
2024_E_RFLD,832ad3fffffffff,1.6946
2024_E_RFLD,832ad4fffffffff,1.0803
2024_E_RFLD,832ad5fffffffff,1.1181
2024_E_RFLD,832ad6fffffffff,1.6115
2024_E_RFLD,832af0fffffffff,0.6668
2024_E_RFLD,832af2fffffffff,0.6769
2024_E_RFLD,832af3fffffffff,0.3813
2024_E_RFLD,832af6fffffffff,0.5811
2024_E_RFLD,832b10fffffffff,3.25
2024_E_RFLD,832b11fffffffff,3.25
2024_E_RFLD,832b12fffffffff,3.25
2024_E_RFLD,832b13fffffffff,2.0149
2024_E_RFLD,832b18fffffffff,1.0304
2024_E_RFLD,832b1afffffffff,1.9086
2024_E_RFLD,832b1bfffffffff,0.8348
2024_E_RFLD,832b1efffffffff,1.799
2024_E_RFLD,832b81fffffffff,0.9843
2024_E_RFLD,832b88fffffffff,1.9505
2024_E_RFLD,832b89fffffffff,2.235
2024_E_RFLD,832b8afffffffff,1.1066
2024_E_RFLD,832b8bfffffffff,2.1727
2024_E_RFLD,832b8cfffffffff,2.1624
2024_E_RFLD,832b8dfffffffff,2.1288
2024_E_RFLD,832b8efffffffff,1.0023
2024_E_RFLD,832b99fffffffff,1.3977
2024_E_RFLD,832b9bfffffffff,1.6309
2024_E_RFLD,832ba8fffffffff,2.3273
2024_E_RFLD,832ba9fffffffff,2.4237
2024_E_RFLD,832babfffffffff,1.9459
2024_E_RFLD,832bacfffffffff,4.095
2024_E_RFLD,832badfffffffff,2.6982
2024_E_RFLD,834412fffffffff,1.112
2024_E_RFLD,834413fffffffff,0.8127
2024_E_RFLD,834414fffffffff,0.4433
2024_E_RFLD,834416fffffffff,0.4583
2024_E_RFLD,83441afffffffff,1.6341
2024_E_RFLD,83441bfffffffff,0.422
2024_E_RFLD,83441efffffffff,1.2308
2024_E_RFLD,834440fffffffff,0.7653
2024_E_RFLD,834441fffffffff,1.1122
2024_E_RFLD,834442fffffffff,0.9195
2024_E_RFLD,834443fffffffff,1.0593
2024_E_RFLD,834444fffffffff,1.1235
2024_E_RFLD,834445fffffffff,1.24
2024_E_RFLD,834446fffffffff,0.7974
2024_E_RFLD,834448fffffffff,1.5479
2024_E_RFLD,834449fffffffff,1.5725
2024_E_RFLD,83444afffffffff,1.5458
2024_E_RFLD,83444bfffffffff,2.4035
2024_E_RFLD,83444cfffffffff,1.5535
2024_E_RFLD,83444dfffffffff,1.2497
2024_E_RFLD,83444efffffffff,1.2907
2024_E_RFLD,834450fffffffff,2.4341
2024_E_RFLD,834451fffffffff,1.6471
2024_E_RFLD,834452fffffffff,1.1582
2024_E_RFLD,834453fffffffff,0.9788
2024_E_RFLD,834455fffffffff,1.2395
2024_E_RFLD,834456fffffffff,1.8929
2024_E_RFLD,834458fffffffff,1.0582
2024_E_RFLD,834459fffffffff,1.1562
2024_E_RFLD,83445afffffffff,0.9657
2024_E_RFLD,83445bfffffffff,0.8608
2024_E_RFLD,83445cfffffffff,2.2487
2024_E_RFLD,83445dfffffffff,1.4409
2024_E_RFLD,83445efffffffff,1.1709
2024_E_RFLD,834463fffffffff,0.6452
2024_E_RFLD,834468fffffffff,1.3127
2024_E_RFLD,834469fffffffff,1.2397
2024_E_RFLD,83446afffffffff,1.0261
2024_E_RFLD,83446bfffffffff,1.3162
2024_E_RFLD,83446cfffffffff,2.8216
2024_E_RFLD,83446dfffffffff,1.5301
2024_E_RFLD,83446efffffffff,1.9981
2024_E_RFLD,834471fffffffff,0.7622
2024_E_RFLD,834473fffffffff,0.5364
2024_E_RFLD,8344a1fffffffff,1.7973
2024_E_RFLD,8344a5fffffffff,1.9128
2024_E_RFLD,8344a8fffffffff,0.4526
2024_E_RFLD,8344a9fffffffff,0.5796
2024_E_RFLD,8344abfffffffff,0.6601
2024_E_RFLD,8344acfffffffff,0.6935
2024_E_RFLD,8344adfffffffff,1.0147
2024_E_RFLD,8344aefffffffff,0.792
2024_E_RFLD,8344c0fffffffff,0.3579
2024_E_RFLD,8344c1fffffffff,0.8565
2024_E_RFLD,8344c2fffffffff,0.312
2024_E_RFLD,8344c3fffffffff,0.3608
2024_E_RFLD,8344c4fffffffff,0.4085
2024_E_RFLD,8344c5fffffffff,0.3859
2024_E_RFLD,8344c6fffffffff,0.3453
2024_E_RFLD,8344c8fffffffff,1.0895
2024_E_RFLD,8344c9fffffffff,1.0935
2024_E_RFLD,8344cafffffffff,1.0019
2024_E_RFLD,8344cbfffffffff,1.3735
2024_E_RFLD,8344ccfffffffff,0.861
2024_E_RFLD,8344cdfffffffff,1.178
2024_E_RFLD,8344cefffffffff,0.6678
2024_E_RFLD,8344d0fffffffff,2.1581
2024_E_RFLD,8344d1fffffffff,0.6476
2024_E_RFLD,8344d2fffffffff,2.666
2024_E_RFLD,8344d3fffffffff,1.0355
2024_E_RFLD,8344d5fffffffff,0.5704
2024_E_RFLD,8344d8fffffffff,1.1318
2024_E_RFLD,8344d9fffffffff,1.3442
2024_E_RFLD,8344dafffffffff,1.7978
2024_E_RFLD,8344dbfffffffff,1.3228
2024_E_RFLD,8344dcfffffffff,0.641
2024_E_RFLD,8344ddfffffffff,1.9134
2024_E_RFLD,8344defffffffff,0.9726
2024_E_RFLD,8344e0fffffffff,0.6058
2024_E_RFLD,8344e1fffffffff,0.7087
2024_E_RFLD,8344e2fffffffff,0.4999
2024_E_RFLD,8344e3fffffffff,0.2656
2024_E_RFLD,8344e4fffffffff,0.2946
2024_E_RFLD,8344e5fffffffff,1.2202
2024_E_RFLD,8344e6fffffffff,0.5749
2024_E_RFLD,8344e8fffffffff,1.1294
2024_E_RFLD,8344e9fffffffff,1.5299
2024_E_RFLD,8344eafffffffff,0.7016
2024_E_RFLD,8344ebfffffffff,1.4166
2024_E_RFLD,8344ecfffffffff,0.732
2024_E_RFLD,8344edfffffffff,0.8187
2024_E_RFLD,8344eefffffffff,0.6334
2024_E_RFLD,8344f0fffffffff,1.0983
2024_E_RFLD,8344f1fffffffff,0.2852
2024_E_RFLD,8344f3fffffffff,0.3264
2024_E_RFLD,8344f4fffffffff,0.7713
2024_E_RFLD,8344f5fffffffff,0.5337
2024_E_RFLD,8344f6fffffffff,0.8386
2024_E_RFLD,834859fffffffff,2.5337
2024_E_RFLD,83485afffffffff,2.8704
2024_E_RFLD,83485bfffffffff,0.9286
2024_E_RFLD,834880fffffffff,2.3289
2024_E_RFLD,834881fffffffff,1.8479
2024_E_RFLD,834882fffffffff,1.6691
2024_E_RFLD,834883fffffffff,2.7254
2024_E_RFLD,834886fffffffff,1.4349
2024_E_RFLD,834888fffffffff,1.4961
2024_E_RFLD,834889fffffffff,0.9688
2024_E_RFLD,83488afffffffff,1.3411
2024_E_RFLD,83488bfffffffff,1.6355
2024_E_RFLD,83488cfffffffff,1.9053
2024_E_RFLD,83488dfffffffff,2.0579
2024_E_RFLD,83488efffffffff,3.4913
2024_E_RFLD,834890fffffffff,1.3185
2024_E_RFLD,834891fffffffff,2.4645
2024_E_RFLD,834892fffffffff,1.6812
2024_E_RFLD,834893fffffffff,1.4413
2024_E_RFLD,834895fffffffff,1.844
2024_E_RFLD,834898fffffffff,2.7784
2024_E_RFLD,834899fffffffff,1.0512
2024_E_RFLD,83489afffffffff,2.2045
2024_E_RFLD,83489bfffffffff,1.2507
2024_E_RFLD,83489cfffffffff,4.3343
2024_E_RFLD,83489dfffffffff,2.4372
2024_E_RFLD,83489efffffffff,3.2608
2024_E_RFLD,8348abfffffffff,2.5
2024_E_RFLD,8348b1fffffffff,1.5451
2024_E_RFLD,8348b2fffffffff,2.3261
2024_E_RFLD,8348b3fffffffff,1.2815
2024_E_RFLD,8348c0fffffffff,1.8453
2024_E_RFLD,8348c1fffffffff,1.2674
2024_E_RFLD,8348c2fffffffff,1.7518
2024_E_RFLD,8348c3fffffffff,0.9453
2024_E_RFLD,8348c4fffffffff,1.0089
2024_E_RFLD,8348c5fffffffff,2.508
2024_E_RFLD,8348c6fffffffff,2.3563
2024_E_RFLD,8348c8fffffffff,1.9152
2024_E_RFLD,8348c9fffffffff,1.7528
2024_E_RFLD,8348cafffffffff,0.7091
2024_E_RFLD,8348cbfffffffff,0.0714
2024_E_RFLD,8348ccfffffffff,2.0176
2024_E_RFLD,8348cdfffffffff,4.7456
2024_E_RFLD,8348cefffffffff,0.8961
2024_E_RFLD,8348d0fffffffff,2.8617
2024_E_RFLD,8348d1fffffffff,1.4848
2024_E_RFLD,8348d2fffffffff,1.1185
2024_E_RFLD,8348d3fffffffff,0.9626
2024_E_RFLD,8348d4fffffffff,2.1525
2024_E_RFLD,8348d5fffffffff,2.1594
2024_E_RFLD,8348d6fffffffff,1.5934
2024_E_RFLD,8348d8fffffffff,2.0231
2024_E_RFLD,8348d9fffffffff,1.5565
2024_E_RFLD,8348dafffffffff,0.723
2024_E_RFLD,8348dbfffffffff,0.7981
2024_E_RFLD,8348dcfffffffff,1.0333
2024_E_RFLD,8348ddfffffffff,1.1996
2024_E_RFLD,8348defffffffff,0.7184
2024_E_RFLD,8348e3fffffffff,2.8012
2024_E_RFLD,8348e8fffffffff,6.8068
2024_E_RFLD,8348e9fffffffff,4.2968
2024_E_RFLD,8348eafffffffff,2.8734
2024_E_RFLD,8348ebfffffffff,4.4148
2024_E_RFLD,8348ecfffffffff,5.9936
2024_E_RFLD,8348edfffffffff,2.8389
2024_E_RFLD,8348eefffffffff,6.2815
2024_E_RFLD,8348f2fffffffff,0.8231
2024_E_RFLD,8348f3fffffffff,0.7134
2024_E_RFLD,8348f6fffffffff,0.9303
2024_E_ROAD,8312c9fffffffff,6.28
2024_E_ROAD,8312cafffffffff,4.89
2024_E_ROAD,8312cbfffffffff,3.72
2024_E_ROAD,8312d8fffffffff,2.9
2024_E_ROAD,8312d9fffffffff,6.17
2024_E_ROAD,8312dafffffffff,2.28
2024_E_ROAD,8312dbfffffffff,16.48
2024_E_ROAD,8312ddfffffffff,14.78
2024_E_ROAD,8312defffffffff,4.2
2024_E_ROAD,832600fffffffff,15.4
2024_E_ROAD,832601fffffffff,16.73
2024_E_ROAD,832602fffffffff,8.63
2024_E_ROAD,832603fffffffff,11.44
2024_E_ROAD,832604fffffffff,11.54
2024_E_ROAD,832605fffffffff,13.46
2024_E_ROAD,832606fffffffff,9.43
2024_E_ROAD,832608fffffffff,18.76
2024_E_ROAD,832609fffffffff,12.26
2024_E_ROAD,83260afffffffff,13.5
2024_E_ROAD,83260bfffffffff,14.86
2024_E_ROAD,83260cfffffffff,13.08
2024_E_ROAD,83260dfffffffff,19.26
2024_E_ROAD,83260efffffffff,17.76
2024_E_ROAD,832610fffffffff,9.01
2024_E_ROAD,832611fffffffff,5.41
2024_E_ROAD,832612fffffffff,8.57
2024_E_ROAD,832613fffffffff,5.05
2024_E_ROAD,832614fffffffff,9.5
2024_E_ROAD,832615fffffffff,7.31
2024_E_ROAD,832616fffffffff,10.4
2024_E_ROAD,832618fffffffff,9.45
2024_E_ROAD,832619fffffffff,7.06
2024_E_ROAD,83261afffffffff,7.58
2024_E_ROAD,83261bfffffffff,8.63
2024_E_ROAD,83261cfffffffff,5.87
2024_E_ROAD,83261dfffffffff,10.27
2024_E_ROAD,83261efffffffff,6.26
2024_E_ROAD,832620fffffffff,12.62
2024_E_ROAD,832621fffffffff,21.32
2024_E_ROAD,832622fffffffff,7.84
2024_E_ROAD,832623fffffffff,14.35
2024_E_ROAD,832624fffffffff,12.78
2024_E_ROAD,832625fffffffff,11.77
2024_E_ROAD,832626fffffffff,11.37
2024_E_ROAD,832628fffffffff,12.09
2024_E_ROAD,832629fffffffff,19.81
2024_E_ROAD,83262afffffffff,13.98
2024_E_ROAD,83262bfffffffff,16.0
2024_E_ROAD,83262cfffffffff,20.11
2024_E_ROAD,83262dfffffffff,14.13
2024_E_ROAD,83262efffffffff,15.24
2024_E_ROAD,832630fffffffff,6.89
2024_E_ROAD,832631fffffffff,8.96
2024_E_ROAD,832632fffffffff,5.96
2024_E_ROAD,832633fffffffff,7.85
2024_E_ROAD,832634fffffffff,10.09
2024_E_ROAD,832635fffffffff,8.1
2024_E_ROAD,832636fffffffff,10.16
2024_E_ROAD,832640fffffffff,27.87
2024_E_ROAD,832641fffffffff,15.28
2024_E_ROAD,832642fffffffff,12.7
2024_E_ROAD,832643fffffffff,13.65
2024_E_ROAD,832644fffffffff,18.7
2024_E_ROAD,832645fffffffff,17.57
2024_E_ROAD,832646fffffffff,19.44
2024_E_ROAD,832648fffffffff,14.4
2024_E_ROAD,832649fffffffff,23.07
2024_E_ROAD,83264afffffffff,20.96
2024_E_ROAD,83264bfffffffff,15.28
2024_E_ROAD,83264cfffffffff,16.68
2024_E_ROAD,83264dfffffffff,30.94
2024_E_ROAD,83264efffffffff,14.21
2024_E_ROAD,832650fffffffff,16.36
2024_E_ROAD,832651fffffffff,11.21
2024_E_ROAD,832652fffffffff,12.55
2024_E_ROAD,832653fffffffff,14.11
2024_E_ROAD,832654fffffffff,12.49
2024_E_ROAD,832655fffffffff,13.52
2024_E_ROAD,832656fffffffff,32.09
2024_E_ROAD,832658fffffffff,9.7
2024_E_ROAD,832659fffffffff,21.72
2024_E_ROAD,83265afffffffff,7.67
2024_E_ROAD,83265bfffffffff,17.99
2024_E_ROAD,83265cfffffffff,6.92
2024_E_ROAD,83265dfffffffff,16.26
2024_E_ROAD,83265efffffffff,6.85
2024_E_ROAD,832660fffffffff,18.92
2024_E_ROAD,832661fffffffff,24.11
2024_E_ROAD,832662fffffffff,22.92
2024_E_ROAD,832663fffffffff,17.89
2024_E_ROAD,832664fffffffff,45.8
2024_E_ROAD,832665fffffffff,17.1
2024_E_ROAD,832666fffffffff,21.4
2024_E_ROAD,832668fffffffff,14.65
2024_E_ROAD,832669fffffffff,12.29
2024_E_ROAD,83266afffffffff,15.63
2024_E_ROAD,83266bfffffffff,14.68
2024_E_ROAD,83266cfffffffff,13.74
2024_E_ROAD,83266dfffffffff,17.37
2024_E_ROAD,83266efffffffff,16.39
2024_E_ROAD,832670fffffffff,14.77
2024_E_ROAD,832671fffffffff,14.12
2024_E_ROAD,832672fffffffff,11.09
2024_E_ROAD,832673fffffffff,16.2
2024_E_ROAD,832674fffffffff,22.61
2024_E_ROAD,832675fffffffff,15.29
2024_E_ROAD,832676fffffffff,19.91
2024_E_ROAD,832680fffffffff,4.81
2024_E_ROAD,832681fffffffff,16.31
2024_E_ROAD,832682fffffffff,3.77
2024_E_ROAD,832683fffffffff,6.15
2024_E_ROAD,832684fffffffff,3.36
2024_E_ROAD,832685fffffffff,4.93
2024_E_ROAD,832686fffffffff,4.27
2024_E_ROAD,832688fffffffff,8.1
2024_E_ROAD,832689fffffffff,2.66
2024_E_ROAD,83268afffffffff,7.41
2024_E_ROAD,83268bfffffffff,4.24
2024_E_ROAD,83268cfffffffff,20.61
2024_E_ROAD,83268dfffffffff,4.53
2024_E_ROAD,83268efffffffff,6.89
2024_E_ROAD,832690fffffffff,8.31
2024_E_ROAD,832691fffffffff,3.28
2024_E_ROAD,832692fffffffff,6.18
2024_E_ROAD,832693fffffffff,7.78
2024_E_ROAD,832694fffffffff,5.47
2024_E_ROAD,832695fffffffff,3.68
2024_E_ROAD,832696fffffffff,18.44
2024_E_ROAD,832698fffffffff,7.42
2024_E_ROAD,832699fffffffff,5.83
2024_E_ROAD,83269afffffffff,3.25
2024_E_ROAD,83269bfffffffff,8.29
2024_E_ROAD,83269cfffffffff,5.37
2024_E_ROAD,83269dfffffffff,6.25
2024_E_ROAD,83269efffffffff,4.85
2024_E_ROAD,8326a0fffffffff,6.44
2024_E_ROAD,8326a1fffffffff,7.67
2024_E_ROAD,8326a2fffffffff,6.53
2024_E_ROAD,8326a3fffffffff,4.84
2024_E_ROAD,8326a4fffffffff,5.93
2024_E_ROAD,8326a5fffffffff,9.99
2024_E_ROAD,8326a6fffffffff,6.88
2024_E_ROAD,8326a8fffffffff,8.99
2024_E_ROAD,8326a9fffffffff,6.01
2024_E_ROAD,8326aafffffffff,18.07
2024_E_ROAD,8326abfffffffff,7.54
2024_E_ROAD,8326acfffffffff,9.26
2024_E_ROAD,8326adfffffffff,5.78
2024_E_ROAD,8326aefffffffff,10.12
2024_E_ROAD,8326b0fffffffff,5.06
2024_E_ROAD,8326b1fffffffff,3.79
2024_E_ROAD,8326b2fffffffff,8.31
2024_E_ROAD,8326b3fffffffff,5.4
2024_E_ROAD,8326b4fffffffff,5.66
2024_E_ROAD,8326b5fffffffff,7.69
2024_E_ROAD,8326b6fffffffff,5.87
2024_E_ROAD,8326c0fffffffff,9.66
2024_E_ROAD,8326c1fffffffff,17.59
2024_E_ROAD,8326c2fffffffff,5.11
2024_E_ROAD,8326c3fffffffff,6.69
2024_E_ROAD,8326c4fffffffff,1.31
2024_E_ROAD,8326c5fffffffff,9.21
2024_E_ROAD,8326c6fffffffff,6.11
2024_E_ROAD,8326c8fffffffff,31.09
2024_E_ROAD,8326c9fffffffff,17.71
2024_E_ROAD,8326cafffffffff,13.63
2024_E_ROAD,8326cbfffffffff,26.83
2024_E_ROAD,8326ccfffffffff,11.16
2024_E_ROAD,8326cdfffffffff,12.44
2024_E_ROAD,8326cefffffffff,9.83
2024_E_ROAD,8326d0fffffffff,8.6
2024_E_ROAD,8326d1fffffffff,11.44
2024_E_ROAD,8326d2fffffffff,5.33
2024_E_ROAD,8326d3fffffffff,4.85
2024_E_ROAD,8326d4fffffffff,7.24
2024_E_ROAD,8326d5fffffffff,4.13
2024_E_ROAD,8326d6fffffffff,3.88
2024_E_ROAD,8326d8fffffffff,4.05
2024_E_ROAD,8326d9fffffffff,7.03
2024_E_ROAD,8326dafffffffff,9.56
2024_E_ROAD,8326dbfffffffff,7.97
2024_E_ROAD,8326dcfffffffff,4.9
2024_E_ROAD,8326ddfffffffff,9.04
2024_E_ROAD,8326defffffffff,8.14
2024_E_ROAD,8326e0fffffffff,11.97
2024_E_ROAD,8326e1fffffffff,12.81
2024_E_ROAD,8326e2fffffffff,14.64
2024_E_ROAD,8326e3fffffffff,14.55
2024_E_ROAD,8326e4fffffffff,12.03
2024_E_ROAD,8326e5fffffffff,16.78
2024_E_ROAD,8326e6fffffffff,8.13
2024_E_ROAD,8326e8fffffffff,12.75
2024_E_ROAD,8326e9fffffffff,9.91
2024_E_ROAD,8326eafffffffff,11.56
2024_E_ROAD,8326ebfffffffff,4.77
2024_E_ROAD,8326ecfffffffff,15.75
2024_E_ROAD,8326edfffffffff,12.51
2024_E_ROAD,8326eefffffffff,14.34
2024_E_ROAD,8326f0fffffffff,5.47
2024_E_ROAD,8326f1fffffffff,8.52
2024_E_ROAD,8326f2fffffffff,5.54
2024_E_ROAD,8326f3fffffffff,5.6
2024_E_ROAD,8326f4fffffffff,6.43
2024_E_ROAD,8326f5fffffffff,6.73
2024_E_ROAD,8326f6fffffffff,6.47
2024_E_ROAD,832708fffffffff,5.63
2024_E_ROAD,832709fffffffff,4.52
2024_E_ROAD,83270afffffffff,4.26
2024_E_ROAD,83270bfffffffff,7.45
2024_E_ROAD,83270dfffffffff,0.57
2024_E_ROAD,83270efffffffff,3.39
2024_E_ROAD,832718fffffffff,10.94
2024_E_ROAD,832719fffffffff,8.53
2024_E_ROAD,83271afffffffff,13.07
2024_E_ROAD,83271bfffffffff,10.1
2024_E_ROAD,83271cfffffffff,12.54
2024_E_ROAD,83271dfffffffff,6.47
2024_E_ROAD,83271efffffffff,11.42
2024_E_ROAD,832740fffffffff,16.5
2024_E_ROAD,832741fffffffff,12.67
2024_E_ROAD,832742fffffffff,10.8
2024_E_ROAD,832743fffffffff,22.61
2024_E_ROAD,832744fffffffff,10.34
2024_E_ROAD,832745fffffffff,17.15
2024_E_ROAD,832746fffffffff,10.35
2024_E_ROAD,832748fffffffff,18.32
2024_E_ROAD,832749fffffffff,21.24
2024_E_ROAD,83274bfffffffff,22.66
2024_E_ROAD,83274cfffffffff,14.51
2024_E_ROAD,83274dfffffffff,23.9
2024_E_ROAD,83274efffffffff,11.9
2024_E_ROAD,832750fffffffff,9.8
2024_E_ROAD,832751fffffffff,13.55
2024_E_ROAD,832752fffffffff,21.23
2024_E_ROAD,832753fffffffff,13.8
2024_E_ROAD,832754fffffffff,12.69
2024_E_ROAD,832755fffffffff,12.7
2024_E_ROAD,832756fffffffff,11.44
2024_E_ROAD,832758fffffffff,23.07
2024_E_ROAD,832759fffffffff,54.86
2024_E_ROAD,83275afffffffff,18.85
2024_E_ROAD,83275bfffffffff,18.19
2024_E_ROAD,83275cfffffffff,19.75
2024_E_ROAD,83275dfffffffff,42.69
2024_E_ROAD,83275efffffffff,16.09
2024_E_ROAD,832763fffffffff,9.91
2024_E_ROAD,832768fffffffff,17.29
2024_E_ROAD,83276afffffffff,12.4
2024_E_ROAD,83276bfffffffff,14.56
2024_E_ROAD,83276efffffffff,9.87
2024_E_ROAD,832770fffffffff,0.53
2024_E_ROAD,832771fffffffff,1.12
2024_E_ROAD,832772fffffffff,4.33
2024_E_ROAD,832773fffffffff,12.43
2024_E_ROAD,832780fffffffff,3.97
2024_E_ROAD,832781fffffffff,5.98
2024_E_ROAD,832782fffffffff,5.68
2024_E_ROAD,832783fffffffff,4.0
2024_E_ROAD,832784fffffffff,2.23
2024_E_ROAD,832785fffffffff,5.76
2024_E_ROAD,832786fffffffff,5.63
2024_E_ROAD,832788fffffffff,3.99
2024_E_ROAD,832789fffffffff,7.26
2024_E_ROAD,83278afffffffff,3.99
2024_E_ROAD,83278bfffffffff,11.48
2024_E_ROAD,83278cfffffffff,6.56
2024_E_ROAD,83278dfffffffff,8.37
2024_E_ROAD,83278efffffffff,3.96
2024_E_ROAD,832790fffffffff,6.01
2024_E_ROAD,832791fffffffff,6.93
2024_E_ROAD,832792fffffffff,7.67
2024_E_ROAD,832793fffffffff,2.94
2024_E_ROAD,832794fffffffff,4.76
2024_E_ROAD,832795fffffffff,4.34
2024_E_ROAD,832796fffffffff,5.87
2024_E_ROAD,832798fffffffff,5.42
2024_E_ROAD,832799fffffffff,5.43
2024_E_ROAD,83279afffffffff,4.67
2024_E_ROAD,83279bfffffffff,8.1
2024_E_ROAD,83279cfffffffff,5.42
2024_E_ROAD,83279dfffffffff,5.46
2024_E_ROAD,83279efffffffff,8.0
2024_E_ROAD,8327a3fffffffff,4.21
2024_E_ROAD,8327a8fffffffff,9.83
2024_E_ROAD,8327a9fffffffff,8.99
2024_E_ROAD,8327aafffffffff,9.36
2024_E_ROAD,8327abfffffffff,8.67
2024_E_ROAD,8327acfffffffff,8.85
2024_E_ROAD,8327adfffffffff,10.21
2024_E_ROAD,8327aefffffffff,8.23
2024_E_ROAD,8327b3fffffffff,2.93
2024_E_ROAD,832800fffffffff,2.51
2024_E_ROAD,832802fffffffff,7.51
2024_E_ROAD,832806fffffffff,5.55
2024_E_ROAD,832810fffffffff,7.03
2024_E_ROAD,832811fffffffff,6.97
2024_E_ROAD,832812fffffffff,2.52
2024_E_ROAD,832813fffffffff,8.54
2024_E_ROAD,832814fffffffff,2.54
2024_E_ROAD,832815fffffffff,7.45
2024_E_ROAD,832816fffffffff,4.04
2024_E_ROAD,832818fffffffff,9.12
2024_E_ROAD,83281afffffffff,5.26
2024_E_ROAD,83281bfffffffff,12.91
2024_E_ROAD,83281cfffffffff,6.35
2024_E_ROAD,83281efffffffff,8.09
2024_E_ROAD,832830fffffffff,28.45
2024_E_ROAD,832831fffffffff,6.8
2024_E_ROAD,832832fffffffff,23.79
2024_E_ROAD,832833fffffffff,11.6
2024_E_ROAD,832834fffffffff,34.0
2024_E_ROAD,832835fffffffff,0.0
2024_E_ROAD,832836fffffffff,21.85
2024_E_ROAD,832880fffffffff,4.14
2024_E_ROAD,832881fffffffff,5.33
2024_E_ROAD,832882fffffffff,2.77
2024_E_ROAD,832883fffffffff,5.61
2024_E_ROAD,832884fffffffff,9.48
2024_E_ROAD,832885fffffffff,10.36
2024_E_ROAD,832886fffffffff,3.26
2024_E_ROAD,832888fffffffff,12.33
2024_E_ROAD,832889fffffffff,11.84
2024_E_ROAD,83288afffffffff,11.77
2024_E_ROAD,83288bfffffffff,9.87
2024_E_ROAD,83288cfffffffff,7.58
2024_E_ROAD,83288dfffffffff,7.65
2024_E_ROAD,83288efffffffff,4.55
2024_E_ROAD,832890fffffffff,2.89
2024_E_ROAD,832891fffffffff,4.72
2024_E_ROAD,832892fffffffff,7.64
2024_E_ROAD,832893fffffffff,9.8
2024_E_ROAD,832894fffffffff,8.81
2024_E_ROAD,832895fffffffff,3.6
2024_E_ROAD,832896fffffffff,4.82
2024_E_ROAD,832898fffffffff,8.17
2024_E_ROAD,832899fffffffff,4.38
2024_E_ROAD,83289afffffffff,4.64
2024_E_ROAD,83289bfffffffff,8.25
2024_E_ROAD,83289cfffffffff,4.19
2024_E_ROAD,83289dfffffffff,6.05
2024_E_ROAD,83289efffffffff,6.22
2024_E_ROAD,8328a0fffffffff,2.49
2024_E_ROAD,8328a1fffffffff,2.62
2024_E_ROAD,8328a2fffffffff,0.68
2024_E_ROAD,8328a3fffffffff,3.72
2024_E_ROAD,8328a4fffffffff,4.25
2024_E_ROAD,8328a5fffffffff,1.93
2024_E_ROAD,8328a6fffffffff,2.86
2024_E_ROAD,8328a8fffffffff,3.51
2024_E_ROAD,8328a9fffffffff,10.29
2024_E_ROAD,8328aafffffffff,6.3
2024_E_ROAD,8328abfffffffff,5.21
2024_E_ROAD,8328acfffffffff,2.74
2024_E_ROAD,8328adfffffffff,4.46
2024_E_ROAD,8328aefffffffff,3.07
2024_E_ROAD,8328b0fffffffff,5.17
2024_E_ROAD,8328b1fffffffff,6.71
2024_E_ROAD,8328b2fffffffff,7.27
2024_E_ROAD,8328b3fffffffff,5.68
2024_E_ROAD,8328b4fffffffff,2.15
2024_E_ROAD,8328b5fffffffff,2.13
2024_E_ROAD,8328b6fffffffff,6.79
2024_E_ROAD,8328c2fffffffff,7.77
2024_E_ROAD,8328c6fffffffff,12.58
2024_E_ROAD,8328d0fffffffff,7.06
2024_E_ROAD,8328d1fffffffff,21.78
2024_E_ROAD,8328d2fffffffff,2.31
2024_E_ROAD,8328d3fffffffff,1.18
2024_E_ROAD,8328d4fffffffff,9.23
2024_E_ROAD,8328d5fffffffff,33.48
2024_E_ROAD,8328d6fffffffff,9.52
2024_E_ROAD,8328defffffffff,6.09
2024_E_ROAD,8328f0fffffffff,21.57
2024_E_ROAD,8328f1fffffffff,14.74
2024_E_ROAD,8328f2fffffffff,5.64
2024_E_ROAD,8328f3fffffffff,10.84
2024_E_ROAD,8328f4fffffffff,14.68
2024_E_ROAD,8328f5fffffffff,12.82
2024_E_ROAD,8328f6fffffffff,8.49
2024_E_ROAD,832912fffffffff,33.68
2024_E_ROAD,832913fffffffff,18.67
2024_E_ROAD,832916fffffffff,0.0
2024_E_ROAD,83291afffffffff,3.32
2024_E_ROAD,832980fffffffff,4.66
2024_E_ROAD,832981fffffffff,4.14
2024_E_ROAD,832982fffffffff,2.21
2024_E_ROAD,832983fffffffff,1.79
2024_E_ROAD,832984fffffffff,5.16
2024_E_ROAD,832985fffffffff,2.12
2024_E_ROAD,832986fffffffff,12.49
2024_E_ROAD,832988fffffffff,6.02
2024_E_ROAD,832989fffffffff,11.39
2024_E_ROAD,83298afffffffff,3.89
2024_E_ROAD,83298bfffffffff,5.41
2024_E_ROAD,83298cfffffffff,7.45
2024_E_ROAD,83298dfffffffff,6.69
2024_E_ROAD,83298efffffffff,3.06
2024_E_ROAD,832990fffffffff,5.9
2024_E_ROAD,832991fffffffff,2.29
2024_E_ROAD,832992fffffffff,0.79
2024_E_ROAD,832993fffffffff,8.35
2024_E_ROAD,832994fffffffff,1.9
2024_E_ROAD,832995fffffffff,5.03
2024_E_ROAD,832996fffffffff,4.12
2024_E_ROAD,832998fffffffff,4.83
2024_E_ROAD,832999fffffffff,3.37
2024_E_ROAD,83299afffffffff,3.02
2024_E_ROAD,83299bfffffffff,5.33
2024_E_ROAD,83299cfffffffff,2.82
2024_E_ROAD,83299dfffffffff,3.71
2024_E_ROAD,83299efffffffff,4.61
2024_E_ROAD,8329a0fffffffff,31.9
2024_E_ROAD,8329a1fffffffff,30.92
2024_E_ROAD,8329a2fffffffff,4.59
2024_E_ROAD,8329a3fffffffff,10.64
2024_E_ROAD,8329a4fffffffff,31.89
2024_E_ROAD,8329a5fffffffff,75.72
2024_E_ROAD,8329a6fffffffff,7.23
2024_E_ROAD,8329a8fffffffff,15.16
2024_E_ROAD,8329a9fffffffff,9.03
2024_E_ROAD,8329aafffffffff,2.9
2024_E_ROAD,8329abfffffffff,10.86
2024_E_ROAD,8329acfffffffff,7.27
2024_E_ROAD,8329adfffffffff,8.18
2024_E_ROAD,8329aefffffffff,9.0
2024_E_ROAD,8329b0fffffffff,6.1
2024_E_ROAD,8329b1fffffffff,8.17
2024_E_ROAD,8329b2fffffffff,6.67
2024_E_ROAD,8329b3fffffffff,3.19
2024_E_ROAD,8329b4fffffffff,5.53
2024_E_ROAD,8329b5fffffffff,5.17
2024_E_ROAD,8329b6fffffffff,14.11
2024_E_ROAD,832a06fffffffff,5.04
2024_E_ROAD,832a10fffffffff,71.97
2024_E_ROAD,832a12fffffffff,34.05
2024_E_ROAD,832a13fffffffff,53.33
2024_E_ROAD,832a14fffffffff,43.14
2024_E_ROAD,832a15fffffffff,47.85
2024_E_ROAD,832a16fffffffff,22.75
2024_E_ROAD,832a30fffffffff,56.31
2024_E_ROAD,832a31fffffffff,52.98
2024_E_ROAD,832a32fffffffff,28.9
2024_E_ROAD,832a33fffffffff,51.18
2024_E_ROAD,832a34fffffffff,24.1
2024_E_ROAD,832a36fffffffff,16.69
2024_E_ROAD,832a80fffffffff,17.13
2024_E_ROAD,832a81fffffffff,10.53
2024_E_ROAD,832a82fffffffff,13.41
2024_E_ROAD,832a83fffffffff,7.8
2024_E_ROAD,832a84fffffffff,35.39
2024_E_ROAD,832a85fffffffff,18.68
2024_E_ROAD,832a86fffffffff,19.88
2024_E_ROAD,832a88fffffffff,11.82
2024_E_ROAD,832a89fffffffff,22.2
2024_E_ROAD,832a8afffffffff,17.68
2024_E_ROAD,832a8bfffffffff,28.97
2024_E_ROAD,832a8cfffffffff,10.65
2024_E_ROAD,832a8dfffffffff,21.97
2024_E_ROAD,832a8efffffffff,14.46
2024_E_ROAD,832a90fffffffff,19.69
2024_E_ROAD,832a91fffffffff,14.14
2024_E_ROAD,832a92fffffffff,14.86
2024_E_ROAD,832a93fffffffff,24.13
2024_E_ROAD,832a94fffffffff,23.36
2024_E_ROAD,832a95fffffffff,20.81
2024_E_ROAD,832a96fffffffff,15.61
2024_E_ROAD,832a98fffffffff,17.53
2024_E_ROAD,832a99fffffffff,15.69
2024_E_ROAD,832a9afffffffff,13.91
2024_E_ROAD,832a9bfffffffff,16.39
2024_E_ROAD,832a9cfffffffff,19.75
2024_E_ROAD,832a9dfffffffff,16.52
2024_E_ROAD,832a9efffffffff,14.51
2024_E_ROAD,832aa0fffffffff,8.41
2024_E_ROAD,832aa1fffffffff,24.46
2024_E_ROAD,832aa2fffffffff,15.55
2024_E_ROAD,832aa3fffffffff,18.71
2024_E_ROAD,832aa4fffffffff,17.16
2024_E_ROAD,832aa5fffffffff,15.64
2024_E_ROAD,832aa6fffffffff,21.43
2024_E_ROAD,832aa8fffffffff,45.29
2024_E_ROAD,832aa9fffffffff,15.58
2024_E_ROAD,832aaafffffffff,24.86
2024_E_ROAD,832aabfffffffff,19.22
2024_E_ROAD,832aacfffffffff,41.44
2024_E_ROAD,832aadfffffffff,23.81
2024_E_ROAD,832aaefffffffff,24.35
2024_E_ROAD,832ab1fffffffff,26.93
2024_E_ROAD,832ab2fffffffff,66.18
2024_E_ROAD,832ab3fffffffff,45.03
2024_E_ROAD,832ab5fffffffff,29.62
2024_E_ROAD,832ab6fffffffff,17.39
2024_E_ROAD,832ad0fffffffff,14.16
2024_E_ROAD,832ad2fffffffff,23.61
2024_E_ROAD,832ad3fffffffff,25.48
2024_E_ROAD,832ad4fffffffff,21.2
2024_E_ROAD,832ad5fffffffff,18.93
2024_E_ROAD,832ad6fffffffff,25.92
2024_E_ROAD,832af0fffffffff,22.42
2024_E_ROAD,832af2fffffffff,14.47
2024_E_ROAD,832af3fffffffff,5.5
2024_E_ROAD,832af6fffffffff,28.67
2024_E_ROAD,832b10fffffffff,6.07
2024_E_ROAD,832b11fffffffff,11.31
2024_E_ROAD,832b12fffffffff,0.0
2024_E_ROAD,832b13fffffffff,1.16
2024_E_ROAD,832b18fffffffff,3.67
2024_E_ROAD,832b1afffffffff,14.99
2024_E_ROAD,832b1bfffffffff,0.0
2024_E_ROAD,832b1efffffffff,4.08
2024_E_ROAD,832b81fffffffff,32.43
2024_E_ROAD,832b88fffffffff,6.46
2024_E_ROAD,832b89fffffffff,27.7
2024_E_ROAD,832b8afffffffff,21.22
2024_E_ROAD,832b8bfffffffff,22.24
2024_E_ROAD,832b8cfffffffff,15.8
2024_E_ROAD,832b8dfffffffff,16.05
2024_E_ROAD,832b8efffffffff,19.39
2024_E_ROAD,832b99fffffffff,35.43
2024_E_ROAD,832b9bfffffffff,40.96
2024_E_ROAD,832ba8fffffffff,0.49
2024_E_ROAD,832ba9fffffffff,8.78
2024_E_ROAD,832babfffffffff,9.77
2024_E_ROAD,832bacfffffffff,2.86
2024_E_ROAD,832badfffffffff,2.51
2024_E_ROAD,834412fffffffff,7.66
2024_E_ROAD,834413fffffffff,22.49
2024_E_ROAD,834414fffffffff,16.94
2024_E_ROAD,834416fffffffff,28.94
2024_E_ROAD,83441afffffffff,41.56
2024_E_ROAD,83441bfffffffff,7.83
2024_E_ROAD,83441efffffffff,33.4
2024_E_ROAD,834440fffffffff,12.54
2024_E_ROAD,834441fffffffff,14.05
2024_E_ROAD,834442fffffffff,8.93
2024_E_ROAD,834443fffffffff,12.27
2024_E_ROAD,834444fffffffff,6.68
2024_E_ROAD,834445fffffffff,10.58
2024_E_ROAD,834446fffffffff,21.97
2024_E_ROAD,834448fffffffff,10.94
2024_E_ROAD,834449fffffffff,6.83
2024_E_ROAD,83444afffffffff,16.68
2024_E_ROAD,83444bfffffffff,11.12
2024_E_ROAD,83444cfffffffff,14.87
2024_E_ROAD,83444dfffffffff,14.2
2024_E_ROAD,83444efffffffff,12.86
2024_E_ROAD,834450fffffffff,22.65
2024_E_ROAD,834451fffffffff,14.47
2024_E_ROAD,834452fffffffff,13.72
2024_E_ROAD,834453fffffffff,8.88
2024_E_ROAD,834455fffffffff,19.64
2024_E_ROAD,834456fffffffff,44.27
2024_E_ROAD,834458fffffffff,9.1
2024_E_ROAD,834459fffffffff,12.58
2024_E_ROAD,83445afffffffff,11.9
2024_E_ROAD,83445bfffffffff,14.71
2024_E_ROAD,83445cfffffffff,17.26
2024_E_ROAD,83445dfffffffff,12.41
2024_E_ROAD,83445efffffffff,9.11
2024_E_ROAD,834463fffffffff,0.0
2024_E_ROAD,834468fffffffff,12.02
2024_E_ROAD,834469fffffffff,9.62
2024_E_ROAD,83446afffffffff,12.5
2024_E_ROAD,83446bfffffffff,15.66
2024_E_ROAD,83446cfffffffff,43.2
2024_E_ROAD,83446dfffffffff,20.04
2024_E_ROAD,83446efffffffff,16.22
2024_E_ROAD,834471fffffffff,3.01
2024_E_ROAD,834473fffffffff,2.74
2024_E_ROAD,8344a1fffffffff,53.26
2024_E_ROAD,8344a5fffffffff,13.11
2024_E_ROAD,8344a8fffffffff,31.44
2024_E_ROAD,8344a9fffffffff,34.38
2024_E_ROAD,8344abfffffffff,33.78
2024_E_ROAD,8344acfffffffff,10.2
2024_E_ROAD,8344adfffffffff,18.35
2024_E_ROAD,8344aefffffffff,50.01
2024_E_ROAD,8344c0fffffffff,21.92
2024_E_ROAD,8344c1fffffffff,38.08
2024_E_ROAD,8344c2fffffffff,16.83
2024_E_ROAD,8344c3fffffffff,17.2
2024_E_ROAD,8344c4fffffffff,20.14
2024_E_ROAD,8344c5fffffffff,15.81
2024_E_ROAD,8344c6fffffffff,16.42
2024_E_ROAD,8344c8fffffffff,20.73
2024_E_ROAD,8344c9fffffffff,12.57
2024_E_ROAD,8344cafffffffff,19.83
2024_E_ROAD,8344cbfffffffff,13.88
2024_E_ROAD,8344ccfffffffff,25.22
2024_E_ROAD,8344cdfffffffff,18.94
2024_E_ROAD,8344cefffffffff,25.17
2024_E_ROAD,8344d0fffffffff,21.53
2024_E_ROAD,8344d1fffffffff,16.89
2024_E_ROAD,8344d2fffffffff,14.36
2024_E_ROAD,8344d3fffffffff,14.47
2024_E_ROAD,8344d5fffffffff,24.28
2024_E_ROAD,8344d8fffffffff,26.86
2024_E_ROAD,8344d9fffffffff,18.31
2024_E_ROAD,8344dafffffffff,22.54
2024_E_ROAD,8344dbfffffffff,17.54
2024_E_ROAD,8344dcfffffffff,17.55
2024_E_ROAD,8344ddfffffffff,18.85
2024_E_ROAD,8344defffffffff,22.63
2024_E_ROAD,8344e0fffffffff,13.01
2024_E_ROAD,8344e1fffffffff,13.83
2024_E_ROAD,8344e2fffffffff,19.76
2024_E_ROAD,8344e3fffffffff,17.42
2024_E_ROAD,8344e4fffffffff,10.07
2024_E_ROAD,8344e5fffffffff,27.63
2024_E_ROAD,8344e6fffffffff,19.01
2024_E_ROAD,8344e8fffffffff,18.38
2024_E_ROAD,8344e9fffffffff,18.15
2024_E_ROAD,8344eafffffffff,16.26
2024_E_ROAD,8344ebfffffffff,20.57
2024_E_ROAD,8344ecfffffffff,13.36
2024_E_ROAD,8344edfffffffff,13.75
2024_E_ROAD,8344eefffffffff,13.13
2024_E_ROAD,8344f0fffffffff,25.65
2024_E_ROAD,8344f1fffffffff,14.72
2024_E_ROAD,8344f3fffffffff,18.41
2024_E_ROAD,8344f4fffffffff,24.49
2024_E_ROAD,8344f5fffffffff,15.67
2024_E_ROAD,8344f6fffffffff,36.89
2024_E_ROAD,834859fffffffff,17.66
2024_E_ROAD,83485afffffffff,2.51
2024_E_ROAD,83485bfffffffff,11.46
2024_E_ROAD,834880fffffffff,10.63
2024_E_ROAD,834881fffffffff,14.08
2024_E_ROAD,834882fffffffff,7.57
2024_E_ROAD,834883fffffffff,6.38
2024_E_ROAD,834886fffffffff,5.23
2024_E_ROAD,834888fffffffff,6.24
2024_E_ROAD,834889fffffffff,10.04
2024_E_ROAD,83488afffffffff,8.31
2024_E_ROAD,83488bfffffffff,11.65
2024_E_ROAD,83488cfffffffff,5.78
2024_E_ROAD,83488dfffffffff,4.3
2024_E_ROAD,83488efffffffff,7.1
2024_E_ROAD,834890fffffffff,3.33
2024_E_ROAD,834891fffffffff,13.75
2024_E_ROAD,834892fffffffff,13.75
2024_E_ROAD,834893fffffffff,8.94
2024_E_ROAD,834895fffffffff,15.63
2024_E_ROAD,834898fffffffff,15.52
2024_E_ROAD,834899fffffffff,8.15
2024_E_ROAD,83489afffffffff,16.23
2024_E_ROAD,83489bfffffffff,10.3
2024_E_ROAD,83489cfffffffff,21.94
2024_E_ROAD,83489dfffffffff,6.55
2024_E_ROAD,83489efffffffff,22.64
2024_E_ROAD,8348abfffffffff,2.83
2024_E_ROAD,8348b1fffffffff,11.79
2024_E_ROAD,8348b2fffffffff,37.05
2024_E_ROAD,8348b3fffffffff,17.06
2024_E_ROAD,8348c0fffffffff,5.02
2024_E_ROAD,8348c1fffffffff,0.43
2024_E_ROAD,8348c2fffffffff,5.56
2024_E_ROAD,8348c3fffffffff,4.41
2024_E_ROAD,8348c4fffffffff,3.21
2024_E_ROAD,8348c5fffffffff,3.23
2024_E_ROAD,8348c6fffffffff,13.26
2024_E_ROAD,8348c8fffffffff,3.71
2024_E_ROAD,8348c9fffffffff,4.44
2024_E_ROAD,8348cafffffffff,5.07
2024_E_ROAD,8348cbfffffffff,1.63
2024_E_ROAD,8348ccfffffffff,3.46
2024_E_ROAD,8348cdfffffffff,7.1
2024_E_ROAD,8348cefffffffff,2.72
2024_E_ROAD,8348d0fffffffff,4.22
2024_E_ROAD,8348d1fffffffff,5.26
2024_E_ROAD,8348d2fffffffff,4.0
2024_E_ROAD,8348d3fffffffff,5.46
2024_E_ROAD,8348d4fffffffff,6.68
2024_E_ROAD,8348d5fffffffff,3.4
2024_E_ROAD,8348d6fffffffff,6.35
2024_E_ROAD,8348d8fffffffff,13.23
2024_E_ROAD,8348d9fffffffff,2.79
2024_E_ROAD,8348dafffffffff,3.22
2024_E_ROAD,8348dbfffffffff,3.42
2024_E_ROAD,8348dcfffffffff,4.39
2024_E_ROAD,8348ddfffffffff,4.63
2024_E_ROAD,8348defffffffff,8.3
2024_E_ROAD,8348e3fffffffff,1.94
2024_E_ROAD,8348e8fffffffff,5.44
2024_E_ROAD,8348e9fffffffff,7.99
2024_E_ROAD,8348eafffffffff,1.0
2024_E_ROAD,8348ebfffffffff,10.07
2024_E_ROAD,8348ecfffffffff,5.58
2024_E_ROAD,8348edfffffffff,0.0
2024_E_ROAD,8348eefffffffff,5.35
2024_E_ROAD,8348f2fffffffff,4.99
2024_E_ROAD,8348f3fffffffff,6.31
2024_E_ROAD,8348f6fffffffff,4.83
2024_E_SMOKE,8312c9fffffffff,27.131
2024_E_SMOKE,8312cafffffffff,27.818
2024_E_SMOKE,8312cbfffffffff,28.6471
2024_E_SMOKE,8312d8fffffffff,26.208
2024_E_SMOKE,8312d9fffffffff,26.8308
2024_E_SMOKE,8312dafffffffff,28.4036
2024_E_SMOKE,8312dbfffffffff,24.8176
2024_E_SMOKE,8312ddfffffffff,26.7226
2024_E_SMOKE,8312defffffffff,27.414
2024_E_SMOKE,832600fffffffff,24.058
2024_E_SMOKE,832601fffffffff,23.5416
2024_E_SMOKE,832602fffffffff,24.6113
2024_E_SMOKE,832603fffffffff,23.3105
2024_E_SMOKE,832604fffffffff,25.8502
2024_E_SMOKE,832605fffffffff,24.5477
2024_E_SMOKE,832606fffffffff,25.8682
2024_E_SMOKE,832608fffffffff,20.4396
2024_E_SMOKE,832609fffffffff,19.6099
2024_E_SMOKE,83260afffffffff,21.1854
2024_E_SMOKE,83260bfffffffff,20.0708
2024_E_SMOKE,83260cfffffffff,22.8068
2024_E_SMOKE,83260dfffffffff,20.812
2024_E_SMOKE,83260efffffffff,22.3392
2024_E_SMOKE,832610fffffffff,24.852
2024_E_SMOKE,832611fffffffff,25.6625
2024_E_SMOKE,832612fffffffff,23.9501
2024_E_SMOKE,832613fffffffff,25.6129
2024_E_SMOKE,832614fffffffff,26.6618
2024_E_SMOKE,832615fffffffff,25.8846
2024_E_SMOKE,832616fffffffff,26.4023
2024_E_SMOKE,832618fffffffff,22.6922
2024_E_SMOKE,832619fffffffff,21.6422
2024_E_SMOKE,83261afffffffff,22.934
2024_E_SMOKE,83261bfffffffff,21.7043
2024_E_SMOKE,83261cfffffffff,23.9944
2024_E_SMOKE,83261dfffffffff,22.4441
2024_E_SMOKE,83261efffffffff,23.996
2024_E_SMOKE,832620fffffffff,26.2778
2024_E_SMOKE,832621fffffffff,24.8127
2024_E_SMOKE,832622fffffffff,26.714
2024_E_SMOKE,832623fffffffff,25.5445
2024_E_SMOKE,832624fffffffff,26.3017
2024_E_SMOKE,832625fffffffff,24.1709
2024_E_SMOKE,832626fffffffff,28.0443
2024_E_SMOKE,832628fffffffff,23.149
2024_E_SMOKE,832629fffffffff,21.0434
2024_E_SMOKE,83262afffffffff,24.0499
2024_E_SMOKE,83262bfffffffff,22.4923
2024_E_SMOKE,83262cfffffffff,22.9897
2024_E_SMOKE,83262dfffffffff,21.772
2024_E_SMOKE,83262efffffffff,25.2746
2024_E_SMOKE,832630fffffffff,27.1928
2024_E_SMOKE,832631fffffffff,27.6712
2024_E_SMOKE,832632fffffffff,27.2087
2024_E_SMOKE,832633fffffffff,26.6065
2024_E_SMOKE,832634fffffffff,28.1851
2024_E_SMOKE,832635fffffffff,28.3221
2024_E_SMOKE,832636fffffffff,27.1152
2024_E_SMOKE,832640fffffffff,14.3889
2024_E_SMOKE,832641fffffffff,12.7478
2024_E_SMOKE,832642fffffffff,15.0532
2024_E_SMOKE,832643fffffffff,15.2601
2024_E_SMOKE,832644fffffffff,14.7756
2024_E_SMOKE,832645fffffffff,13.5957
2024_E_SMOKE,832646fffffffff,15.2891
2024_E_SMOKE,832648fffffffff,7.6005
2024_E_SMOKE,832649fffffffff,5.8966
2024_E_SMOKE,83264afffffffff,9.3877
2024_E_SMOKE,83264bfffffffff,6.5593
2024_E_SMOKE,83264cfffffffff,9.0721
2024_E_SMOKE,83264dfffffffff,6.7086
2024_E_SMOKE,83264efffffffff,11.8753
2024_E_SMOKE,832650fffffffff,15.7559
2024_E_SMOKE,832651fffffffff,14.7874
2024_E_SMOKE,832652fffffffff,16.8263
2024_E_SMOKE,832653fffffffff,14.4085
2024_E_SMOKE,832654fffffffff,17.7487
2024_E_SMOKE,832655fffffffff,15.6042
2024_E_SMOKE,832656fffffffff,17.2824
2024_E_SMOKE,832658fffffffff,13.7398
2024_E_SMOKE,832659fffffffff,13.1833
2024_E_SMOKE,83265afffffffff,13.9814
2024_E_SMOKE,83265bfffffffff,13.6232
2024_E_SMOKE,83265cfffffffff,15.2999
2024_E_SMOKE,83265dfffffffff,14.9016
2024_E_SMOKE,83265efffffffff,13.9193
2024_E_SMOKE,832660fffffffff,15.0853
2024_E_SMOKE,832661fffffffff,13.1235
2024_E_SMOKE,832662fffffffff,16.0112
2024_E_SMOKE,832663fffffffff,13.9123
2024_E_SMOKE,832664fffffffff,15.3259
2024_E_SMOKE,832665fffffffff,14.5256
2024_E_SMOKE,832666fffffffff,16.7652
2024_E_SMOKE,832668fffffffff,9.8755
2024_E_SMOKE,832669fffffffff,8.1889
2024_E_SMOKE,83266afffffffff,10.5732
2024_E_SMOKE,83266bfffffffff,8.5055
2024_E_SMOKE,83266cfffffffff,11.7723
2024_E_SMOKE,83266dfffffffff,9.3481
2024_E_SMOKE,83266efffffffff,12.1424
2024_E_SMOKE,832670fffffffff,18.5171
2024_E_SMOKE,832671fffffffff,16.6807
2024_E_SMOKE,832672fffffffff,19.1768
2024_E_SMOKE,832673fffffffff,16.9028
2024_E_SMOKE,832674fffffffff,19.4521
2024_E_SMOKE,832675fffffffff,17.9969
2024_E_SMOKE,832676fffffffff,20.5794
2024_E_SMOKE,832680fffffffff,18.0991
2024_E_SMOKE,832681fffffffff,14.5202
2024_E_SMOKE,832682fffffffff,17.6071
2024_E_SMOKE,832683fffffffff,11.9946
2024_E_SMOKE,832684fffffffff,22.912
2024_E_SMOKE,832685fffffffff,24.0533
2024_E_SMOKE,832686fffffffff,23.4381
2024_E_SMOKE,832688fffffffff,14.0613
2024_E_SMOKE,832689fffffffff,17.57
2024_E_SMOKE,83268afffffffff,11.3659
2024_E_SMOKE,83268bfffffffff,13.8982
2024_E_SMOKE,83268cfffffffff,15.6877
2024_E_SMOKE,83268dfffffffff,18.7066
2024_E_SMOKE,83268efffffffff,12.3254
2024_E_SMOKE,832690fffffffff,19.5169
2024_E_SMOKE,832691fffffffff,17.2467
2024_E_SMOKE,832692fffffffff,14.8259
2024_E_SMOKE,832693fffffffff,14.9279
2024_E_SMOKE,832694fffffffff,17.9769
2024_E_SMOKE,832695fffffffff,18.4342
2024_E_SMOKE,832696fffffffff,15.4229
2024_E_SMOKE,832698fffffffff,11.1471
2024_E_SMOKE,832699fffffffff,10.3196
2024_E_SMOKE,83269afffffffff,11.8405
2024_E_SMOKE,83269bfffffffff,9.0853
2024_E_SMOKE,83269cfffffffff,12.7224
2024_E_SMOKE,83269dfffffffff,11.6499
2024_E_SMOKE,83269efffffffff,14.0812
2024_E_SMOKE,8326a0fffffffff,25.0423
2024_E_SMOKE,8326a1fffffffff,23.1519
2024_E_SMOKE,8326a2fffffffff,23.749
2024_E_SMOKE,8326a3fffffffff,26.1344
2024_E_SMOKE,8326a4fffffffff,26.0884
2024_E_SMOKE,8326a5fffffffff,25.2147
2024_E_SMOKE,8326a6fffffffff,27.1751
2024_E_SMOKE,8326a8fffffffff,21.6805
2024_E_SMOKE,8326a9fffffffff,21.3955
2024_E_SMOKE,8326aafffffffff,19.703
2024_E_SMOKE,8326abfffffffff,20.2132
2024_E_SMOKE,8326acfffffffff,22.6713
2024_E_SMOKE,8326adfffffffff,22.9833
2024_E_SMOKE,8326aefffffffff,22.0477
2024_E_SMOKE,8326b0fffffffff,22.9798
2024_E_SMOKE,8326b1fffffffff,23.577
2024_E_SMOKE,8326b2fffffffff,21.8667
2024_E_SMOKE,8326b3fffffffff,21.7134
2024_E_SMOKE,8326b4fffffffff,26.0113
2024_E_SMOKE,8326b5fffffffff,23.926
2024_E_SMOKE,8326b6fffffffff,24.4845
2024_E_SMOKE,8326c0fffffffff,16.8146
2024_E_SMOKE,8326c1fffffffff,13.3303
2024_E_SMOKE,8326c2fffffffff,16.5911
2024_E_SMOKE,8326c3fffffffff,13.9833
2024_E_SMOKE,8326c4fffffffff,18.3713
2024_E_SMOKE,8326c5fffffffff,16.3819
2024_E_SMOKE,8326c6fffffffff,17.4515
2024_E_SMOKE,8326c8fffffffff,10.0497
2024_E_SMOKE,8326c9fffffffff,8.3402
2024_E_SMOKE,8326cafffffffff,10.0051
2024_E_SMOKE,8326cbfffffffff,8.303
2024_E_SMOKE,8326ccfffffffff,12.4253
2024_E_SMOKE,8326cdfffffffff,10.8631
2024_E_SMOKE,8326cefffffffff,11.9111
2024_E_SMOKE,8326d0fffffffff,15.8677
2024_E_SMOKE,8326d1fffffffff,14.6364
2024_E_SMOKE,8326d2fffffffff,16.6835
2024_E_SMOKE,8326d3fffffffff,12.974
2024_E_SMOKE,8326d4fffffffff,18.1339
2024_E_SMOKE,8326d5fffffffff,16.8528
2024_E_SMOKE,8326d6fffffffff,18.5613
2024_E_SMOKE,8326d8fffffffff,10.2888
2024_E_SMOKE,8326d9fffffffff,9.8907
2024_E_SMOKE,8326dafffffffff,8.9927
2024_E_SMOKE,8326dbfffffffff,8.2333
2024_E_SMOKE,8326dcfffffffff,14.0656
2024_E_SMOKE,8326ddfffffffff,11.7283
2024_E_SMOKE,8326defffffffff,11.3632
2024_E_SMOKE,8326e0fffffffff,21.0587
2024_E_SMOKE,8326e1fffffffff,20.1491
2024_E_SMOKE,8326e2fffffffff,19.3343
2024_E_SMOKE,8326e3fffffffff,18.113
2024_E_SMOKE,8326e4fffffffff,21.9095
2024_E_SMOKE,8326e5fffffffff,19.6018
2024_E_SMOKE,8326e6fffffffff,21.3189
2024_E_SMOKE,8326e8fffffffff,14.274
2024_E_SMOKE,8326e9fffffffff,15.5356
2024_E_SMOKE,8326eafffffffff,14.3784
2024_E_SMOKE,8326ebfffffffff,13.9785
2024_E_SMOKE,8326ecfffffffff,15.5154
2024_E_SMOKE,8326edfffffffff,13.6434
2024_E_SMOKE,8326eefffffffff,18.9086
2024_E_SMOKE,8326f0fffffffff,19.0016
2024_E_SMOKE,8326f1fffffffff,18.7047
2024_E_SMOKE,8326f2fffffffff,17.93
2024_E_SMOKE,8326f3fffffffff,17.3317
2024_E_SMOKE,8326f4fffffffff,21.0461
2024_E_SMOKE,8326f5fffffffff,20.4104
2024_E_SMOKE,8326f6fffffffff,19.4634
2024_E_SMOKE,832708fffffffff,24.9316
2024_E_SMOKE,832709fffffffff,23.5906
2024_E_SMOKE,83270afffffffff,26.8895
2024_E_SMOKE,83270bfffffffff,24.3898
2024_E_SMOKE,83270dfffffffff,23.9526
2024_E_SMOKE,83270efffffffff,27.0515
2024_E_SMOKE,832718fffffffff,28.5522
2024_E_SMOKE,832719fffffffff,27.9745
2024_E_SMOKE,83271afffffffff,28.0599
2024_E_SMOKE,83271bfffffffff,28.9336
2024_E_SMOKE,83271cfffffffff,27.9429
2024_E_SMOKE,83271dfffffffff,27.7909
2024_E_SMOKE,83271efffffffff,29.4629
2024_E_SMOKE,832740fffffffff,19.1404
2024_E_SMOKE,832741fffffffff,17.0707
2024_E_SMOKE,832742fffffffff,19.549
2024_E_SMOKE,832743fffffffff,18.0702
2024_E_SMOKE,832744fffffffff,20.3409
2024_E_SMOKE,832745fffffffff,17.6039
2024_E_SMOKE,832746fffffffff,20.4325
2024_E_SMOKE,832748fffffffff,15.2604
2024_E_SMOKE,832749fffffffff,13.8897
2024_E_SMOKE,83274bfffffffff,14.69
2024_E_SMOKE,83274cfffffffff,16.1118
2024_E_SMOKE,83274dfffffffff,13.9761
2024_E_SMOKE,83274efffffffff,16.7756
2024_E_SMOKE,832750fffffffff,21.2561
2024_E_SMOKE,832751fffffffff,20.0611
2024_E_SMOKE,832752fffffffff,22.5187
2024_E_SMOKE,832753fffffffff,21.0569
2024_E_SMOKE,832754fffffffff,22.0628
2024_E_SMOKE,832755fffffffff,20.741
2024_E_SMOKE,832756fffffffff,22.3426
2024_E_SMOKE,832758fffffffff,19.0827
2024_E_SMOKE,832759fffffffff,17.5239
2024_E_SMOKE,83275afffffffff,20.1366
2024_E_SMOKE,83275bfffffffff,19.0703
2024_E_SMOKE,83275cfffffffff,19.2106
2024_E_SMOKE,83275dfffffffff,18.0489
2024_E_SMOKE,83275efffffffff,20.108
2024_E_SMOKE,832763fffffffff,19.146
2024_E_SMOKE,832768fffffffff,16.2319
2024_E_SMOKE,83276afffffffff,16.9173
2024_E_SMOKE,83276bfffffffff,15.4018
2024_E_SMOKE,83276efffffffff,17.4067
2024_E_SMOKE,832770fffffffff,22.8178
2024_E_SMOKE,832771fffffffff,21.3439
2024_E_SMOKE,832772fffffffff,24.4074
2024_E_SMOKE,832773fffffffff,21.3717
2024_E_SMOKE,832780fffffffff,30.0434
2024_E_SMOKE,832781fffffffff,28.7348
2024_E_SMOKE,832782fffffffff,31.6642
2024_E_SMOKE,832783fffffffff,30.9802
2024_E_SMOKE,832784fffffffff,29.5336
2024_E_SMOKE,832785fffffffff,27.4255
2024_E_SMOKE,832786fffffffff,31.9033
2024_E_SMOKE,832788fffffffff,28.8178
2024_E_SMOKE,832789fffffffff,28.3237
2024_E_SMOKE,83278afffffffff,30.305
2024_E_SMOKE,83278bfffffffff,26.746
2024_E_SMOKE,83278cfffffffff,27.6859
2024_E_SMOKE,83278dfffffffff,27.0506
2024_E_SMOKE,83278efffffffff,30.686
2024_E_SMOKE,832790fffffffff,28.734
2024_E_SMOKE,832791fffffffff,29.7341
2024_E_SMOKE,832792fffffffff,28.6173
2024_E_SMOKE,832793fffffffff,27.9014
2024_E_SMOKE,832794fffffffff,28.7549
2024_E_SMOKE,832795fffffffff,29.7573
2024_E_SMOKE,832796fffffffff,28.3379
2024_E_SMOKE,832798fffffffff,26.0202
2024_E_SMOKE,832799fffffffff,27.6104
2024_E_SMOKE,83279afffffffff,25.9963
2024_E_SMOKE,83279bfffffffff,25.5683
2024_E_SMOKE,83279cfffffffff,28.4334
2024_E_SMOKE,83279dfffffffff,30.4083
2024_E_SMOKE,83279efffffffff,25.6573
2024_E_SMOKE,8327a3fffffffff,27.328
2024_E_SMOKE,8327a8fffffffff,27.8538
2024_E_SMOKE,8327a9fffffffff,27.5993
2024_E_SMOKE,8327aafffffffff,27.6107
2024_E_SMOKE,8327abfffffffff,27.7163
2024_E_SMOKE,8327acfffffffff,28.1694
2024_E_SMOKE,8327adfffffffff,27.2816
2024_E_SMOKE,8327aefffffffff,27.793
2024_E_SMOKE,8327b3fffffffff,28.8396
2024_E_SMOKE,832800fffffffff,21.1342
2024_E_SMOKE,832802fffffffff,34.0928
2024_E_SMOKE,832806fffffffff,25.6284
2024_E_SMOKE,832810fffffffff,32.2288
2024_E_SMOKE,832811fffffffff,38.6743
2024_E_SMOKE,832812fffffffff,34.7873
2024_E_SMOKE,832813fffffffff,35.1925
2024_E_SMOKE,832814fffffffff,28.2134
2024_E_SMOKE,832815fffffffff,33.5828
2024_E_SMOKE,832816fffffffff,32.4006
2024_E_SMOKE,832818fffffffff,30.4782
2024_E_SMOKE,83281afffffffff,36.3552
2024_E_SMOKE,83281bfffffffff,20.2648
2024_E_SMOKE,83281cfffffffff,41.0009
2024_E_SMOKE,83281efffffffff,38.384
2024_E_SMOKE,832830fffffffff,18.3809
2024_E_SMOKE,832831fffffffff,18.9403
2024_E_SMOKE,832832fffffffff,24.0637
2024_E_SMOKE,832833fffffffff,26.5569
2024_E_SMOKE,832834fffffffff,15.3944
2024_E_SMOKE,832835fffffffff,15.7272
2024_E_SMOKE,832836fffffffff,20.7358
2024_E_SMOKE,832880fffffffff,34.1962
2024_E_SMOKE,832881fffffffff,30.516
2024_E_SMOKE,832882fffffffff,40.5732
2024_E_SMOKE,832883fffffffff,35.7235
2024_E_SMOKE,832884fffffffff,31.7403
2024_E_SMOKE,832885fffffffff,38.252
2024_E_SMOKE,832886fffffffff,35.856
2024_E_SMOKE,832888fffffffff,26.5682
2024_E_SMOKE,832889fffffffff,24.6423
2024_E_SMOKE,83288afffffffff,27.1311
2024_E_SMOKE,83288bfffffffff,26.8679
2024_E_SMOKE,83288cfffffffff,29.1597
2024_E_SMOKE,83288dfffffffff,27.053
2024_E_SMOKE,83288efffffffff,28.6855
2024_E_SMOKE,832890fffffffff,28.4118
2024_E_SMOKE,832891fffffffff,33.2676
2024_E_SMOKE,832892fffffffff,25.1797
2024_E_SMOKE,832893fffffffff,27.053
2024_E_SMOKE,832894fffffffff,24.2261
2024_E_SMOKE,832895fffffffff,35.1823
2024_E_SMOKE,832896fffffffff,26.9248
2024_E_SMOKE,832898fffffffff,32.6522
2024_E_SMOKE,832899fffffffff,31.4082
2024_E_SMOKE,83289afffffffff,31.3689
2024_E_SMOKE,83289bfffffffff,27.4054
2024_E_SMOKE,83289cfffffffff,41.7807
2024_E_SMOKE,83289dfffffffff,35.113
2024_E_SMOKE,83289efffffffff,29.8562
2024_E_SMOKE,8328a0fffffffff,31.8736
2024_E_SMOKE,8328a1fffffffff,38.6522
2024_E_SMOKE,8328a2fffffffff,36.6008
2024_E_SMOKE,8328a3fffffffff,41.9539
2024_E_SMOKE,8328a4fffffffff,24.5455
2024_E_SMOKE,8328a5fffffffff,30.3767
2024_E_SMOKE,8328a6fffffffff,25.5297
2024_E_SMOKE,8328a8fffffffff,38.8151
2024_E_SMOKE,8328a9fffffffff,32.3164
2024_E_SMOKE,8328aafffffffff,37.7111
2024_E_SMOKE,8328abfffffffff,32.4437
2024_E_SMOKE,8328acfffffffff,45.1985
2024_E_SMOKE,8328adfffffffff,45.6615
2024_E_SMOKE,8328aefffffffff,41.1526
2024_E_SMOKE,8328b0fffffffff,23.7693
2024_E_SMOKE,8328b1fffffffff,29.82
2024_E_SMOKE,8328b2fffffffff,21.981
2024_E_SMOKE,8328b3fffffffff,28.8563
2024_E_SMOKE,8328b4fffffffff,23.2928
2024_E_SMOKE,8328b5fffffffff,28.7312
2024_E_SMOKE,8328b6fffffffff,20.0612
2024_E_SMOKE,8328c2fffffffff,13.271
2024_E_SMOKE,8328c6fffffffff,11.8964
2024_E_SMOKE,8328d0fffffffff,19.448
2024_E_SMOKE,8328d1fffffffff,13.1857
2024_E_SMOKE,8328d2fffffffff,27.915
2024_E_SMOKE,8328d3fffffffff,19.8701
2024_E_SMOKE,8328d4fffffffff,20.3325
2024_E_SMOKE,8328d5fffffffff,13.2991
2024_E_SMOKE,8328d6fffffffff,27.6266
2024_E_SMOKE,8328defffffffff,11.1465
2024_E_SMOKE,8328f0fffffffff,15.8735
2024_E_SMOKE,8328f1fffffffff,12.2778
2024_E_SMOKE,8328f2fffffffff,22.4589
2024_E_SMOKE,8328f3fffffffff,13.8149
2024_E_SMOKE,8328f4fffffffff,25.7856
2024_E_SMOKE,8328f5fffffffff,14.3198
2024_E_SMOKE,8328f6fffffffff,28.6761
2024_E_SMOKE,832912fffffffff,10.8872
2024_E_SMOKE,832913fffffffff,10.848
2024_E_SMOKE,832916fffffffff,6.3
2024_E_SMOKE,83291afffffffff,19.4468
2024_E_SMOKE,832980fffffffff,14.4459
2024_E_SMOKE,832981fffffffff,19.444
2024_E_SMOKE,832982fffffffff,14.3929
2024_E_SMOKE,832983fffffffff,16.4452
2024_E_SMOKE,832984fffffffff,16.8326
2024_E_SMOKE,832985fffffffff,24.8346
2024_E_SMOKE,832986fffffffff,9.4701
2024_E_SMOKE,832988fffffffff,25.078
2024_E_SMOKE,832989fffffffff,26.0846
2024_E_SMOKE,83298afffffffff,23.4846
2024_E_SMOKE,83298bfffffffff,26.9553
2024_E_SMOKE,83298cfffffffff,27.1843
2024_E_SMOKE,83298dfffffffff,29.8864
2024_E_SMOKE,83298efffffffff,19.7485
2024_E_SMOKE,832990fffffffff,15.756
2024_E_SMOKE,832991fffffffff,11.9412
2024_E_SMOKE,832992fffffffff,15.9772
2024_E_SMOKE,832993fffffffff,14.1728
2024_E_SMOKE,832994fffffffff,19.2442
2024_E_SMOKE,832995fffffffff,12.3042
2024_E_SMOKE,832996fffffffff,15.0714
2024_E_SMOKE,832998fffffffff,18.4743
2024_E_SMOKE,832999fffffffff,20.3409
2024_E_SMOKE,83299afffffffff,19.5809
2024_E_SMOKE,83299bfffffffff,21.6487
2024_E_SMOKE,83299cfffffffff,16.3193
2024_E_SMOKE,83299dfffffffff,19.4951
2024_E_SMOKE,83299efffffffff,14.8711
2024_E_SMOKE,8329a0fffffffff,8.0211
2024_E_SMOKE,8329a1fffffffff,11.4978
2024_E_SMOKE,8329a2fffffffff,12.3942
2024_E_SMOKE,8329a3fffffffff,13.2612
2024_E_SMOKE,8329a4fffffffff,5.8127
2024_E_SMOKE,8329a5fffffffff,6.6402
2024_E_SMOKE,8329a6fffffffff,7.9463
2024_E_SMOKE,8329a8fffffffff,20.1591
2024_E_SMOKE,8329a9fffffffff,20.3996
2024_E_SMOKE,8329aafffffffff,29.4292
2024_E_SMOKE,8329abfffffffff,28.6511
2024_E_SMOKE,8329acfffffffff,15.4792
2024_E_SMOKE,8329adfffffffff,17.4307
2024_E_SMOKE,8329aefffffffff,22.1465
2024_E_SMOKE,8329b0fffffffff,8.6146
2024_E_SMOKE,8329b1fffffffff,10.995
2024_E_SMOKE,8329b2fffffffff,14.2905
2024_E_SMOKE,8329b3fffffffff,11.4792
2024_E_SMOKE,8329b4fffffffff,6.6559
2024_E_SMOKE,8329b5fffffffff,9.3377
2024_E_SMOKE,8329b6fffffffff,8.7478
2024_E_SMOKE,832a06fffffffff,8.7151
2024_E_SMOKE,832a10fffffffff,7.7033
2024_E_SMOKE,832a12fffffffff,7.1088
2024_E_SMOKE,832a13fffffffff,7.4504
2024_E_SMOKE,832a14fffffffff,7.9389
2024_E_SMOKE,832a15fffffffff,7.9473
2024_E_SMOKE,832a16fffffffff,7.8009
2024_E_SMOKE,832a30fffffffff,7.1777
2024_E_SMOKE,832a31fffffffff,7.8025
2024_E_SMOKE,832a32fffffffff,7.3691
2024_E_SMOKE,832a33fffffffff,7.4237
2024_E_SMOKE,832a34fffffffff,7.5612
2024_E_SMOKE,832a36fffffffff,7.5334
2024_E_SMOKE,832a80fffffffff,7.205
2024_E_SMOKE,832a81fffffffff,6.435
2024_E_SMOKE,832a82fffffffff,8.2886
2024_E_SMOKE,832a83fffffffff,6.5555
2024_E_SMOKE,832a84fffffffff,7.9498
2024_E_SMOKE,832a85fffffffff,6.7145
2024_E_SMOKE,832a86fffffffff,8.8292
2024_E_SMOKE,832a88fffffffff,5.2958
2024_E_SMOKE,832a89fffffffff,4.5066
2024_E_SMOKE,832a8afffffffff,5.1774
2024_E_SMOKE,832a8bfffffffff,4.3315
2024_E_SMOKE,832a8cfffffffff,5.9303
2024_E_SMOKE,832a8dfffffffff,5.5652
2024_E_SMOKE,832a8efffffffff,5.8588
2024_E_SMOKE,832a90fffffffff,11.3423
2024_E_SMOKE,832a91fffffffff,9.3056
2024_E_SMOKE,832a92fffffffff,12.5764
2024_E_SMOKE,832a93fffffffff,10.5444
2024_E_SMOKE,832a94fffffffff,12.0706
2024_E_SMOKE,832a95fffffffff,9.7607
2024_E_SMOKE,832a96fffffffff,13.3287
2024_E_SMOKE,832a98fffffffff,6.66
2024_E_SMOKE,832a99fffffffff,5.192
2024_E_SMOKE,832a9afffffffff,7.5229
2024_E_SMOKE,832a9bfffffffff,5.3449
2024_E_SMOKE,832a9cfffffffff,7.2806
2024_E_SMOKE,832a9dfffffffff,5.8023
2024_E_SMOKE,832a9efffffffff,8.059
2024_E_SMOKE,832aa0fffffffff,7.6757
2024_E_SMOKE,832aa1fffffffff,6.8509
2024_E_SMOKE,832aa2fffffffff,8.2983
2024_E_SMOKE,832aa3fffffffff,6.8953
2024_E_SMOKE,832aa4fffffffff,8.7529
2024_E_SMOKE,832aa5fffffffff,7.6746
2024_E_SMOKE,832aa6fffffffff,9.2883
2024_E_SMOKE,832aa8fffffffff,6.3512
2024_E_SMOKE,832aa9fffffffff,6.8209
2024_E_SMOKE,832aaafffffffff,6.0023
2024_E_SMOKE,832aabfffffffff,6.1786
2024_E_SMOKE,832aacfffffffff,6.6378
2024_E_SMOKE,832aadfffffffff,7.2657
2024_E_SMOKE,832aaefffffffff,6.2125
2024_E_SMOKE,832ab1fffffffff,9.4383
2024_E_SMOKE,832ab2fffffffff,12.9486
2024_E_SMOKE,832ab3fffffffff,10.1017
2024_E_SMOKE,832ab5fffffffff,9.6927
2024_E_SMOKE,832ab6fffffffff,13.2324
2024_E_SMOKE,832ad0fffffffff,3.6429
2024_E_SMOKE,832ad2fffffffff,3.8652
2024_E_SMOKE,832ad3fffffffff,3.2636
2024_E_SMOKE,832ad4fffffffff,3.7459
2024_E_SMOKE,832ad5fffffffff,4.5267
2024_E_SMOKE,832ad6fffffffff,3.9152
2024_E_SMOKE,832af0fffffffff,4.828
2024_E_SMOKE,832af2fffffffff,4.454
2024_E_SMOKE,832af3fffffffff,4.7876
2024_E_SMOKE,832af6fffffffff,5.5999
2024_E_SMOKE,832b10fffffffff,8.7424
2024_E_SMOKE,832b11fffffffff,7.4883
2024_E_SMOKE,832b12fffffffff,10.3
2024_E_SMOKE,832b13fffffffff,9.9438
2024_E_SMOKE,832b18fffffffff,7.5529
2024_E_SMOKE,832b1afffffffff,7.5382
2024_E_SMOKE,832b1bfffffffff,7.5866
2024_E_SMOKE,832b1efffffffff,8.2761
2024_E_SMOKE,832b81fffffffff,9.9143
2024_E_SMOKE,832b88fffffffff,9.4778
2024_E_SMOKE,832b89fffffffff,7.5852
2024_E_SMOKE,832b8afffffffff,10.0176
2024_E_SMOKE,832b8bfffffffff,8.3792
2024_E_SMOKE,832b8cfffffffff,9.4637
2024_E_SMOKE,832b8dfffffffff,7.7735
2024_E_SMOKE,832b8efffffffff,10.7028
2024_E_SMOKE,832b99fffffffff,9.7935
2024_E_SMOKE,832b9bfffffffff,10.2833
2024_E_SMOKE,832ba8fffffffff,8.2822
2024_E_SMOKE,832ba9fffffffff,7.7268
2024_E_SMOKE,832babfffffffff,7.6283
2024_E_SMOKE,832bacfffffffff,10.3811
2024_E_SMOKE,832badfffffffff,9.7863
2024_E_SMOKE,834412fffffffff,5.4017
2024_E_SMOKE,834413fffffffff,2.1575
2024_E_SMOKE,834414fffffffff,0.9
2024_E_SMOKE,834416fffffffff,0.5661
2024_E_SMOKE,83441afffffffff,1.8471
2024_E_SMOKE,83441bfffffffff,2.1729
2024_E_SMOKE,83441efffffffff,1.8356
2024_E_SMOKE,834440fffffffff,6.4697
2024_E_SMOKE,834441fffffffff,10.8867
2024_E_SMOKE,834442fffffffff,5.1804
2024_E_SMOKE,834443fffffffff,7.1516
2024_E_SMOKE,834444fffffffff,7.7214
2024_E_SMOKE,834445fffffffff,8.0288
2024_E_SMOKE,834446fffffffff,5.4309
2024_E_SMOKE,834448fffffffff,10.4496
2024_E_SMOKE,834449fffffffff,13.5543
2024_E_SMOKE,83444afffffffff,11.9288
2024_E_SMOKE,83444bfffffffff,13.3035
2024_E_SMOKE,83444cfffffffff,9.9151
2024_E_SMOKE,83444dfffffffff,9.4222
2024_E_SMOKE,83444efffffffff,9.0345
2024_E_SMOKE,834450fffffffff,5.4888
2024_E_SMOKE,834451fffffffff,7.6653
2024_E_SMOKE,834452fffffffff,8.3462
2024_E_SMOKE,834453fffffffff,6.871
2024_E_SMOKE,834455fffffffff,5.267
2024_E_SMOKE,834456fffffffff,4.0167
2024_E_SMOKE,834458fffffffff,7.939
2024_E_SMOKE,834459fffffffff,11.5279
2024_E_SMOKE,83445afffffffff,6.9283
2024_E_SMOKE,83445bfffffffff,8.4903
2024_E_SMOKE,83445cfffffffff,6.0596
2024_E_SMOKE,83445dfffffffff,9.445
2024_E_SMOKE,83445efffffffff,6.9744
2024_E_SMOKE,834463fffffffff,11.403
2024_E_SMOKE,834468fffffffff,8.5708
2024_E_SMOKE,834469fffffffff,8.1134
2024_E_SMOKE,83446afffffffff,10.8366
2024_E_SMOKE,83446bfffffffff,8.9977
2024_E_SMOKE,83446cfffffffff,6.5916
2024_E_SMOKE,83446dfffffffff,6.264
2024_E_SMOKE,83446efffffffff,8.8163
2024_E_SMOKE,834471fffffffff,6.5645
2024_E_SMOKE,834473fffffffff,5.489
2024_E_SMOKE,8344a1fffffffff,2.2246
2024_E_SMOKE,8344a5fffffffff,1.7356
2024_E_SMOKE,8344a8fffffffff,3.3232
2024_E_SMOKE,8344a9fffffffff,2.7352
2024_E_SMOKE,8344abfffffffff,2.9318
2024_E_SMOKE,8344acfffffffff,5.4625
2024_E_SMOKE,8344adfffffffff,2.6872
2024_E_SMOKE,8344aefffffffff,1.289
2024_E_SMOKE,8344c0fffffffff,5.8185
2024_E_SMOKE,8344c1fffffffff,4.8038
2024_E_SMOKE,8344c2fffffffff,4.9029
2024_E_SMOKE,8344c3fffffffff,4.9929
2024_E_SMOKE,8344c4fffffffff,4.2792
2024_E_SMOKE,8344c5fffffffff,5.6987
2024_E_SMOKE,8344c6fffffffff,4.2264
2024_E_SMOKE,8344c8fffffffff,5.4452
2024_E_SMOKE,8344c9fffffffff,6.4861
2024_E_SMOKE,8344cafffffffff,5.2057
2024_E_SMOKE,8344cbfffffffff,6.2092
2024_E_SMOKE,8344ccfffffffff,5.3524
2024_E_SMOKE,8344cdfffffffff,5.4042
2024_E_SMOKE,8344cefffffffff,5.0345
2024_E_SMOKE,8344d0fffffffff,3.3017
2024_E_SMOKE,8344d1fffffffff,3.6897
2024_E_SMOKE,8344d2fffffffff,6.3575
2024_E_SMOKE,8344d3fffffffff,4.2681
2024_E_SMOKE,8344d5fffffffff,4.8085
2024_E_SMOKE,8344d8fffffffff,4.2197
2024_E_SMOKE,8344d9fffffffff,4.7584
2024_E_SMOKE,8344dafffffffff,4.2907
2024_E_SMOKE,8344dbfffffffff,4.6302
2024_E_SMOKE,8344dcfffffffff,4.458
2024_E_SMOKE,8344ddfffffffff,4.3003
2024_E_SMOKE,8344defffffffff,3.9624
2024_E_SMOKE,8344e0fffffffff,8.159
2024_E_SMOKE,8344e1fffffffff,5.2971
2024_E_SMOKE,8344e2fffffffff,5.0057
2024_E_SMOKE,8344e3fffffffff,5.3594
2024_E_SMOKE,8344e4fffffffff,7.6568
2024_E_SMOKE,8344e5fffffffff,6.2511
2024_E_SMOKE,8344e6fffffffff,7.0014
2024_E_SMOKE,8344e8fffffffff,6.4333
2024_E_SMOKE,8344e9fffffffff,6.1036
2024_E_SMOKE,8344eafffffffff,6.295
2024_E_SMOKE,8344ebfffffffff,5.5596
2024_E_SMOKE,8344ecfffffffff,5.4508
2024_E_SMOKE,8344edfffffffff,6.7835
2024_E_SMOKE,8344eefffffffff,6.0621
2024_E_SMOKE,8344f0fffffffff,3.7266
2024_E_SMOKE,8344f1fffffffff,4.4799
2024_E_SMOKE,8344f3fffffffff,3.5745
2024_E_SMOKE,8344f4fffffffff,2.1714
2024_E_SMOKE,8344f5fffffffff,2.9089
2024_E_SMOKE,8344f6fffffffff,2.3435
2024_E_SMOKE,834859fffffffff,7.7298
2024_E_SMOKE,83485afffffffff,6.0561
2024_E_SMOKE,83485bfffffffff,7.2509
2024_E_SMOKE,834880fffffffff,6.4963
2024_E_SMOKE,834881fffffffff,5.0648
2024_E_SMOKE,834882fffffffff,6.405
2024_E_SMOKE,834883fffffffff,5.5335
2024_E_SMOKE,834886fffffffff,8.2392
2024_E_SMOKE,834888fffffffff,7.464
2024_E_SMOKE,834889fffffffff,7.3399
2024_E_SMOKE,83488afffffffff,8.0366
2024_E_SMOKE,83488bfffffffff,7.6543
2024_E_SMOKE,83488cfffffffff,6.4799
2024_E_SMOKE,83488dfffffffff,6.0892
2024_E_SMOKE,83488efffffffff,7.1236
2024_E_SMOKE,834890fffffffff,9.7575
2024_E_SMOKE,834891fffffffff,6.7514
2024_E_SMOKE,834892fffffffff,9.1919
2024_E_SMOKE,834893fffffffff,6.7012
2024_E_SMOKE,834895fffffffff,8.8613
2024_E_SMOKE,834898fffffffff,6.7721
2024_E_SMOKE,834899fffffffff,8.3227
2024_E_SMOKE,83489afffffffff,7.0202
2024_E_SMOKE,83489bfffffffff,8.7296
2024_E_SMOKE,83489cfffffffff,4.9172
2024_E_SMOKE,83489dfffffffff,6.7281
2024_E_SMOKE,83489efffffffff,5.4923
2024_E_SMOKE,8348abfffffffff,5.9
2024_E_SMOKE,8348b1fffffffff,7.387
2024_E_SMOKE,8348b2fffffffff,11.6635
2024_E_SMOKE,8348b3fffffffff,11.949
2024_E_SMOKE,8348c0fffffffff,12.5716
2024_E_SMOKE,8348c1fffffffff,19.546
2024_E_SMOKE,8348c2fffffffff,12.1992
2024_E_SMOKE,8348c3fffffffff,20.7049
2024_E_SMOKE,8348c4fffffffff,9.4116
2024_E_SMOKE,8348c5fffffffff,10.2138
2024_E_SMOKE,8348c6fffffffff,7.708
2024_E_SMOKE,8348c8fffffffff,11.7225
2024_E_SMOKE,8348c9fffffffff,18.6144
2024_E_SMOKE,8348cafffffffff,8.7321
2024_E_SMOKE,8348cbfffffffff,9.6205
2024_E_SMOKE,8348ccfffffffff,18.4916
2024_E_SMOKE,8348cdfffffffff,21.467
2024_E_SMOKE,8348cefffffffff,18.2137
2024_E_SMOKE,8348d0fffffffff,10.2206
2024_E_SMOKE,8348d1fffffffff,12.3498
2024_E_SMOKE,8348d2fffffffff,10.3031
2024_E_SMOKE,8348d3fffffffff,12.7172
2024_E_SMOKE,8348d4fffffffff,8.0722
2024_E_SMOKE,8348d5fffffffff,10.5833
2024_E_SMOKE,8348d6fffffffff,8.1336
2024_E_SMOKE,8348d8fffffffff,10.3326
2024_E_SMOKE,8348d9fffffffff,10.6575
2024_E_SMOKE,8348dafffffffff,16.9182
2024_E_SMOKE,8348dbfffffffff,11.1178
2024_E_SMOKE,8348dcfffffffff,14.3309
2024_E_SMOKE,8348ddfffffffff,11.5088
2024_E_SMOKE,8348defffffffff,14.2378
2024_E_SMOKE,8348e3fffffffff,10.0454
2024_E_SMOKE,8348e8fffffffff,6.3674
2024_E_SMOKE,8348e9fffffffff,5.9993
2024_E_SMOKE,8348eafffffffff,12.1498
2024_E_SMOKE,8348ebfffffffff,10.1893
2024_E_SMOKE,8348ecfffffffff,5.2387
2024_E_SMOKE,8348edfffffffff,6.4826
2024_E_SMOKE,8348eefffffffff,5.527
2024_E_SMOKE,8348f2fffffffff,6.7726
2024_E_SMOKE,8348f3fffffffff,7.5723
2024_E_SMOKE,8348f6fffffffff,5.1135
2024_E_SWND,8312c9fffffffff,0.3188
2024_E_SWND,8312cafffffffff,0.1156
2024_E_SWND,8312cbfffffffff,0.2058
2024_E_SWND,8312d8fffffffff,0.164
2024_E_SWND,8312d9fffffffff,0.1708
2024_E_SWND,8312dafffffffff,0.1636
2024_E_SWND,8312dbfffffffff,0.2581
2024_E_SWND,8312ddfffffffff,0.1252
2024_E_SWND,8312defffffffff,0.1197
2024_E_SWND,832600fffffffff,3.5474
2024_E_SWND,832601fffffffff,4.1995
2024_E_SWND,832602fffffffff,2.3316
2024_E_SWND,832603fffffffff,2.9121
2024_E_SWND,832604fffffffff,3.1932
2024_E_SWND,832605fffffffff,3.7711
2024_E_SWND,832606fffffffff,2.8408
2024_E_SWND,832608fffffffff,4.5494
2024_E_SWND,832609fffffffff,4.2098
2024_E_SWND,83260afffffffff,4.4315
2024_E_SWND,83260bfffffffff,5.4162
2024_E_SWND,83260cfffffffff,4.9675
2024_E_SWND,83260dfffffffff,5.8511
2024_E_SWND,83260efffffffff,4.2573
2024_E_SWND,832610fffffffff,2.5044
2024_E_SWND,832611fffffffff,1.8843
2024_E_SWND,832612fffffffff,1.9637
2024_E_SWND,832613fffffffff,1.6554
2024_E_SWND,832614fffffffff,2.7916
2024_E_SWND,832615fffffffff,2.6114
2024_E_SWND,832616fffffffff,2.9792
2024_E_SWND,832618fffffffff,3.382
2024_E_SWND,832619fffffffff,4.5459
2024_E_SWND,83261afffffffff,3.4772
2024_E_SWND,83261bfffffffff,4.1975
2024_E_SWND,83261cfffffffff,2.0171
2024_E_SWND,83261dfffffffff,3.6065
2024_E_SWND,83261efffffffff,2.1529
2024_E_SWND,832620fffffffff,2.5663
2024_E_SWND,832621fffffffff,4.0166
2024_E_SWND,832622fffffffff,2.7386
2024_E_SWND,832623fffffffff,2.8102
2024_E_SWND,832624fffffffff,2.0055
2024_E_SWND,832625fffffffff,2.3654
2024_E_SWND,832626fffffffff,2.6222
2024_E_SWND,832628fffffffff,4.1425
2024_E_SWND,832629fffffffff,5.495
2024_E_SWND,83262afffffffff,4.0901
2024_E_SWND,83262bfffffffff,5.9269
2024_E_SWND,83262cfffffffff,4.7
2024_E_SWND,83262dfffffffff,3.8396
2024_E_SWND,83262efffffffff,3.687
2024_E_SWND,832630fffffffff,2.214
2024_E_SWND,832631fffffffff,2.8239
2024_E_SWND,832632fffffffff,2.3317
2024_E_SWND,832633fffffffff,2.6249
2024_E_SWND,832634fffffffff,1.5415
2024_E_SWND,832635fffffffff,2.3035
2024_E_SWND,832636fffffffff,1.8817
2024_E_SWND,832640fffffffff,5.76
2024_E_SWND,832641fffffffff,4.1169
2024_E_SWND,832642fffffffff,4.5132
2024_E_SWND,832643fffffffff,3.4892
2024_E_SWND,832644fffffffff,5.5675
2024_E_SWND,832645fffffffff,4.3007
2024_E_SWND,832646fffffffff,5.8264
2024_E_SWND,832648fffffffff,3.6924
2024_E_SWND,832649fffffffff,5.9904
2024_E_SWND,83264afffffffff,1.523
2024_E_SWND,83264bfffffffff,3.0447
2024_E_SWND,83264cfffffffff,4.6214
2024_E_SWND,83264dfffffffff,6.041
2024_E_SWND,83264efffffffff,3.0496
2024_E_SWND,832650fffffffff,4.4367
2024_E_SWND,832651fffffffff,4.2311
2024_E_SWND,832652fffffffff,5.9626
2024_E_SWND,832653fffffffff,5.8136
2024_E_SWND,832654fffffffff,3.682
2024_E_SWND,832655fffffffff,4.0096
2024_E_SWND,832656fffffffff,6.4634
2024_E_SWND,832658fffffffff,2.3804
2024_E_SWND,832659fffffffff,1.5572
2024_E_SWND,83265afffffffff,3.5218
2024_E_SWND,83265bfffffffff,2.7525
2024_E_SWND,83265cfffffffff,2.6462
2024_E_SWND,83265dfffffffff,2.0932
2024_E_SWND,83265efffffffff,4.1858
2024_E_SWND,832660fffffffff,4.4327
2024_E_SWND,832661fffffffff,4.8104
2024_E_SWND,832662fffffffff,4.9726
2024_E_SWND,832663fffffffff,4.3409
2024_E_SWND,832664fffffffff,5.2822
2024_E_SWND,832665fffffffff,5.214
2024_E_SWND,832666fffffffff,5.7091
2024_E_SWND,832668fffffffff,6.0632
2024_E_SWND,832669fffffffff,6.4545
2024_E_SWND,83266afffffffff,4.4974
2024_E_SWND,83266bfffffffff,5.9481
2024_E_SWND,83266cfffffffff,5.1033
2024_E_SWND,83266dfffffffff,6.2129
2024_E_SWND,83266efffffffff,4.5957
2024_E_SWND,832670fffffffff,5.3576
2024_E_SWND,832671fffffffff,5.0903
2024_E_SWND,832672fffffffff,4.2085
2024_E_SWND,832673fffffffff,3.9895
2024_E_SWND,832674fffffffff,6.4994
2024_E_SWND,832675fffffffff,5.9203
2024_E_SWND,832676fffffffff,6.4973
2024_E_SWND,832680fffffffff,0.2282
2024_E_SWND,832681fffffffff,0.7193
2024_E_SWND,832682fffffffff,0.2413
2024_E_SWND,832683fffffffff,0.23
2024_E_SWND,832684fffffffff,0.2302
2024_E_SWND,832685fffffffff,0.6083
2024_E_SWND,832686fffffffff,0.1796
2024_E_SWND,832688fffffffff,0.5213
2024_E_SWND,832689fffffffff,0.749
2024_E_SWND,83268afffffffff,0.0838
2024_E_SWND,83268bfffffffff,0.2234
2024_E_SWND,83268cfffffffff,1.1532
2024_E_SWND,83268dfffffffff,1.5947
2024_E_SWND,83268efffffffff,0.3186
2024_E_SWND,832690fffffffff,0.4055
2024_E_SWND,832691fffffffff,0.1993
2024_E_SWND,832692fffffffff,0.5282
2024_E_SWND,832693fffffffff,0.1236
2024_E_SWND,832694fffffffff,0.4486
2024_E_SWND,832695fffffffff,0.1723
2024_E_SWND,832696fffffffff,1.3842
2024_E_SWND,832698fffffffff,0.1309
2024_E_SWND,832699fffffffff,0.079
2024_E_SWND,83269afffffffff,0.0766
2024_E_SWND,83269bfffffffff,0.0688
2024_E_SWND,83269cfffffffff,0.2967
2024_E_SWND,83269dfffffffff,0.1203
2024_E_SWND,83269efffffffff,0.1489
2024_E_SWND,8326a0fffffffff,0.5678
2024_E_SWND,8326a1fffffffff,0.9589
2024_E_SWND,8326a2fffffffff,0.3023
2024_E_SWND,8326a3fffffffff,0.4542
2024_E_SWND,8326a4fffffffff,1.3518
2024_E_SWND,8326a5fffffffff,1.8839
2024_E_SWND,8326a6fffffffff,0.5495
2024_E_SWND,8326a8fffffffff,1.8938
2024_E_SWND,8326a9fffffffff,3.5418
2024_E_SWND,8326aafffffffff,1.4693
2024_E_SWND,8326abfffffffff,1.9953
2024_E_SWND,8326acfffffffff,1.5071
2024_E_SWND,8326adfffffffff,2.2643
2024_E_SWND,8326aefffffffff,1.1268
2024_E_SWND,8326b0fffffffff,0.2515
2024_E_SWND,8326b1fffffffff,0.2422
2024_E_SWND,8326b2fffffffff,0.2986
2024_E_SWND,8326b3fffffffff,0.1844
2024_E_SWND,8326b4fffffffff,0.2439
2024_E_SWND,8326b5fffffffff,0.3293
2024_E_SWND,8326b6fffffffff,0.3147
2024_E_SWND,8326c0fffffffff,4.6474
2024_E_SWND,8326c1fffffffff,5.6343
2024_E_SWND,8326c2fffffffff,3.4199
2024_E_SWND,8326c3fffffffff,4.8199
2024_E_SWND,8326c4fffffffff,5.3045
2024_E_SWND,8326c5fffffffff,6.2275
2024_E_SWND,8326c6fffffffff,3.7661
2024_E_SWND,8326c8fffffffff,4.3049
2024_E_SWND,8326c9fffffffff,4.3542
2024_E_SWND,8326cafffffffff,3.482
2024_E_SWND,8326cbfffffffff,3.6362
2024_E_SWND,8326ccfffffffff,3.6963
2024_E_SWND,8326cdfffffffff,3.5015
2024_E_SWND,8326cefffffffff,4.0297
2024_E_SWND,8326d0fffffffff,2.3004
2024_E_SWND,8326d1fffffffff,3.2714
2024_E_SWND,8326d2fffffffff,0.6925
2024_E_SWND,8326d3fffffffff,2.5351
2024_E_SWND,8326d4fffffffff,1.923
2024_E_SWND,8326d5fffffffff,3.2065
2024_E_SWND,8326d6fffffffff,0.6004
2024_E_SWND,8326d8fffffffff,2.0021
2024_E_SWND,8326d9fffffffff,2.0567
2024_E_SWND,8326dafffffffff,2.0108
2024_E_SWND,8326dbfffffffff,1.8909
2024_E_SWND,8326dcfffffffff,2.8181
2024_E_SWND,8326ddfffffffff,2.9286
2024_E_SWND,8326defffffffff,2.3775
2024_E_SWND,8326e0fffffffff,6.7255
2024_E_SWND,8326e1fffffffff,6.2435
2024_E_SWND,8326e2fffffffff,6.9254
2024_E_SWND,8326e3fffffffff,7.3653
2024_E_SWND,8326e4fffffffff,5.3002
2024_E_SWND,8326e5fffffffff,7.0396
2024_E_SWND,8326e6fffffffff,5.5446
2024_E_SWND,8326e8fffffffff,7.0285
2024_E_SWND,8326e9fffffffff,4.6765
2024_E_SWND,8326eafffffffff,6.0747
2024_E_SWND,8326ebfffffffff,4.2517
2024_E_SWND,8326ecfffffffff,6.3873
2024_E_SWND,8326edfffffffff,5.7717
2024_E_SWND,8326eefffffffff,7.2188
2024_E_SWND,8326f0fffffffff,4.6274
2024_E_SWND,8326f1fffffffff,5.1775
2024_E_SWND,8326f2fffffffff,2.4567
2024_E_SWND,8326f3fffffffff,4.1713
2024_E_SWND,8326f4fffffffff,4.5758
2024_E_SWND,8326f5fffffffff,5.2051
2024_E_SWND,8326f6fffffffff,3.5311
2024_E_SWND,832708fffffffff,0.5034
2024_E_SWND,832709fffffffff,0.6022
2024_E_SWND,83270afffffffff,1.0193
2024_E_SWND,83270bfffffffff,1.1684
2024_E_SWND,83270dfffffffff,0.3572
2024_E_SWND,83270efffffffff,0.5636
2024_E_SWND,832718fffffffff,1.7566
2024_E_SWND,832719fffffffff,2.183
2024_E_SWND,83271afffffffff,1.3073
2024_E_SWND,83271bfffffffff,2.1227
2024_E_SWND,83271cfffffffff,1.2461
2024_E_SWND,83271dfffffffff,1.1844
2024_E_SWND,83271efffffffff,0.93
2024_E_SWND,832740fffffffff,1.4315
2024_E_SWND,832741fffffffff,1.1515
2024_E_SWND,832742fffffffff,1.8973
2024_E_SWND,832743fffffffff,2.0953
2024_E_SWND,832744fffffffff,0.679
2024_E_SWND,832745fffffffff,0.7214
2024_E_SWND,832746fffffffff,1.2268
2024_E_SWND,832748fffffffff,3.6651
2024_E_SWND,832749fffffffff,5.4508
2024_E_SWND,83274bfffffffff,4.744
2024_E_SWND,83274cfffffffff,2.572
2024_E_SWND,83274dfffffffff,5.6
2024_E_SWND,83274efffffffff,1.6347
2024_E_SWND,832750fffffffff,1.8358
2024_E_SWND,832751fffffffff,2.3026
2024_E_SWND,832752fffffffff,3.7429
2024_E_SWND,832753fffffffff,3.3875
2024_E_SWND,832754fffffffff,0.9838
2024_E_SWND,832755fffffffff,1.315
2024_E_SWND,832756fffffffff,1.435
2024_E_SWND,832758fffffffff,4.4511
2024_E_SWND,832759fffffffff,5.7086
2024_E_SWND,83275afffffffff,4.6973
2024_E_SWND,83275bfffffffff,5.8334
2024_E_SWND,83275cfffffffff,3.0703
2024_E_SWND,83275dfffffffff,3.4168
2024_E_SWND,83275efffffffff,3.2593
2024_E_SWND,832763fffffffff,0.2514
2024_E_SWND,832768fffffffff,0.697
2024_E_SWND,83276afffffffff,1.1407
2024_E_SWND,83276bfffffffff,2.8198
2024_E_SWND,83276efffffffff,0.4918
2024_E_SWND,832770fffffffff,0.3675
2024_E_SWND,832771fffffffff,0.7208
2024_E_SWND,832772fffffffff,0.2036
2024_E_SWND,832773fffffffff,0.8848
2024_E_SWND,832780fffffffff,1.487
2024_E_SWND,832781fffffffff,1.6769
2024_E_SWND,832782fffffffff,1.019
2024_E_SWND,832783fffffffff,1.17
2024_E_SWND,832784fffffffff,1.3124
2024_E_SWND,832785fffffffff,1.42
2024_E_SWND,832786fffffffff,0.9187
2024_E_SWND,832788fffffffff,1.7153
2024_E_SWND,832789fffffffff,2.5761
2024_E_SWND,83278afffffffff,1.2191
2024_E_SWND,83278bfffffffff,2.3931
2024_E_SWND,83278cfffffffff,1.471
2024_E_SWND,83278dfffffffff,1.9328
2024_E_SWND,83278efffffffff,1.2075
2024_E_SWND,832790fffffffff,0.727
2024_E_SWND,832791fffffffff,0.6865
2024_E_SWND,832792fffffffff,0.564
2024_E_SWND,832793fffffffff,0.5962
2024_E_SWND,832794fffffffff,0.6059
2024_E_SWND,832795fffffffff,0.6833
2024_E_SWND,832796fffffffff,0.6051
2024_E_SWND,832798fffffffff,0.8418
2024_E_SWND,832799fffffffff,0.792
2024_E_SWND,83279afffffffff,0.4337
2024_E_SWND,83279bfffffffff,0.4029
2024_E_SWND,83279cfffffffff,0.9345
2024_E_SWND,83279dfffffffff,0.8951
2024_E_SWND,83279efffffffff,0.7516
2024_E_SWND,8327a3fffffffff,1.0307
2024_E_SWND,8327a8fffffffff,1.0122
2024_E_SWND,8327a9fffffffff,1.363
2024_E_SWND,8327aafffffffff,1.4399
2024_E_SWND,8327abfffffffff,1.513
2024_E_SWND,8327acfffffffff,0.583
2024_E_SWND,8327adfffffffff,0.7406
2024_E_SWND,8327aefffffffff,0.9197
2024_E_SWND,8327b3fffffffff,0.5417
2024_E_SWND,832800fffffffff,0.0052
2024_E_SWND,832802fffffffff,0.0139
2024_E_SWND,832806fffffffff,0.0044
2024_E_SWND,832810fffffffff,0.0354
2024_E_SWND,832811fffffffff,0.037
2024_E_SWND,832812fffffffff,0.0587
2024_E_SWND,832813fffffffff,0.0364
2024_E_SWND,832814fffffffff,0.0542
2024_E_SWND,832815fffffffff,0.0124
2024_E_SWND,832816fffffffff,0.0879
2024_E_SWND,832818fffffffff,0.0438
2024_E_SWND,83281afffffffff,0.0398
2024_E_SWND,83281bfffffffff,0.0309
2024_E_SWND,83281cfffffffff,0.0441
2024_E_SWND,83281efffffffff,0.0625
2024_E_SWND,832830fffffffff,0.0314
2024_E_SWND,832831fffffffff,0.0089
2024_E_SWND,832832fffffffff,0.045
2024_E_SWND,832833fffffffff,0.0158
2024_E_SWND,832834fffffffff,0.027
2024_E_SWND,832835fffffffff,0.0298
2024_E_SWND,832836fffffffff,0.0322
2024_E_SWND,832880fffffffff,0.2074
2024_E_SWND,832881fffffffff,0.1584
2024_E_SWND,832882fffffffff,0.1802
2024_E_SWND,832883fffffffff,0.1355
2024_E_SWND,832884fffffffff,0.2923
2024_E_SWND,832885fffffffff,0.1932
2024_E_SWND,832886fffffffff,0.2792
2024_E_SWND,832888fffffffff,0.3379
2024_E_SWND,832889fffffffff,0.18
2024_E_SWND,83288afffffffff,0.2731
2024_E_SWND,83288bfffffffff,0.2207
2024_E_SWND,83288cfffffffff,0.2426
2024_E_SWND,83288dfffffffff,0.23
2024_E_SWND,83288efffffffff,0.2245
2024_E_SWND,832890fffffffff,0.3062
2024_E_SWND,832891fffffffff,0.2456
2024_E_SWND,832892fffffffff,0.4447
2024_E_SWND,832893fffffffff,0.3955
2024_E_SWND,832894fffffffff,0.6356
2024_E_SWND,832895fffffffff,0.3308
2024_E_SWND,832896fffffffff,0.257
2024_E_SWND,832898fffffffff,0.2482
2024_E_SWND,832899fffffffff,0.2373
2024_E_SWND,83289afffffffff,0.3652
2024_E_SWND,83289bfffffffff,0.2038
2024_E_SWND,83289cfffffffff,0.1686
2024_E_SWND,83289dfffffffff,0.1926
2024_E_SWND,83289efffffffff,0.3163
2024_E_SWND,8328a0fffffffff,0.1119
2024_E_SWND,8328a1fffffffff,0.0582
2024_E_SWND,8328a2fffffffff,0.1783
2024_E_SWND,8328a3fffffffff,0.1541
2024_E_SWND,8328a4fffffffff,0.123
2024_E_SWND,8328a5fffffffff,0.0867
2024_E_SWND,8328a6fffffffff,0.1607
2024_E_SWND,8328a8fffffffff,0.0415
2024_E_SWND,8328a9fffffffff,0.0696
2024_E_SWND,8328aafffffffff,0.0825
2024_E_SWND,8328abfffffffff,0.1166
2024_E_SWND,8328acfffffffff,0.022
2024_E_SWND,8328adfffffffff,0.0284
2024_E_SWND,8328aefffffffff,0.0493
2024_E_SWND,8328b0fffffffff,0.624
2024_E_SWND,8328b1fffffffff,0.3786
2024_E_SWND,8328b2fffffffff,0.7366
2024_E_SWND,8328b3fffffffff,0.7022
2024_E_SWND,8328b4fffffffff,0.7761
2024_E_SWND,8328b5fffffffff,0.2367
2024_E_SWND,8328b6fffffffff,0.7518
2024_E_SWND,8328c2fffffffff,0.0032
2024_E_SWND,8328c6fffffffff,0.0147
2024_E_SWND,8328d0fffffffff,0.0248
2024_E_SWND,8328d1fffffffff,0.0069
2024_E_SWND,8328d2fffffffff,0.0733
2024_E_SWND,8328d3fffffffff,0.0116
2024_E_SWND,8328d4fffffffff,0.0319
2024_E_SWND,8328d5fffffffff,0.009
2024_E_SWND,8328d6fffffffff,0.0915
2024_E_SWND,8328defffffffff,0.0951
2024_E_SWND,8328f0fffffffff,0.0605
2024_E_SWND,8328f1fffffffff,0.0454
2024_E_SWND,8328f2fffffffff,0.0829
2024_E_SWND,8328f3fffffffff,0.0281
2024_E_SWND,8328f4fffffffff,0.0587
2024_E_SWND,8328f5fffffffff,0.0426
2024_E_SWND,8328f6fffffffff,0.1025
2024_E_SWND,832912fffffffff,0.0567
2024_E_SWND,832913fffffffff,0.022
2024_E_SWND,832916fffffffff,0.003
2024_E_SWND,83291afffffffff,0.0123
2024_E_SWND,832980fffffffff,0.1498
2024_E_SWND,832981fffffffff,0.0682
2024_E_SWND,832982fffffffff,0.1354
2024_E_SWND,832983fffffffff,0.0968
2024_E_SWND,832984fffffffff,0.1538
2024_E_SWND,832985fffffffff,0.0689
2024_E_SWND,832986fffffffff,0.303
2024_E_SWND,832988fffffffff,0.1075
2024_E_SWND,832989fffffffff,0.1392
2024_E_SWND,83298afffffffff,0.1027
2024_E_SWND,83298bfffffffff,0.1331
2024_E_SWND,83298cfffffffff,0.0458
2024_E_SWND,83298dfffffffff,0.0714
2024_E_SWND,83298efffffffff,0.0668
2024_E_SWND,832990fffffffff,0.095
2024_E_SWND,832991fffffffff,0.1343
2024_E_SWND,832992fffffffff,0.0792
2024_E_SWND,832993fffffffff,0.1128
2024_E_SWND,832994fffffffff,0.064
2024_E_SWND,832995fffffffff,0.171
2024_E_SWND,832996fffffffff,0.0459
2024_E_SWND,832998fffffffff,0.1403
2024_E_SWND,832999fffffffff,0.1517
2024_E_SWND,83299afffffffff,0.7834
2024_E_SWND,83299bfffffffff,0.318
2024_E_SWND,83299cfffffffff,0.0902
2024_E_SWND,83299dfffffffff,0.0914
2024_E_SWND,83299efffffffff,0.2215
2024_E_SWND,8329a0fffffffff,0.2258
2024_E_SWND,8329a1fffffffff,0.1315
2024_E_SWND,8329a2fffffffff,0.1707
2024_E_SWND,8329a3fffffffff,0.1222
2024_E_SWND,8329a4fffffffff,0.1782
2024_E_SWND,8329a5fffffffff,0.2101
2024_E_SWND,8329a6fffffffff,0.2226
2024_E_SWND,8329a8fffffffff,0.0377
2024_E_SWND,8329a9fffffffff,0.0284
2024_E_SWND,8329aafffffffff,0.0431
2024_E_SWND,8329abfffffffff,0.045
2024_E_SWND,8329acfffffffff,0.0328
2024_E_SWND,8329adfffffffff,0.0212
2024_E_SWND,8329aefffffffff,0.0586
2024_E_SWND,8329b0fffffffff,0.3212
2024_E_SWND,8329b1fffffffff,0.2923
2024_E_SWND,8329b2fffffffff,0.1631
2024_E_SWND,8329b3fffffffff,0.2118
2024_E_SWND,8329b4fffffffff,0.5179
2024_E_SWND,8329b5fffffffff,0.2568
2024_E_SWND,8329b6fffffffff,1.2121
2024_E_SWND,832a06fffffffff,0.649
2024_E_SWND,832a10fffffffff,6.656
2024_E_SWND,832a12fffffffff,6.1105
2024_E_SWND,832a13fffffffff,6.23
2024_E_SWND,832a14fffffffff,3.0786
2024_E_SWND,832a15fffffffff,4.0847
2024_E_SWND,832a16fffffffff,3.2794
2024_E_SWND,832a30fffffffff,0.781
2024_E_SWND,832a31fffffffff,0.4755
2024_E_SWND,832a32fffffffff,1.2724
2024_E_SWND,832a33fffffffff,1.2399
2024_E_SWND,832a34fffffffff,0.3522
2024_E_SWND,832a36fffffffff,0.6596
2024_E_SWND,832a80fffffffff,1.2456
2024_E_SWND,832a81fffffffff,1.9879
2024_E_SWND,832a82fffffffff,1.0776
2024_E_SWND,832a83fffffffff,0.7704
2024_E_SWND,832a84fffffffff,1.8665
2024_E_SWND,832a85fffffffff,2.8634
2024_E_SWND,832a86fffffffff,1.7582
2024_E_SWND,832a88fffffffff,2.7901
2024_E_SWND,832a89fffffffff,1.1237
2024_E_SWND,832a8afffffffff,2.89
2024_E_SWND,832a8bfffffffff,2.2353
2024_E_SWND,832a8cfffffffff,3.1409
2024_E_SWND,832a8dfffffffff,1.2953
2024_E_SWND,832a8efffffffff,2.1692
2024_E_SWND,832a90fffffffff,2.6898
2024_E_SWND,832a91fffffffff,1.8304
2024_E_SWND,832a92fffffffff,4.39
2024_E_SWND,832a93fffffffff,3.2759
2024_E_SWND,832a94fffffffff,3.1502
2024_E_SWND,832a95fffffffff,1.8488
2024_E_SWND,832a96fffffffff,4.4717
2024_E_SWND,832a98fffffffff,3.4886
2024_E_SWND,832a99fffffffff,2.764
2024_E_SWND,832a9afffffffff,6.1024
2024_E_SWND,832a9bfffffffff,4.7635
2024_E_SWND,832a9cfffffffff,1.3646
2024_E_SWND,832a9dfffffffff,1.5028
2024_E_SWND,832a9efffffffff,3.9233
2024_E_SWND,832aa0fffffffff,1.8547
2024_E_SWND,832aa1fffffffff,3.8622
2024_E_SWND,832aa2fffffffff,1.6531
2024_E_SWND,832aa3fffffffff,2.5299
2024_E_SWND,832aa4fffffffff,1.478
2024_E_SWND,832aa5fffffffff,2.0783
2024_E_SWND,832aa6fffffffff,1.4905
2024_E_SWND,832aa8fffffffff,7.5895
2024_E_SWND,832aa9fffffffff,2.2777
2024_E_SWND,832aaafffffffff,6.0237
2024_E_SWND,832aabfffffffff,3.8566
2024_E_SWND,832aacfffffffff,7.3201
2024_E_SWND,832aadfffffffff,4.2271
2024_E_SWND,832aaefffffffff,6.0008
2024_E_SWND,832ab1fffffffff,1.7018
2024_E_SWND,832ab2fffffffff,5.5686
2024_E_SWND,832ab3fffffffff,1.9031
2024_E_SWND,832ab5fffffffff,1.2335
2024_E_SWND,832ab6fffffffff,4.0775
2024_E_SWND,832ad0fffffffff,2.0258
2024_E_SWND,832ad2fffffffff,3.6093
2024_E_SWND,832ad3fffffffff,2.6796
2024_E_SWND,832ad4fffffffff,1.1456
2024_E_SWND,832ad5fffffffff,1.2116
2024_E_SWND,832ad6fffffffff,1.6069
2024_E_SWND,832af0fffffffff,0.8469
2024_E_SWND,832af2fffffffff,0.7874
2024_E_SWND,832af3fffffffff,0.9308
2024_E_SWND,832af6fffffffff,0.9857
2024_E_SWND,832b10fffffffff,0.715
2024_E_SWND,832b11fffffffff,0.928
2024_E_SWND,832b12fffffffff,0.6073
2024_E_SWND,832b13fffffffff,0.7314
2024_E_SWND,832b18fffffffff,0.5846
2024_E_SWND,832b1afffffffff,0.7646
2024_E_SWND,832b1bfffffffff,1.0063
2024_E_SWND,832b1efffffffff,0.9038
2024_E_SWND,832b81fffffffff,0.3652
2024_E_SWND,832b88fffffffff,1.0187
2024_E_SWND,832b89fffffffff,1.5526
2024_E_SWND,832b8afffffffff,1.1162
2024_E_SWND,832b8bfffffffff,1.4155
2024_E_SWND,832b8cfffffffff,0.6793
2024_E_SWND,832b8dfffffffff,1.0394
2024_E_SWND,832b8efffffffff,0.5635
2024_E_SWND,832b99fffffffff,1.1113
2024_E_SWND,832b9bfffffffff,0.8872
2024_E_SWND,832ba8fffffffff,0.2491
2024_E_SWND,832ba9fffffffff,0.3864
2024_E_SWND,832babfffffffff,0.6711
2024_E_SWND,832bacfffffffff,0.4335
2024_E_SWND,832badfffffffff,0.5434
2024_E_SWND,834412fffffffff,0.9153
2024_E_SWND,834413fffffffff,0.4709
2024_E_SWND,834414fffffffff,1.276
2024_E_SWND,834416fffffffff,0.2814
2024_E_SWND,83441afffffffff,1.0455
2024_E_SWND,83441bfffffffff,0.7665
2024_E_SWND,83441efffffffff,0.7764
2024_E_SWND,834440fffffffff,1.344
2024_E_SWND,834441fffffffff,2.5094
2024_E_SWND,834442fffffffff,2.3975
2024_E_SWND,834443fffffffff,2.829
2024_E_SWND,834444fffffffff,0.743
2024_E_SWND,834445fffffffff,0.7127
2024_E_SWND,834446fffffffff,1.1791
2024_E_SWND,834448fffffffff,4.5573
2024_E_SWND,834449fffffffff,3.8707
2024_E_SWND,83444afffffffff,2.7129
2024_E_SWND,83444bfffffffff,3.6274
2024_E_SWND,83444cfffffffff,5.4421
2024_E_SWND,83444dfffffffff,5.7827
2024_E_SWND,83444efffffffff,3.6977
2024_E_SWND,834450fffffffff,1.8777
2024_E_SWND,834451fffffffff,2.76
2024_E_SWND,834452fffffffff,1.9705
2024_E_SWND,834453fffffffff,1.9631
2024_E_SWND,834455fffffffff,1.7037
2024_E_SWND,834456fffffffff,2.7885
2024_E_SWND,834458fffffffff,2.7003
2024_E_SWND,834459fffffffff,1.8701
2024_E_SWND,83445afffffffff,2.1942
2024_E_SWND,83445bfffffffff,1.4963
2024_E_SWND,83445cfffffffff,3.6431
2024_E_SWND,83445dfffffffff,2.9634
2024_E_SWND,83445efffffffff,2.7573
2024_E_SWND,834463fffffffff,0.4377
2024_E_SWND,834468fffffffff,1.7654
2024_E_SWND,834469fffffffff,2.4147
2024_E_SWND,83446afffffffff,2.1713
2024_E_SWND,83446bfffffffff,4.6627
2024_E_SWND,83446cfffffffff,1.3825
2024_E_SWND,83446dfffffffff,1.6219
2024_E_SWND,83446efffffffff,0.7203
2024_E_SWND,834471fffffffff,0.6615
2024_E_SWND,834473fffffffff,0.9093
2024_E_SWND,8344a1fffffffff,1.011
2024_E_SWND,8344a5fffffffff,0.8128
2024_E_SWND,8344a8fffffffff,0.7755
2024_E_SWND,8344a9fffffffff,1.1129
2024_E_SWND,8344abfffffffff,1.5257
2024_E_SWND,8344acfffffffff,0.8172
2024_E_SWND,8344adfffffffff,0.725
2024_E_SWND,8344aefffffffff,0.9265
2024_E_SWND,8344c0fffffffff,1.2477
2024_E_SWND,8344c1fffffffff,1.3475
2024_E_SWND,8344c2fffffffff,2.9621
2024_E_SWND,8344c3fffffffff,2.2956
2024_E_SWND,8344c4fffffffff,1.2178
2024_E_SWND,8344c5fffffffff,1.0531
2024_E_SWND,8344c6fffffffff,1.2954
2024_E_SWND,8344c8fffffffff,4.4754
2024_E_SWND,8344c9fffffffff,5.7382
2024_E_SWND,8344cafffffffff,4.0598
2024_E_SWND,8344cbfffffffff,5.583
2024_E_SWND,8344ccfffffffff,2.8365
2024_E_SWND,8344cdfffffffff,5.4224
2024_E_SWND,8344cefffffffff,2.2579
2024_E_SWND,8344d0fffffffff,2.048
2024_E_SWND,8344d1fffffffff,4.5209
2024_E_SWND,8344d2fffffffff,1.9561
2024_E_SWND,8344d3fffffffff,3.5892
2024_E_SWND,8344d5fffffffff,1.87
2024_E_SWND,8344d8fffffffff,3.2003
2024_E_SWND,8344d9fffffffff,2.9132
2024_E_SWND,8344dafffffffff,2.5779
2024_E_SWND,8344dbfffffffff,2.626
2024_E_SWND,8344dcfffffffff,4.7477
2024_E_SWND,8344ddfffffffff,2.4456
2024_E_SWND,8344defffffffff,5.1939
2024_E_SWND,8344e0fffffffff,1.3317
2024_E_SWND,8344e1fffffffff,1.6995
2024_E_SWND,8344e2fffffffff,1.4334
2024_E_SWND,8344e3fffffffff,1.45
2024_E_SWND,8344e4fffffffff,0.8587
2024_E_SWND,8344e5fffffffff,1.3835
2024_E_SWND,8344e6fffffffff,1.0471
2024_E_SWND,8344e8fffffffff,1.7524
2024_E_SWND,8344e9fffffffff,3.7369
2024_E_SWND,8344eafffffffff,1.6054
2024_E_SWND,8344ebfffffffff,4.2152
2024_E_SWND,8344ecfffffffff,1.4921
2024_E_SWND,8344edfffffffff,1.5995
2024_E_SWND,8344eefffffffff,1.2605
2024_E_SWND,8344f0fffffffff,1.0705
2024_E_SWND,8344f1fffffffff,1.1224
2024_E_SWND,8344f3fffffffff,1.026
2024_E_SWND,8344f4fffffffff,1.1616
2024_E_SWND,8344f5fffffffff,0.9138
2024_E_SWND,8344f6fffffffff,1.2028
2024_E_SWND,834859fffffffff,0.1613
2024_E_SWND,83485afffffffff,0.2948
2024_E_SWND,83485bfffffffff,0.305
2024_E_SWND,834880fffffffff,0.2565
2024_E_SWND,834881fffffffff,0.2324
2024_E_SWND,834882fffffffff,0.6042
2024_E_SWND,834883fffffffff,0.3854
2024_E_SWND,834886fffffffff,0.4555
2024_E_SWND,834888fffffffff,0.4521
2024_E_SWND,834889fffffffff,0.7646
2024_E_SWND,83488afffffffff,0.9088
2024_E_SWND,83488bfffffffff,1.4653
2024_E_SWND,83488cfffffffff,0.2498
2024_E_SWND,83488dfffffffff,0.2504
2024_E_SWND,83488efffffffff,0.2987
2024_E_SWND,834890fffffffff,0.9098
2024_E_SWND,834891fffffffff,0.906
2024_E_SWND,834892fffffffff,0.9405
2024_E_SWND,834893fffffffff,1.032
2024_E_SWND,834895fffffffff,0.8292
2024_E_SWND,834898fffffffff,1.3972
2024_E_SWND,834899fffffffff,1.424
2024_E_SWND,83489afffffffff,1.8495
2024_E_SWND,83489bfffffffff,2.0721
2024_E_SWND,83489cfffffffff,1.0264
2024_E_SWND,83489dfffffffff,0.6046
2024_E_SWND,83489efffffffff,1.4139
2024_E_SWND,8348abfffffffff,0.2013
2024_E_SWND,8348b1fffffffff,0.3598
2024_E_SWND,8348b2fffffffff,0.329
2024_E_SWND,8348b3fffffffff,0.539
2024_E_SWND,8348c0fffffffff,0.189
2024_E_SWND,8348c1fffffffff,0.1253
2024_E_SWND,8348c2fffffffff,0.2486
2024_E_SWND,8348c3fffffffff,0.1083
2024_E_SWND,8348c4fffffffff,0.2186
2024_E_SWND,8348c5fffffffff,0.2345
2024_E_SWND,8348c6fffffffff,0.3774
2024_E_SWND,8348c8fffffffff,0.0503
2024_E_SWND,8348c9fffffffff,0.045
2024_E_SWND,8348cafffffffff,0.0409
2024_E_SWND,8348cbfffffffff,0.0214
2024_E_SWND,8348ccfffffffff,0.199
2024_E_SWND,8348cdfffffffff,0.433
2024_E_SWND,8348cefffffffff,0.041
2024_E_SWND,8348d0fffffffff,0.7233
2024_E_SWND,8348d1fffffffff,0.287
2024_E_SWND,8348d2fffffffff,1.7102
2024_E_SWND,8348d3fffffffff,0.8333
2024_E_SWND,8348d4fffffffff,0.5126
2024_E_SWND,8348d5fffffffff,0.4201
2024_E_SWND,8348d6fffffffff,1.3449
2024_E_SWND,8348d8fffffffff,0.2842
2024_E_SWND,8348d9fffffffff,0.0973
2024_E_SWND,8348dafffffffff,0.2227
2024_E_SWND,8348dbfffffffff,0.082
2024_E_SWND,8348dcfffffffff,0.2404
2024_E_SWND,8348ddfffffffff,0.1718
2024_E_SWND,8348defffffffff,0.3137
2024_E_SWND,8348e3fffffffff,0.2167
2024_E_SWND,8348e8fffffffff,1.1688
2024_E_SWND,8348e9fffffffff,1.2496
2024_E_SWND,8348eafffffffff,0.6833
2024_E_SWND,8348ebfffffffff,1.4659
2024_E_SWND,8348ecfffffffff,0.9059
2024_E_SWND,8348edfffffffff,0.5892
2024_E_SWND,8348eefffffffff,0.732
2024_E_SWND,8348f2fffffffff,0.2597
2024_E_SWND,8348f3fffffffff,0.2572
2024_E_SWND,8348f6fffffffff,0.1482
2024_E_TOTCR,8312c9fffffffff,10.0
2024_E_TOTCR,8312cafffffffff,19.8
2024_E_TOTCR,8312cbfffffffff,13.71
2024_E_TOTCR,8312d8fffffffff,20.0
2024_E_TOTCR,8312d9fffffffff,20.0
2024_E_TOTCR,8312dafffffffff,17.71
2024_E_TOTCR,8312dbfffffffff,20.5
2024_E_TOTCR,8312ddfffffffff,20.0
2024_E_TOTCR,8312defffffffff,18.2
2024_E_TOTCR,832600fffffffff,12.07
2024_E_TOTCR,832601fffffffff,14.83
2024_E_TOTCR,832602fffffffff,10.0
2024_E_TOTCR,832603fffffffff,13.37
2024_E_TOTCR,832604fffffffff,10.07
2024_E_TOTCR,832605fffffffff,10.88
2024_E_TOTCR,832606fffffffff,10.04
2024_E_TOTCR,832608fffffffff,20.06
2024_E_TOTCR,832609fffffffff,20.0
2024_E_TOTCR,83260afffffffff,20.0
2024_E_TOTCR,83260bfffffffff,20.0
2024_E_TOTCR,83260cfffffffff,14.07
2024_E_TOTCR,83260dfffffffff,20.54
2024_E_TOTCR,83260efffffffff,19.92
2024_E_TOTCR,832610fffffffff,10.0
2024_E_TOTCR,832611fffffffff,10.0
2024_E_TOTCR,832612fffffffff,10.0
2024_E_TOTCR,832613fffffffff,10.0
2024_E_TOTCR,832614fffffffff,10.09
2024_E_TOTCR,832615fffffffff,10.0
2024_E_TOTCR,832616fffffffff,14.39
2024_E_TOTCR,832618fffffffff,14.38
2024_E_TOTCR,832619fffffffff,19.92
2024_E_TOTCR,83261afffffffff,10.02
2024_E_TOTCR,83261bfffffffff,11.96
2024_E_TOTCR,83261cfffffffff,10.0
2024_E_TOTCR,83261dfffffffff,18.44
2024_E_TOTCR,83261efffffffff,10.02
2024_E_TOTCR,832620fffffffff,13.44
2024_E_TOTCR,832621fffffffff,19.13
2024_E_TOTCR,832622fffffffff,10.0
2024_E_TOTCR,832623fffffffff,11.8
2024_E_TOTCR,832624fffffffff,15.17
2024_E_TOTCR,832625fffffffff,18.54
2024_E_TOTCR,832626fffffffff,12.63
2024_E_TOTCR,832628fffffffff,13.03
2024_E_TOTCR,832629fffffffff,17.12
2024_E_TOTCR,83262afffffffff,10.16
2024_E_TOTCR,83262bfffffffff,17.09
2024_E_TOTCR,83262cfffffffff,20.2
2024_E_TOTCR,83262dfffffffff,16.86
2024_E_TOTCR,83262efffffffff,15.07
2024_E_TOTCR,832630fffffffff,10.0
2024_E_TOTCR,832631fffffffff,10.18
2024_E_TOTCR,832632fffffffff,10.0
2024_E_TOTCR,832633fffffffff,10.0
2024_E_TOTCR,832634fffffffff,10.0
2024_E_TOTCR,832635fffffffff,10.0
2024_E_TOTCR,832636fffffffff,12.75
2024_E_TOTCR,832640fffffffff,21.58
2024_E_TOTCR,832641fffffffff,20.51
2024_E_TOTCR,832642fffffffff,21.35
2024_E_TOTCR,832643fffffffff,23.83
2024_E_TOTCR,832644fffffffff,20.08
2024_E_TOTCR,832645fffffffff,20.0
2024_E_TOTCR,832646fffffffff,22.02
2024_E_TOTCR,832648fffffffff,28.99
2024_E_TOTCR,832649fffffffff,30.24
2024_E_TOTCR,83264afffffffff,26.02
2024_E_TOTCR,83264bfffffffff,30.49
2024_E_TOTCR,83264cfffffffff,23.72
2024_E_TOTCR,83264dfffffffff,29.84
2024_E_TOTCR,83264efffffffff,20.12
2024_E_TOTCR,832650fffffffff,20.0
2024_E_TOTCR,832651fffffffff,20.02
2024_E_TOTCR,832652fffffffff,20.0
2024_E_TOTCR,832653fffffffff,21.01
2024_E_TOTCR,832654fffffffff,21.08
2024_E_TOTCR,832655fffffffff,20.24
2024_E_TOTCR,832656fffffffff,20.73
2024_E_TOTCR,832658fffffffff,28.5
2024_E_TOTCR,832659fffffffff,23.92
2024_E_TOTCR,83265afffffffff,28.86
2024_E_TOTCR,83265bfffffffff,30.05
2024_E_TOTCR,83265cfffffffff,22.5
2024_E_TOTCR,83265dfffffffff,21.55
2024_E_TOTCR,83265efffffffff,26.4
2024_E_TOTCR,832660fffffffff,20.0
2024_E_TOTCR,832661fffffffff,20.32
2024_E_TOTCR,832662fffffffff,20.16
2024_E_TOTCR,832663fffffffff,20.04
2024_E_TOTCR,832664fffffffff,21.56
2024_E_TOTCR,832665fffffffff,20.0
2024_E_TOTCR,832666fffffffff,20.02
2024_E_TOTCR,832668fffffffff,24.98
2024_E_TOTCR,832669fffffffff,20.9
2024_E_TOTCR,83266afffffffff,22.09
2024_E_TOTCR,83266bfffffffff,22.87
2024_E_TOTCR,83266cfffffffff,20.04
2024_E_TOTCR,83266dfffffffff,21.19
2024_E_TOTCR,83266efffffffff,20.34
2024_E_TOTCR,832670fffffffff,20.0
2024_E_TOTCR,832671fffffffff,20.0
2024_E_TOTCR,832672fffffffff,20.0
2024_E_TOTCR,832673fffffffff,20.0
2024_E_TOTCR,832674fffffffff,20.06
2024_E_TOTCR,832675fffffffff,20.0
2024_E_TOTCR,832676fffffffff,20.0
2024_E_TOTCR,832680fffffffff,9.91
2024_E_TOTCR,832681fffffffff,10.86
2024_E_TOTCR,832682fffffffff,12.46
2024_E_TOTCR,832683fffffffff,10.51
2024_E_TOTCR,832684fffffffff,10.0
2024_E_TOTCR,832685fffffffff,10.36
2024_E_TOTCR,832686fffffffff,10.0
2024_E_TOTCR,832688fffffffff,12.97
2024_E_TOTCR,832689fffffffff,10.08
2024_E_TOTCR,83268afffffffff,9.58
2024_E_TOTCR,83268bfffffffff,9.84
2024_E_TOTCR,83268cfffffffff,12.98
2024_E_TOTCR,83268dfffffffff,10.22
2024_E_TOTCR,83268efffffffff,8.96
2024_E_TOTCR,832690fffffffff,10.07
2024_E_TOTCR,832691fffffffff,14.91
2024_E_TOTCR,832692fffffffff,10.0
2024_E_TOTCR,832693fffffffff,10.0
2024_E_TOTCR,832694fffffffff,10.0
2024_E_TOTCR,832695fffffffff,11.27
2024_E_TOTCR,832696fffffffff,13.56
2024_E_TOTCR,832698fffffffff,9.8
2024_E_TOTCR,832699fffffffff,11.32
2024_E_TOTCR,83269afffffffff,10.0
2024_E_TOTCR,83269bfffffffff,14.34
2024_E_TOTCR,83269cfffffffff,12.27
2024_E_TOTCR,83269dfffffffff,9.18
2024_E_TOTCR,83269efffffffff,10.0
2024_E_TOTCR,8326a0fffffffff,10.0
2024_E_TOTCR,8326a1fffffffff,10.0
2024_E_TOTCR,8326a2fffffffff,10.0
2024_E_TOTCR,8326a3fffffffff,9.54
2024_E_TOTCR,8326a4fffffffff,10.0
2024_E_TOTCR,8326a5fffffffff,10.97
2024_E_TOTCR,8326a6fffffffff,10.0
2024_E_TOTCR,8326a8fffffffff,10.0
2024_E_TOTCR,8326a9fffffffff,10.0
2024_E_TOTCR,8326aafffffffff,17.04
2024_E_TOTCR,8326abfffffffff,10.61
2024_E_TOTCR,8326acfffffffff,10.01
2024_E_TOTCR,8326adfffffffff,10.0
2024_E_TOTCR,8326aefffffffff,10.02
2024_E_TOTCR,8326b0fffffffff,9.91
2024_E_TOTCR,8326b1fffffffff,10.0
2024_E_TOTCR,8326b2fffffffff,9.98
2024_E_TOTCR,8326b3fffffffff,12.38
2024_E_TOTCR,8326b4fffffffff,9.54
2024_E_TOTCR,8326b5fffffffff,10.0
2024_E_TOTCR,8326b6fffffffff,9.99
2024_E_TOTCR,8326c0fffffffff,20.0
2024_E_TOTCR,8326c1fffffffff,21.07
2024_E_TOTCR,8326c2fffffffff,20.0
2024_E_TOTCR,8326c3fffffffff,20.0
2024_E_TOTCR,8326c4fffffffff,20.0
2024_E_TOTCR,8326c5fffffffff,20.02
2024_E_TOTCR,8326c6fffffffff,20.0
2024_E_TOTCR,8326c8fffffffff,23.05
2024_E_TOTCR,8326c9fffffffff,28.47
2024_E_TOTCR,8326cafffffffff,21.15
2024_E_TOTCR,8326cbfffffffff,22.79
2024_E_TOTCR,8326ccfffffffff,20.36
2024_E_TOTCR,8326cdfffffffff,25.12
2024_E_TOTCR,8326cefffffffff,20.49
2024_E_TOTCR,8326d0fffffffff,10.89
2024_E_TOTCR,8326d1fffffffff,17.09
2024_E_TOTCR,8326d2fffffffff,10.0
2024_E_TOTCR,8326d3fffffffff,11.16
2024_E_TOTCR,8326d4fffffffff,10.23
2024_E_TOTCR,8326d5fffffffff,17.29
2024_E_TOTCR,8326d6fffffffff,10.0
2024_E_TOTCR,8326d8fffffffff,20.0
2024_E_TOTCR,8326d9fffffffff,19.99
2024_E_TOTCR,8326dafffffffff,20.0
2024_E_TOTCR,8326dbfffffffff,20.66
2024_E_TOTCR,8326dcfffffffff,20.0
2024_E_TOTCR,8326ddfffffffff,20.01
2024_E_TOTCR,8326defffffffff,19.99
2024_E_TOTCR,8326e0fffffffff,20.0
2024_E_TOTCR,8326e1fffffffff,20.0
2024_E_TOTCR,8326e2fffffffff,20.0
2024_E_TOTCR,8326e3fffffffff,20.76
2024_E_TOTCR,8326e4fffffffff,20.0
2024_E_TOTCR,8326e5fffffffff,20.0
2024_E_TOTCR,8326e6fffffffff,20.0
2024_E_TOTCR,8326e8fffffffff,23.84
2024_E_TOTCR,8326e9fffffffff,29.97
2024_E_TOTCR,8326eafffffffff,20.52
2024_E_TOTCR,8326ebfffffffff,29.09
2024_E_TOTCR,8326ecfffffffff,20.25
2024_E_TOTCR,8326edfffffffff,21.96
2024_E_TOTCR,8326eefffffffff,21.24
2024_E_TOTCR,8326f0fffffffff,12.07
2024_E_TOTCR,8326f1fffffffff,17.45
2024_E_TOTCR,8326f2fffffffff,10.0
2024_E_TOTCR,8326f3fffffffff,18.18
2024_E_TOTCR,8326f4fffffffff,10.0
2024_E_TOTCR,8326f5fffffffff,14.59
2024_E_TOTCR,8326f6fffffffff,10.0
2024_E_TOTCR,832708fffffffff,11.5
2024_E_TOTCR,832709fffffffff,19.46
2024_E_TOTCR,83270afffffffff,14.58
2024_E_TOTCR,83270bfffffffff,14.61
2024_E_TOTCR,83270dfffffffff,19.54
2024_E_TOTCR,83270efffffffff,10.0
2024_E_TOTCR,832718fffffffff,10.08
2024_E_TOTCR,832719fffffffff,11.04
2024_E_TOTCR,83271afffffffff,10.0
2024_E_TOTCR,83271bfffffffff,10.0
2024_E_TOTCR,83271cfffffffff,10.0
2024_E_TOTCR,83271dfffffffff,11.67
2024_E_TOTCR,83271efffffffff,10.0
2024_E_TOTCR,832740fffffffff,11.04
2024_E_TOTCR,832741fffffffff,10.76
2024_E_TOTCR,832742fffffffff,11.34
2024_E_TOTCR,832743fffffffff,14.06
2024_E_TOTCR,832744fffffffff,10.0
2024_E_TOTCR,832745fffffffff,10.0
2024_E_TOTCR,832746fffffffff,10.0
2024_E_TOTCR,832748fffffffff,20.18
2024_E_TOTCR,832749fffffffff,20.0
2024_E_TOTCR,83274bfffffffff,20.0
2024_E_TOTCR,83274cfffffffff,12.41
2024_E_TOTCR,83274dfffffffff,18.11
2024_E_TOTCR,83274efffffffff,14.71
2024_E_TOTCR,832750fffffffff,11.81
2024_E_TOTCR,832751fffffffff,13.4
2024_E_TOTCR,832752fffffffff,20.22
2024_E_TOTCR,832753fffffffff,19.77
2024_E_TOTCR,832754fffffffff,10.18
2024_E_TOTCR,832755fffffffff,10.25
2024_E_TOTCR,832756fffffffff,14.94
2024_E_TOTCR,832758fffffffff,20.0
2024_E_TOTCR,832759fffffffff,20.75
2024_E_TOTCR,83275afffffffff,19.52
2024_E_TOTCR,83275bfffffffff,20.03
2024_E_TOTCR,83275cfffffffff,19.12
2024_E_TOTCR,83275dfffffffff,18.92
2024_E_TOTCR,83275efffffffff,19.43
2024_E_TOTCR,832763fffffffff,10.0
2024_E_TOTCR,832768fffffffff,10.0
2024_E_TOTCR,83276afffffffff,10.04
2024_E_TOTCR,83276bfffffffff,10.93
2024_E_TOTCR,83276efffffffff,10.0
2024_E_TOTCR,832770fffffffff,0.59
2024_E_TOTCR,832771fffffffff,10.0
2024_E_TOTCR,832772fffffffff,13.08
2024_E_TOTCR,832773fffffffff,10.0
2024_E_TOTCR,832780fffffffff,10.0
2024_E_TOTCR,832781fffffffff,10.0
2024_E_TOTCR,832782fffffffff,10.0
2024_E_TOTCR,832783fffffffff,10.0
2024_E_TOTCR,832784fffffffff,10.0
2024_E_TOTCR,832785fffffffff,11.12
2024_E_TOTCR,832786fffffffff,10.0
2024_E_TOTCR,832788fffffffff,10.0
2024_E_TOTCR,832789fffffffff,10.0
2024_E_TOTCR,83278afffffffff,10.0
2024_E_TOTCR,83278bfffffffff,10.32
2024_E_TOTCR,83278cfffffffff,10.0
2024_E_TOTCR,83278dfffffffff,10.0
2024_E_TOTCR,83278efffffffff,10.0
2024_E_TOTCR,832790fffffffff,10.43
2024_E_TOTCR,832791fffffffff,10.0
2024_E_TOTCR,832792fffffffff,11.0
2024_E_TOTCR,832793fffffffff,10.0
2024_E_TOTCR,832794fffffffff,10.0
2024_E_TOTCR,832795fffffffff,10.0
2024_E_TOTCR,832796fffffffff,10.64
2024_E_TOTCR,832798fffffffff,11.21
2024_E_TOTCR,832799fffffffff,10.0
2024_E_TOTCR,83279afffffffff,10.0
2024_E_TOTCR,83279bfffffffff,10.0
2024_E_TOTCR,83279cfffffffff,10.0
2024_E_TOTCR,83279dfffffffff,10.0
2024_E_TOTCR,83279efffffffff,11.32
2024_E_TOTCR,8327a3fffffffff,10.0
2024_E_TOTCR,8327a8fffffffff,20.76
2024_E_TOTCR,8327a9fffffffff,13.03
2024_E_TOTCR,8327aafffffffff,19.51
2024_E_TOTCR,8327abfffffffff,13.84
2024_E_TOTCR,8327acfffffffff,19.75
2024_E_TOTCR,8327adfffffffff,11.43
2024_E_TOTCR,8327aefffffffff,18.12
2024_E_TOTCR,8327b3fffffffff,10.0
2024_E_TOTCR,832800fffffffff,12.58
2024_E_TOTCR,832802fffffffff,19.76
2024_E_TOTCR,832806fffffffff,19.71
2024_E_TOTCR,832810fffffffff,17.79
2024_E_TOTCR,832811fffffffff,19.25
2024_E_TOTCR,832812fffffffff,14.93
2024_E_TOTCR,832813fffffffff,11.44
2024_E_TOTCR,832814fffffffff,21.58
2024_E_TOTCR,832815fffffffff,27.29
2024_E_TOTCR,832816fffffffff,16.8
2024_E_TOTCR,832818fffffffff,20.31
2024_E_TOTCR,83281afffffffff,20.38
2024_E_TOTCR,83281bfffffffff,20.56
2024_E_TOTCR,83281cfffffffff,20.03
2024_E_TOTCR,83281efffffffff,20.32
2024_E_TOTCR,832830fffffffff,20.39
2024_E_TOTCR,832831fffffffff,18.68
2024_E_TOTCR,832832fffffffff,26.4
2024_E_TOTCR,832833fffffffff,23.11
2024_E_TOTCR,832834fffffffff,20.01
2024_E_TOTCR,832835fffffffff,9.79
2024_E_TOTCR,832836fffffffff,23.92
2024_E_TOTCR,832880fffffffff,11.9
2024_E_TOTCR,832881fffffffff,10.26
2024_E_TOTCR,832882fffffffff,11.06
2024_E_TOTCR,832883fffffffff,13.92
2024_E_TOTCR,832884fffffffff,13.75
2024_E_TOTCR,832885fffffffff,11.76
2024_E_TOTCR,832886fffffffff,9.97
2024_E_TOTCR,832888fffffffff,19.22
2024_E_TOTCR,832889fffffffff,19.62
2024_E_TOTCR,83288afffffffff,19.79
2024_E_TOTCR,83288bfffffffff,18.91
2024_E_TOTCR,83288cfffffffff,11.86
2024_E_TOTCR,83288dfffffffff,15.56
2024_E_TOTCR,83288efffffffff,15.36
2024_E_TOTCR,832890fffffffff,10.0
2024_E_TOTCR,832891fffffffff,10.0
2024_E_TOTCR,832892fffffffff,10.12
2024_E_TOTCR,832893fffffffff,10.08
2024_E_TOTCR,832894fffffffff,10.13
2024_E_TOTCR,832895fffffffff,10.0
2024_E_TOTCR,832896fffffffff,10.0
2024_E_TOTCR,832898fffffffff,19.36
2024_E_TOTCR,832899fffffffff,20.0
2024_E_TOTCR,83289afffffffff,12.97
2024_E_TOTCR,83289bfffffffff,19.87
2024_E_TOTCR,83289cfffffffff,16.42
2024_E_TOTCR,83289dfffffffff,19.55
2024_E_TOTCR,83289efffffffff,10.65
2024_E_TOTCR,8328a0fffffffff,9.94
2024_E_TOTCR,8328a1fffffffff,10.0
2024_E_TOTCR,8328a2fffffffff,10.0
2024_E_TOTCR,8328a3fffffffff,10.0
2024_E_TOTCR,8328a4fffffffff,9.98
2024_E_TOTCR,8328a5fffffffff,10.12
2024_E_TOTCR,8328a6fffffffff,9.9
2024_E_TOTCR,8328a8fffffffff,11.08
2024_E_TOTCR,8328a9fffffffff,17.95
2024_E_TOTCR,8328aafffffffff,10.0
2024_E_TOTCR,8328abfffffffff,10.44
2024_E_TOTCR,8328acfffffffff,10.0
2024_E_TOTCR,8328adfffffffff,14.39
2024_E_TOTCR,8328aefffffffff,10.0
2024_E_TOTCR,8328b0fffffffff,10.0
2024_E_TOTCR,8328b1fffffffff,10.25
2024_E_TOTCR,8328b2fffffffff,10.0
2024_E_TOTCR,8328b3fffffffff,10.0
2024_E_TOTCR,8328b4fffffffff,10.0
2024_E_TOTCR,8328b5fffffffff,10.0
2024_E_TOTCR,8328b6fffffffff,10.17
2024_E_TOTCR,8328c2fffffffff,19.93
2024_E_TOTCR,8328c6fffffffff,19.87
2024_E_TOTCR,8328d0fffffffff,20.12
2024_E_TOTCR,8328d1fffffffff,21.13
2024_E_TOTCR,8328d2fffffffff,13.16
2024_E_TOTCR,8328d3fffffffff,19.77
2024_E_TOTCR,8328d4fffffffff,20.31
2024_E_TOTCR,8328d5fffffffff,23.92
2024_E_TOTCR,8328d6fffffffff,15.26
2024_E_TOTCR,8328defffffffff,20.64
2024_E_TOTCR,8328f0fffffffff,24.3
2024_E_TOTCR,8328f1fffffffff,17.66
2024_E_TOTCR,8328f2fffffffff,20.0
2024_E_TOTCR,8328f3fffffffff,20.65
2024_E_TOTCR,8328f4fffffffff,21.13
2024_E_TOTCR,8328f5fffffffff,20.01
2024_E_TOTCR,8328f6fffffffff,18.48
2024_E_TOTCR,832912fffffffff,17.32
2024_E_TOTCR,832913fffffffff,14.35
2024_E_TOTCR,832916fffffffff,9.0
2024_E_TOTCR,83291afffffffff,16.67
2024_E_TOTCR,832980fffffffff,8.61
2024_E_TOTCR,832981fffffffff,7.84
2024_E_TOTCR,832982fffffffff,10.05
2024_E_TOTCR,832983fffffffff,7.67
2024_E_TOTCR,832984fffffffff,19.62
2024_E_TOTCR,832985fffffffff,19.27
2024_E_TOTCR,832986fffffffff,19.19
2024_E_TOTCR,832988fffffffff,10.01
2024_E_TOTCR,832989fffffffff,16.18
2024_E_TOTCR,83298afffffffff,9.98
2024_E_TOTCR,83298bfffffffff,11.57
2024_E_TOTCR,83298cfffffffff,10.52
2024_E_TOTCR,83298dfffffffff,15.81
2024_E_TOTCR,83298efffffffff,9.81
2024_E_TOTCR,832990fffffffff,10.0
2024_E_TOTCR,832991fffffffff,10.0
2024_E_TOTCR,832992fffffffff,10.0
2024_E_TOTCR,832993fffffffff,10.0
2024_E_TOTCR,832994fffffffff,10.0
2024_E_TOTCR,832995fffffffff,11.15
2024_E_TOTCR,832996fffffffff,10.0
2024_E_TOTCR,832998fffffffff,8.06
2024_E_TOTCR,832999fffffffff,9.16
2024_E_TOTCR,83299afffffffff,9.94
2024_E_TOTCR,83299bfffffffff,9.51
2024_E_TOTCR,83299cfffffffff,9.43
2024_E_TOTCR,83299dfffffffff,9.36
2024_E_TOTCR,83299efffffffff,9.82
2024_E_TOTCR,8329a0fffffffff,22.75
2024_E_TOTCR,8329a1fffffffff,22.68
2024_E_TOTCR,8329a2fffffffff,18.85
2024_E_TOTCR,8329a3fffffffff,19.94
2024_E_TOTCR,8329a4fffffffff,22.06
2024_E_TOTCR,8329a5fffffffff,22.69
2024_E_TOTCR,8329a6fffffffff,19.94
2024_E_TOTCR,8329a8fffffffff,23.55
2024_E_TOTCR,8329a9fffffffff,20.51
2024_E_TOTCR,8329aafffffffff,16.73
2024_E_TOTCR,8329abfffffffff,21.85
2024_E_TOTCR,8329acfffffffff,20.2
2024_E_TOTCR,8329adfffffffff,18.64
2024_E_TOTCR,8329aefffffffff,20.24
2024_E_TOTCR,8329b0fffffffff,15.76
2024_E_TOTCR,8329b1fffffffff,18.34
2024_E_TOTCR,8329b2fffffffff,10.14
2024_E_TOTCR,8329b3fffffffff,10.03
2024_E_TOTCR,8329b4fffffffff,20.0
2024_E_TOTCR,8329b5fffffffff,20.0
2024_E_TOTCR,8329b6fffffffff,19.51
2024_E_TOTCR,832a06fffffffff,17.55
2024_E_TOTCR,832a10fffffffff,24.24
2024_E_TOTCR,832a12fffffffff,21.13
2024_E_TOTCR,832a13fffffffff,22.98
2024_E_TOTCR,832a14fffffffff,20.07
2024_E_TOTCR,832a15fffffffff,19.75
2024_E_TOTCR,832a16fffffffff,17.55
2024_E_TOTCR,832a30fffffffff,20.18
2024_E_TOTCR,832a31fffffffff,16.83
2024_E_TOTCR,832a32fffffffff,18.87
2024_E_TOTCR,832a33fffffffff,20.15
2024_E_TOTCR,832a34fffffffff,19.53
2024_E_TOTCR,832a36fffffffff,18.85
2024_E_TOTCR,832a80fffffffff,28.33
2024_E_TOTCR,832a81fffffffff,20.0
2024_E_TOTCR,832a82fffffffff,23.34
2024_E_TOTCR,832a83fffffffff,23.1
2024_E_TOTCR,832a84fffffffff,26.06
2024_E_TOTCR,832a85fffffffff,20.02
2024_E_TOTCR,832a86fffffffff,22.22
2024_E_TOTCR,832a88fffffffff,28.24
2024_E_TOTCR,832a89fffffffff,28.95
2024_E_TOTCR,832a8afffffffff,20.71
2024_E_TOTCR,832a8bfffffffff,30.13
2024_E_TOTCR,832a8cfffffffff,25.52
2024_E_TOTCR,832a8dfffffffff,31.96
2024_E_TOTCR,832a8efffffffff,20.04
2024_E_TOTCR,832a90fffffffff,20.14
2024_E_TOTCR,832a91fffffffff,20.19
2024_E_TOTCR,832a92fffffffff,20.0
2024_E_TOTCR,832a93fffffffff,22.11
2024_E_TOTCR,832a94fffffffff,20.01
2024_E_TOTCR,832a95fffffffff,20.04
2024_E_TOTCR,832a96fffffffff,20.0
2024_E_TOTCR,832a98fffffffff,24.66
2024_E_TOTCR,832a99fffffffff,20.04
2024_E_TOTCR,832a9afffffffff,21.93
2024_E_TOTCR,832a9bfffffffff,23.81
2024_E_TOTCR,832a9cfffffffff,29.93
2024_E_TOTCR,832a9dfffffffff,20.79
2024_E_TOTCR,832a9efffffffff,21.01
2024_E_TOTCR,832aa0fffffffff,18.47
2024_E_TOTCR,832aa1fffffffff,20.44
2024_E_TOTCR,832aa2fffffffff,19.98
2024_E_TOTCR,832aa3fffffffff,20.0
2024_E_TOTCR,832aa4fffffffff,18.39
2024_E_TOTCR,832aa5fffffffff,21.08
2024_E_TOTCR,832aa6fffffffff,14.19
2024_E_TOTCR,832aa8fffffffff,27.19
2024_E_TOTCR,832aa9fffffffff,20.77
2024_E_TOTCR,832aaafffffffff,24.28
2024_E_TOTCR,832aabfffffffff,30.73
2024_E_TOTCR,832aacfffffffff,23.15
2024_E_TOTCR,832aadfffffffff,20.0
2024_E_TOTCR,832aaefffffffff,21.82
2024_E_TOTCR,832ab1fffffffff,20.03
2024_E_TOTCR,832ab2fffffffff,20.63
2024_E_TOTCR,832ab3fffffffff,20.14
2024_E_TOTCR,832ab5fffffffff,20.34
2024_E_TOTCR,832ab6fffffffff,15.35
2024_E_TOTCR,832ad0fffffffff,21.55
2024_E_TOTCR,832ad2fffffffff,27.89
2024_E_TOTCR,832ad3fffffffff,21.32
2024_E_TOTCR,832ad4fffffffff,20.32
2024_E_TOTCR,832ad5fffffffff,19.8
2024_E_TOTCR,832ad6fffffffff,27.9
2024_E_TOTCR,832af0fffffffff,20.13
2024_E_TOTCR,832af2fffffffff,21.41
2024_E_TOTCR,832af3fffffffff,19.9
2024_E_TOTCR,832af6fffffffff,26.49
2024_E_TOTCR,832b10fffffffff,10.0
2024_E_TOTCR,832b11fffffffff,10.0
2024_E_TOTCR,832b12fffffffff,10.0
2024_E_TOTCR,832b13fffffffff,10.0
2024_E_TOTCR,832b18fffffffff,10.66
2024_E_TOTCR,832b1afffffffff,13.96
2024_E_TOTCR,832b1bfffffffff,10.0
2024_E_TOTCR,832b1efffffffff,10.09
2024_E_TOTCR,832b81fffffffff,20.0
2024_E_TOTCR,832b88fffffffff,10.3
2024_E_TOTCR,832b89fffffffff,18.02
2024_E_TOTCR,832b8afffffffff,15.77
2024_E_TOTCR,832b8bfffffffff,14.73
2024_E_TOTCR,832b8cfffffffff,14.35
2024_E_TOTCR,832b8dfffffffff,17.31
2024_E_TOTCR,832b8efffffffff,13.81
2024_E_TOTCR,832b99fffffffff,19.97
2024_E_TOTCR,832b9bfffffffff,20.06
2024_E_TOTCR,832ba8fffffffff,10.0
2024_E_TOTCR,832ba9fffffffff,11.75
2024_E_TOTCR,832babfffffffff,16.45
2024_E_TOTCR,832bacfffffffff,10.0
2024_E_TOTCR,832badfffffffff,10.0
2024_E_TOTCR,834412fffffffff,20.13
2024_E_TOTCR,834413fffffffff,21.87
2024_E_TOTCR,834414fffffffff,10.0
2024_E_TOTCR,834416fffffffff,10.0
2024_E_TOTCR,83441afffffffff,27.74
2024_E_TOTCR,83441bfffffffff,20.0
2024_E_TOTCR,83441efffffffff,20.23
2024_E_TOTCR,834440fffffffff,34.53
2024_E_TOTCR,834441fffffffff,30.0
2024_E_TOTCR,834442fffffffff,30.71
2024_E_TOTCR,834443fffffffff,30.09
2024_E_TOTCR,834444fffffffff,29.19
2024_E_TOTCR,834445fffffffff,26.63
2024_E_TOTCR,834446fffffffff,34.97
2024_E_TOTCR,834448fffffffff,33.78
2024_E_TOTCR,834449fffffffff,30.0
2024_E_TOTCR,83444afffffffff,30.16
2024_E_TOTCR,83444bfffffffff,30.29
2024_E_TOTCR,83444cfffffffff,34.39
2024_E_TOTCR,83444dfffffffff,33.02
2024_E_TOTCR,83444efffffffff,33.35
2024_E_TOTCR,834450fffffffff,29.59
2024_E_TOTCR,834451fffffffff,30.02
2024_E_TOTCR,834452fffffffff,30.94
2024_E_TOTCR,834453fffffffff,31.97
2024_E_TOTCR,834455fffffffff,28.42
2024_E_TOTCR,834456fffffffff,24.94
2024_E_TOTCR,834458fffffffff,30.0
2024_E_TOTCR,834459fffffffff,28.76
2024_E_TOTCR,83445afffffffff,30.36
2024_E_TOTCR,83445bfffffffff,30.23
2024_E_TOTCR,83445cfffffffff,30.19
2024_E_TOTCR,83445dfffffffff,30.26
2024_E_TOTCR,83445efffffffff,30.61
2024_E_TOTCR,834463fffffffff,20.0
2024_E_TOTCR,834468fffffffff,30.45
2024_E_TOTCR,834469fffffffff,25.71
2024_E_TOTCR,83446afffffffff,30.0
2024_E_TOTCR,83446bfffffffff,33.46
2024_E_TOTCR,83446cfffffffff,31.03
2024_E_TOTCR,83446dfffffffff,23.73
2024_E_TOTCR,83446efffffffff,32.6
2024_E_TOTCR,834471fffffffff,22.32
2024_E_TOTCR,834473fffffffff,20.0
2024_E_TOTCR,8344a1fffffffff,22.01
2024_E_TOTCR,8344a5fffffffff,18.6
2024_E_TOTCR,8344a8fffffffff,19.98
2024_E_TOTCR,8344a9fffffffff,25.96
2024_E_TOTCR,8344abfffffffff,17.99
2024_E_TOTCR,8344acfffffffff,19.45
2024_E_TOTCR,8344adfffffffff,20.43
2024_E_TOTCR,8344aefffffffff,19.88
2024_E_TOTCR,8344c0fffffffff,33.28
2024_E_TOTCR,8344c1fffffffff,41.12
2024_E_TOTCR,8344c2fffffffff,30.2
2024_E_TOTCR,8344c3fffffffff,31.89
2024_E_TOTCR,8344c4fffffffff,30.04
2024_E_TOTCR,8344c5fffffffff,31.91
2024_E_TOTCR,8344c6fffffffff,29.7
2024_E_TOTCR,8344c8fffffffff,28.96
2024_E_TOTCR,8344c9fffffffff,22.15
2024_E_TOTCR,8344cafffffffff,24.46
2024_E_TOTCR,8344cbfffffffff,28.25
2024_E_TOTCR,8344ccfffffffff,31.07
2024_E_TOTCR,8344cdfffffffff,28.68
2024_E_TOTCR,8344cefffffffff,26.39
2024_E_TOTCR,8344d0fffffffff,28.33
2024_E_TOTCR,8344d1fffffffff,30.0
2024_E_TOTCR,8344d2fffffffff,23.02
2024_E_TOTCR,8344d3fffffffff,29.19
2024_E_TOTCR,8344d5fffffffff,29.64
2024_E_TOTCR,8344d8fffffffff,30.6
2024_E_TOTCR,8344d9fffffffff,21.8
2024_E_TOTCR,8344dafffffffff,30.01
2024_E_TOTCR,8344dbfffffffff,25.5
2024_E_TOTCR,8344dcfffffffff,30.36
2024_E_TOTCR,8344ddfffffffff,27.48
2024_E_TOTCR,8344defffffffff,30.12
2024_E_TOTCR,8344e0fffffffff,29.8
2024_E_TOTCR,8344e1fffffffff,30.0
2024_E_TOTCR,8344e2fffffffff,30.0
2024_E_TOTCR,8344e3fffffffff,30.0
2024_E_TOTCR,8344e4fffffffff,21.44
2024_E_TOTCR,8344e5fffffffff,28.84
2024_E_TOTCR,8344e6fffffffff,27.78
2024_E_TOTCR,8344e8fffffffff,34.26
2024_E_TOTCR,8344e9fffffffff,32.89
2024_E_TOTCR,8344eafffffffff,30.68
2024_E_TOTCR,8344ebfffffffff,30.09
2024_E_TOTCR,8344ecfffffffff,30.64
2024_E_TOTCR,8344edfffffffff,35.64
2024_E_TOTCR,8344eefffffffff,32.11
2024_E_TOTCR,8344f0fffffffff,28.19
2024_E_TOTCR,8344f1fffffffff,30.0
2024_E_TOTCR,8344f3fffffffff,28.7
2024_E_TOTCR,8344f4fffffffff,26.19
2024_E_TOTCR,8344f5fffffffff,26.02
2024_E_TOTCR,8344f6fffffffff,22.1
2024_E_TOTCR,834859fffffffff,20.0
2024_E_TOTCR,83485afffffffff,14.62
2024_E_TOTCR,83485bfffffffff,20.3
2024_E_TOTCR,834880fffffffff,31.25
2024_E_TOTCR,834881fffffffff,20.38
2024_E_TOTCR,834882fffffffff,21.28
2024_E_TOTCR,834883fffffffff,20.0
2024_E_TOTCR,834886fffffffff,21.27
2024_E_TOTCR,834888fffffffff,20.0
2024_E_TOTCR,834889fffffffff,22.05
2024_E_TOTCR,83488afffffffff,21.7
2024_E_TOTCR,83488bfffffffff,20.72
2024_E_TOTCR,83488cfffffffff,18.57
2024_E_TOTCR,83488dfffffffff,11.74
2024_E_TOTCR,83488efffffffff,20.0
2024_E_TOTCR,834890fffffffff,25.57
2024_E_TOTCR,834891fffffffff,21.91
2024_E_TOTCR,834892fffffffff,25.69
2024_E_TOTCR,834893fffffffff,20.36
2024_E_TOTCR,834895fffffffff,20.29
2024_E_TOTCR,834898fffffffff,20.0
2024_E_TOTCR,834899fffffffff,20.23
2024_E_TOTCR,83489afffffffff,20.96
2024_E_TOTCR,83489bfffffffff,20.0
2024_E_TOTCR,83489cfffffffff,20.08
2024_E_TOTCR,83489dfffffffff,20.0
2024_E_TOTCR,83489efffffffff,19.98
2024_E_TOTCR,8348abfffffffff,10.0
2024_E_TOTCR,8348b1fffffffff,20.0
2024_E_TOTCR,8348b2fffffffff,19.49
2024_E_TOTCR,8348b3fffffffff,19.99
2024_E_TOTCR,8348c0fffffffff,16.63
2024_E_TOTCR,8348c1fffffffff,10.19
2024_E_TOTCR,8348c2fffffffff,11.85
2024_E_TOTCR,8348c3fffffffff,10.0
2024_E_TOTCR,8348c4fffffffff,36.89
2024_E_TOTCR,8348c5fffffffff,10.61
2024_E_TOTCR,8348c6fffffffff,32.39
2024_E_TOTCR,8348c8fffffffff,10.0
2024_E_TOTCR,8348c9fffffffff,10.0
2024_E_TOTCR,8348cafffffffff,10.0
2024_E_TOTCR,8348cbfffffffff,10.0
2024_E_TOTCR,8348ccfffffffff,12.14
2024_E_TOTCR,8348cdfffffffff,10.87
2024_E_TOTCR,8348cefffffffff,10.0
2024_E_TOTCR,8348d0fffffffff,19.63
2024_E_TOTCR,8348d1fffffffff,11.36
2024_E_TOTCR,8348d2fffffffff,19.23
2024_E_TOTCR,8348d3fffffffff,13.36
2024_E_TOTCR,8348d4fffffffff,24.11
2024_E_TOTCR,8348d5fffffffff,17.04
2024_E_TOTCR,8348d6fffffffff,20.1
2024_E_TOTCR,8348d8fffffffff,11.35
2024_E_TOTCR,8348d9fffffffff,10.07
2024_E_TOTCR,8348dafffffffff,9.94
2024_E_TOTCR,8348dbfffffffff,10.0
2024_E_TOTCR,8348dcfffffffff,10.54
2024_E_TOTCR,8348ddfffffffff,12.59
2024_E_TOTCR,8348defffffffff,10.0
2024_E_TOTCR,8348e3fffffffff,11.09
2024_E_TOTCR,8348e8fffffffff,16.77
2024_E_TOTCR,8348e9fffffffff,18.55
2024_E_TOTCR,8348eafffffffff,16.92
2024_E_TOTCR,8348ebfffffffff,21.46
2024_E_TOTCR,8348ecfffffffff,15.75
2024_E_TOTCR,8348edfffffffff,16.62
2024_E_TOTCR,8348eefffffffff,15.56
2024_E_TOTCR,8348f2fffffffff,14.08
2024_E_TOTCR,8348f3fffffffff,20.0
2024_E_TOTCR,8348f6fffffffff,14.87
2024_E_TRI,8312c9fffffffff,0.29
2024_E_TRI,8312cafffffffff,0.1
2024_E_TRI,8312cbfffffffff,0.09
2024_E_TRI,8312d8fffffffff,0.93
2024_E_TRI,8312d9fffffffff,0.43
2024_E_TRI,8312dafffffffff,0.52
2024_E_TRI,8312dbfffffffff,4.44
2024_E_TRI,8312ddfffffffff,0.68
2024_E_TRI,8312defffffffff,0.66
2024_E_TRI,832600fffffffff,2.12
2024_E_TRI,832601fffffffff,3.77
2024_E_TRI,832602fffffffff,0.17
2024_E_TRI,832603fffffffff,1.57
2024_E_TRI,832604fffffffff,1.39
2024_E_TRI,832605fffffffff,2.27
2024_E_TRI,832606fffffffff,0.72
2024_E_TRI,832608fffffffff,4.18
2024_E_TRI,832609fffffffff,1.02
2024_E_TRI,83260afffffffff,3.2
2024_E_TRI,83260bfffffffff,2.06
2024_E_TRI,83260cfffffffff,2.11
2024_E_TRI,83260dfffffffff,3.7
2024_E_TRI,83260efffffffff,3.75
2024_E_TRI,832610fffffffff,0.03
2024_E_TRI,832611fffffffff,0.0
2024_E_TRI,832612fffffffff,0.0
2024_E_TRI,832613fffffffff,0.0
2024_E_TRI,832614fffffffff,0.02
2024_E_TRI,832615fffffffff,0.0
2024_E_TRI,832616fffffffff,0.87
2024_E_TRI,832618fffffffff,1.58
2024_E_TRI,832619fffffffff,1.21
2024_E_TRI,83261afffffffff,0.61
2024_E_TRI,83261bfffffffff,0.56
2024_E_TRI,83261cfffffffff,0.18
2024_E_TRI,83261dfffffffff,1.74
2024_E_TRI,83261efffffffff,0.02
2024_E_TRI,832620fffffffff,2.12
2024_E_TRI,832621fffffffff,6.11
2024_E_TRI,832622fffffffff,0.99
2024_E_TRI,832623fffffffff,1.61
2024_E_TRI,832624fffffffff,0.99
2024_E_TRI,832625fffffffff,2.0
2024_E_TRI,832626fffffffff,1.6
2024_E_TRI,832628fffffffff,3.64
2024_E_TRI,832629fffffffff,3.78
2024_E_TRI,83262afffffffff,2.58
2024_E_TRI,83262bfffffffff,4.03
2024_E_TRI,83262cfffffffff,8.43
2024_E_TRI,83262dfffffffff,2.47
2024_E_TRI,83262efffffffff,3.18
2024_E_TRI,832630fffffffff,0.21
2024_E_TRI,832631fffffffff,0.54
2024_E_TRI,832632fffffffff,0.01
2024_E_TRI,832633fffffffff,0.19
2024_E_TRI,832634fffffffff,0.36
2024_E_TRI,832635fffffffff,0.32
2024_E_TRI,832636fffffffff,0.56
2024_E_TRI,832640fffffffff,7.67
2024_E_TRI,832641fffffffff,3.97
2024_E_TRI,832642fffffffff,3.93
2024_E_TRI,832643fffffffff,2.8
2024_E_TRI,832644fffffffff,2.6
2024_E_TRI,832645fffffffff,2.35
2024_E_TRI,832646fffffffff,7.4
2024_E_TRI,832648fffffffff,2.77
2024_E_TRI,832649fffffffff,7.61
2024_E_TRI,83264afffffffff,5.47
2024_E_TRI,83264bfffffffff,5.95
2024_E_TRI,83264cfffffffff,3.6
2024_E_TRI,83264dfffffffff,8.72
2024_E_TRI,83264efffffffff,4.26
2024_E_TRI,832650fffffffff,2.18
2024_E_TRI,832651fffffffff,2.04
2024_E_TRI,832652fffffffff,1.76
2024_E_TRI,832653fffffffff,3.93
2024_E_TRI,832654fffffffff,1.78
2024_E_TRI,832655fffffffff,3.62
2024_E_TRI,832656fffffffff,10.23
2024_E_TRI,832658fffffffff,1.61
2024_E_TRI,832659fffffffff,5.67
2024_E_TRI,83265afffffffff,2.41
2024_E_TRI,83265bfffffffff,4.37
2024_E_TRI,83265cfffffffff,1.12
2024_E_TRI,83265dfffffffff,4.43
2024_E_TRI,83265efffffffff,1.49
2024_E_TRI,832660fffffffff,3.49
2024_E_TRI,832661fffffffff,8.84
2024_E_TRI,832662fffffffff,4.32
2024_E_TRI,832663fffffffff,3.33
2024_E_TRI,832664fffffffff,23.75
2024_E_TRI,832665fffffffff,7.14
2024_E_TRI,832666fffffffff,7.61
2024_E_TRI,832668fffffffff,7.19
2024_E_TRI,832669fffffffff,2.88
2024_E_TRI,83266afffffffff,6.39
2024_E_TRI,83266bfffffffff,4.71
2024_E_TRI,83266cfffffffff,5.73
2024_E_TRI,83266dfffffffff,5.98
2024_E_TRI,83266efffffffff,5.7
2024_E_TRI,832670fffffffff,3.26
2024_E_TRI,832671fffffffff,1.31
2024_E_TRI,832672fffffffff,1.41
2024_E_TRI,832673fffffffff,2.04
2024_E_TRI,832674fffffffff,5.58
2024_E_TRI,832675fffffffff,4.27
2024_E_TRI,832676fffffffff,3.01
2024_E_TRI,832680fffffffff,0.43
2024_E_TRI,832681fffffffff,3.47
2024_E_TRI,832682fffffffff,0.25
2024_E_TRI,832683fffffffff,0.61
2024_E_TRI,832684fffffffff,0.17
2024_E_TRI,832685fffffffff,0.58
2024_E_TRI,832686fffffffff,0.14
2024_E_TRI,832688fffffffff,1.5
2024_E_TRI,832689fffffffff,0.24
2024_E_TRI,83268afffffffff,0.31
2024_E_TRI,83268bfffffffff,0.18
2024_E_TRI,83268cfffffffff,5.37
2024_E_TRI,83268dfffffffff,0.11
2024_E_TRI,83268efffffffff,0.26
2024_E_TRI,832690fffffffff,1.12
2024_E_TRI,832691fffffffff,0.42
2024_E_TRI,832692fffffffff,1.29
2024_E_TRI,832693fffffffff,0.43
2024_E_TRI,832694fffffffff,0.6
2024_E_TRI,832695fffffffff,0.45
2024_E_TRI,832696fffffffff,7.47
2024_E_TRI,832698fffffffff,0.33
2024_E_TRI,832699fffffffff,0.26
2024_E_TRI,83269afffffffff,0.13
2024_E_TRI,83269bfffffffff,1.06
2024_E_TRI,83269cfffffffff,1.13
2024_E_TRI,83269dfffffffff,0.25
2024_E_TRI,83269efffffffff,0.32
2024_E_TRI,8326a0fffffffff,0.85
2024_E_TRI,8326a1fffffffff,0.11
2024_E_TRI,8326a2fffffffff,0.75
2024_E_TRI,8326a3fffffffff,0.26
2024_E_TRI,8326a4fffffffff,1.15
2024_E_TRI,8326a5fffffffff,0.24
2024_E_TRI,8326a6fffffffff,0.23
2024_E_TRI,8326a8fffffffff,0.49
2024_E_TRI,8326a9fffffffff,0.23
2024_E_TRI,8326aafffffffff,5.8
2024_E_TRI,8326abfffffffff,0.18
2024_E_TRI,8326acfffffffff,0.57
2024_E_TRI,8326adfffffffff,0.26
2024_E_TRI,8326aefffffffff,0.85
2024_E_TRI,8326b0fffffffff,0.11
2024_E_TRI,8326b1fffffffff,0.1
2024_E_TRI,8326b2fffffffff,0.39
2024_E_TRI,8326b3fffffffff,0.8
2024_E_TRI,8326b4fffffffff,0.03
2024_E_TRI,8326b5fffffffff,0.19
2024_E_TRI,8326b6fffffffff,0.25
2024_E_TRI,8326c0fffffffff,1.32
2024_E_TRI,8326c1fffffffff,6.64
2024_E_TRI,8326c2fffffffff,0.67
2024_E_TRI,8326c3fffffffff,0.98
2024_E_TRI,8326c4fffffffff,0.43
2024_E_TRI,8326c5fffffffff,2.33
2024_E_TRI,8326c6fffffffff,0.4
2024_E_TRI,8326c8fffffffff,11.06
2024_E_TRI,8326c9fffffffff,4.27
2024_E_TRI,8326cafffffffff,4.66
2024_E_TRI,8326cbfffffffff,11.0
2024_E_TRI,8326ccfffffffff,2.19
2024_E_TRI,8326cdfffffffff,1.41
2024_E_TRI,8326cefffffffff,1.78
2024_E_TRI,8326d0fffffffff,0.61
2024_E_TRI,8326d1fffffffff,1.77
2024_E_TRI,8326d2fffffffff,0.16
2024_E_TRI,8326d3fffffffff,0.85
2024_E_TRI,8326d4fffffffff,0.18
2024_E_TRI,8326d5fffffffff,0.99
2024_E_TRI,8326d6fffffffff,0.04
2024_E_TRI,8326d8fffffffff,0.47
2024_E_TRI,8326d9fffffffff,1.6
2024_E_TRI,8326dafffffffff,0.77
2024_E_TRI,8326dbfffffffff,0.89
2024_E_TRI,8326dcfffffffff,0.21
2024_E_TRI,8326ddfffffffff,0.97
2024_E_TRI,8326defffffffff,1.69
2024_E_TRI,8326e0fffffffff,2.22
2024_E_TRI,8326e1fffffffff,1.26
2024_E_TRI,8326e2fffffffff,2.05
2024_E_TRI,8326e3fffffffff,4.62
2024_E_TRI,8326e4fffffffff,1.35
2024_E_TRI,8326e5fffffffff,2.56
2024_E_TRI,8326e6fffffffff,1.15
2024_E_TRI,8326e8fffffffff,4.68
2024_E_TRI,8326e9fffffffff,3.2
2024_E_TRI,8326eafffffffff,3.2
2024_E_TRI,8326ebfffffffff,0.76
2024_E_TRI,8326ecfffffffff,5.61
2024_E_TRI,8326edfffffffff,3.03
2024_E_TRI,8326eefffffffff,4.2
2024_E_TRI,8326f0fffffffff,0.87
2024_E_TRI,8326f1fffffffff,0.56
2024_E_TRI,8326f2fffffffff,0.15
2024_E_TRI,8326f3fffffffff,1.1
2024_E_TRI,8326f4fffffffff,0.11
2024_E_TRI,8326f5fffffffff,0.57
2024_E_TRI,8326f6fffffffff,0.18
2024_E_TRI,832708fffffffff,0.11
2024_E_TRI,832709fffffffff,1.3
2024_E_TRI,83270afffffffff,0.43
2024_E_TRI,83270bfffffffff,0.7
2024_E_TRI,83270dfffffffff,0.0
2024_E_TRI,83270efffffffff,0.26
2024_E_TRI,832718fffffffff,0.32
2024_E_TRI,832719fffffffff,0.91
2024_E_TRI,83271afffffffff,0.23
2024_E_TRI,83271bfffffffff,0.37
2024_E_TRI,83271cfffffffff,1.23
2024_E_TRI,83271dfffffffff,0.38
2024_E_TRI,83271efffffffff,0.36
2024_E_TRI,832740fffffffff,1.93
2024_E_TRI,832741fffffffff,2.57
2024_E_TRI,832742fffffffff,1.87
2024_E_TRI,832743fffffffff,10.93
2024_E_TRI,832744fffffffff,0.46
2024_E_TRI,832745fffffffff,1.69
2024_E_TRI,832746fffffffff,0.83
2024_E_TRI,832748fffffffff,9.85
2024_E_TRI,832749fffffffff,8.31
2024_E_TRI,83274bfffffffff,13.65
2024_E_TRI,83274cfffffffff,2.29
2024_E_TRI,83274dfffffffff,9.29
2024_E_TRI,83274efffffffff,5.61
2024_E_TRI,832750fffffffff,1.34
2024_E_TRI,832751fffffffff,4.04
2024_E_TRI,832752fffffffff,8.97
2024_E_TRI,832753fffffffff,3.44
2024_E_TRI,832754fffffffff,0.72
2024_E_TRI,832755fffffffff,1.06
2024_E_TRI,832756fffffffff,1.55
2024_E_TRI,832758fffffffff,7.62
2024_E_TRI,832759fffffffff,23.48
2024_E_TRI,83275afffffffff,3.32
2024_E_TRI,83275bfffffffff,5.43
2024_E_TRI,83275cfffffffff,6.31
2024_E_TRI,83275dfffffffff,20.2
2024_E_TRI,83275efffffffff,3.38
2024_E_TRI,832763fffffffff,0.29
2024_E_TRI,832768fffffffff,2.09
2024_E_TRI,83276afffffffff,1.43
2024_E_TRI,83276bfffffffff,3.17
2024_E_TRI,83276efffffffff,0.3
2024_E_TRI,832770fffffffff,0.0
2024_E_TRI,832771fffffffff,1.29
2024_E_TRI,832772fffffffff,0.07
2024_E_TRI,832773fffffffff,0.46
2024_E_TRI,832780fffffffff,0.03
2024_E_TRI,832781fffffffff,0.21
2024_E_TRI,832782fffffffff,0.0
2024_E_TRI,832783fffffffff,0.01
2024_E_TRI,832784fffffffff,0.03
2024_E_TRI,832785fffffffff,0.12
2024_E_TRI,832786fffffffff,0.01
2024_E_TRI,832788fffffffff,0.06
2024_E_TRI,832789fffffffff,0.04
2024_E_TRI,83278afffffffff,0.14
2024_E_TRI,83278bfffffffff,0.71
2024_E_TRI,83278cfffffffff,0.32
2024_E_TRI,83278dfffffffff,0.07
2024_E_TRI,83278efffffffff,0.15
2024_E_TRI,832790fffffffff,0.28
2024_E_TRI,832791fffffffff,0.0
2024_E_TRI,832792fffffffff,0.66
2024_E_TRI,832793fffffffff,0.06
2024_E_TRI,832794fffffffff,0.04
2024_E_TRI,832795fffffffff,0.03
2024_E_TRI,832796fffffffff,0.14
2024_E_TRI,832798fffffffff,0.29
2024_E_TRI,832799fffffffff,0.38
2024_E_TRI,83279afffffffff,0.29
2024_E_TRI,83279bfffffffff,0.32
2024_E_TRI,83279cfffffffff,0.03
2024_E_TRI,83279dfffffffff,0.2
2024_E_TRI,83279efffffffff,0.99
2024_E_TRI,8327a3fffffffff,0.15
2024_E_TRI,8327a8fffffffff,0.75
2024_E_TRI,8327a9fffffffff,0.45
2024_E_TRI,8327aafffffffff,1.94
2024_E_TRI,8327abfffffffff,1.41
2024_E_TRI,8327acfffffffff,0.14
2024_E_TRI,8327adfffffffff,0.39
2024_E_TRI,8327aefffffffff,0.45
2024_E_TRI,8327b3fffffffff,0.03
2024_E_TRI,832800fffffffff,0.31
2024_E_TRI,832802fffffffff,0.84
2024_E_TRI,832806fffffffff,0.36
2024_E_TRI,832810fffffffff,0.12
2024_E_TRI,832811fffffffff,0.33
2024_E_TRI,832812fffffffff,0.15
2024_E_TRI,832813fffffffff,0.64
2024_E_TRI,832814fffffffff,0.46
2024_E_TRI,832815fffffffff,1.09
2024_E_TRI,832816fffffffff,0.32
2024_E_TRI,832818fffffffff,1.61
2024_E_TRI,83281afffffffff,0.5
2024_E_TRI,83281bfffffffff,1.8
2024_E_TRI,83281cfffffffff,0.26
2024_E_TRI,83281efffffffff,1.05
2024_E_TRI,832830fffffffff,8.8
2024_E_TRI,832831fffffffff,1.87
2024_E_TRI,832832fffffffff,4.79
2024_E_TRI,832833fffffffff,1.72
2024_E_TRI,832834fffffffff,12.92
2024_E_TRI,832835fffffffff,0.0
2024_E_TRI,832836fffffffff,6.81
2024_E_TRI,832880fffffffff,0.14
2024_E_TRI,832881fffffffff,0.19
2024_E_TRI,832882fffffffff,0.08
2024_E_TRI,832883fffffffff,0.2
2024_E_TRI,832884fffffffff,2.26
2024_E_TRI,832885fffffffff,1.25
2024_E_TRI,832886fffffffff,0.18
2024_E_TRI,832888fffffffff,2.2
2024_E_TRI,832889fffffffff,2.42
2024_E_TRI,83288afffffffff,0.88
2024_E_TRI,83288bfffffffff,1.06
2024_E_TRI,83288cfffffffff,0.72
2024_E_TRI,83288dfffffffff,1.44
2024_E_TRI,83288efffffffff,0.61
2024_E_TRI,832890fffffffff,0.02
2024_E_TRI,832891fffffffff,0.15
2024_E_TRI,832892fffffffff,0.33
2024_E_TRI,832893fffffffff,0.66
2024_E_TRI,832894fffffffff,0.55
2024_E_TRI,832895fffffffff,0.09
2024_E_TRI,832896fffffffff,0.1
2024_E_TRI,832898fffffffff,0.53
2024_E_TRI,832899fffffffff,0.71
2024_E_TRI,83289afffffffff,0.07
2024_E_TRI,83289bfffffffff,0.49
2024_E_TRI,83289cfffffffff,0.12
2024_E_TRI,83289dfffffffff,0.47
2024_E_TRI,83289efffffffff,0.27
2024_E_TRI,8328a0fffffffff,0.26
2024_E_TRI,8328a1fffffffff,0.04
2024_E_TRI,8328a2fffffffff,0.11
2024_E_TRI,8328a3fffffffff,0.02
2024_E_TRI,8328a4fffffffff,0.83
2024_E_TRI,8328a5fffffffff,0.19
2024_E_TRI,8328a6fffffffff,0.55
2024_E_TRI,8328a8fffffffff,0.03
2024_E_TRI,8328a9fffffffff,1.18
2024_E_TRI,8328aafffffffff,0.12
2024_E_TRI,8328abfffffffff,0.14
2024_E_TRI,8328acfffffffff,0.01
2024_E_TRI,8328adfffffffff,0.04
2024_E_TRI,8328aefffffffff,0.04
2024_E_TRI,8328b0fffffffff,0.88
2024_E_TRI,8328b1fffffffff,1.03
2024_E_TRI,8328b2fffffffff,1.14
2024_E_TRI,8328b3fffffffff,0.32
2024_E_TRI,8328b4fffffffff,0.27
2024_E_TRI,8328b5fffffffff,0.22
2024_E_TRI,8328b6fffffffff,2.0
2024_E_TRI,8328c2fffffffff,0.38
2024_E_TRI,8328c6fffffffff,1.38
2024_E_TRI,8328d0fffffffff,1.87
2024_E_TRI,8328d1fffffffff,8.44
2024_E_TRI,8328d2fffffffff,0.07
2024_E_TRI,8328d3fffffffff,0.42
2024_E_TRI,8328d4fffffffff,0.8
2024_E_TRI,8328d5fffffffff,9.46
2024_E_TRI,8328d6fffffffff,0.8
2024_E_TRI,8328defffffffff,4.51
2024_E_TRI,8328f0fffffffff,10.72
2024_E_TRI,8328f1fffffffff,1.25
2024_E_TRI,8328f2fffffffff,0.46
2024_E_TRI,8328f3fffffffff,2.61
2024_E_TRI,8328f4fffffffff,3.83
2024_E_TRI,8328f5fffffffff,1.6
2024_E_TRI,8328f6fffffffff,0.56
2024_E_TRI,832912fffffffff,12.76
2024_E_TRI,832913fffffffff,5.3
2024_E_TRI,832916fffffffff,13.19
2024_E_TRI,83291afffffffff,0.36
2024_E_TRI,832980fffffffff,0.38
2024_E_TRI,832981fffffffff,0.23
2024_E_TRI,832982fffffffff,0.01
2024_E_TRI,832983fffffffff,0.14
2024_E_TRI,832984fffffffff,0.33
2024_E_TRI,832985fffffffff,0.14
2024_E_TRI,832986fffffffff,3.38
2024_E_TRI,832988fffffffff,0.81
2024_E_TRI,832989fffffffff,3.3
2024_E_TRI,83298afffffffff,0.37
2024_E_TRI,83298bfffffffff,0.32
2024_E_TRI,83298cfffffffff,0.21
2024_E_TRI,83298dfffffffff,0.11
2024_E_TRI,83298efffffffff,0.18
2024_E_TRI,832990fffffffff,0.09
2024_E_TRI,832991fffffffff,0.57
2024_E_TRI,832992fffffffff,0.04
2024_E_TRI,832993fffffffff,0.15
2024_E_TRI,832994fffffffff,0.2
2024_E_TRI,832995fffffffff,0.76
2024_E_TRI,832996fffffffff,0.13
2024_E_TRI,832998fffffffff,0.28
2024_E_TRI,832999fffffffff,0.61
2024_E_TRI,83299afffffffff,0.42
2024_E_TRI,83299bfffffffff,0.19
2024_E_TRI,83299cfffffffff,0.11
2024_E_TRI,83299dfffffffff,0.29
2024_E_TRI,83299efffffffff,0.08
2024_E_TRI,8329a0fffffffff,11.81
2024_E_TRI,8329a1fffffffff,10.38
2024_E_TRI,8329a2fffffffff,0.24
2024_E_TRI,8329a3fffffffff,1.17
2024_E_TRI,8329a4fffffffff,11.21
2024_E_TRI,8329a5fffffffff,49.44
2024_E_TRI,8329a6fffffffff,0.5
2024_E_TRI,8329a8fffffffff,4.44
2024_E_TRI,8329a9fffffffff,1.41
2024_E_TRI,8329aafffffffff,0.1
2024_E_TRI,8329abfffffffff,2.31
2024_E_TRI,8329acfffffffff,1.22
2024_E_TRI,8329adfffffffff,1.46
2024_E_TRI,8329aefffffffff,2.16
2024_E_TRI,8329b0fffffffff,0.35
2024_E_TRI,8329b1fffffffff,0.58
2024_E_TRI,8329b2fffffffff,0.73
2024_E_TRI,8329b3fffffffff,0.27
2024_E_TRI,8329b4fffffffff,0.06
2024_E_TRI,8329b5fffffffff,0.27
2024_E_TRI,8329b6fffffffff,4.11
2024_E_TRI,832a06fffffffff,0.82
2024_E_TRI,832a10fffffffff,36.08
2024_E_TRI,832a12fffffffff,14.87
2024_E_TRI,832a13fffffffff,22.18
2024_E_TRI,832a14fffffffff,19.44
2024_E_TRI,832a15fffffffff,11.96
2024_E_TRI,832a16fffffffff,5.14
2024_E_TRI,832a30fffffffff,31.05
2024_E_TRI,832a31fffffffff,8.2
2024_E_TRI,832a32fffffffff,8.58
2024_E_TRI,832a33fffffffff,25.9
2024_E_TRI,832a34fffffffff,8.6
2024_E_TRI,832a36fffffffff,4.68
2024_E_TRI,832a80fffffffff,6.9
2024_E_TRI,832a81fffffffff,3.01
2024_E_TRI,832a82fffffffff,4.2
2024_E_TRI,832a83fffffffff,2.41
2024_E_TRI,832a84fffffffff,17.82
2024_E_TRI,832a85fffffffff,4.52
2024_E_TRI,832a86fffffffff,10.46
2024_E_TRI,832a88fffffffff,4.59
2024_E_TRI,832a89fffffffff,7.55
2024_E_TRI,832a8afffffffff,6.13
2024_E_TRI,832a8bfffffffff,13.59
2024_E_TRI,832a8cfffffffff,3.92
2024_E_TRI,832a8dfffffffff,6.04
2024_E_TRI,832a8efffffffff,2.96
2024_E_TRI,832a90fffffffff,10.56
2024_E_TRI,832a91fffffffff,4.59
2024_E_TRI,832a92fffffffff,8.15
2024_E_TRI,832a93fffffffff,13.82
2024_E_TRI,832a94fffffffff,10.38
2024_E_TRI,832a95fffffffff,10.32
2024_E_TRI,832a96fffffffff,9.24
2024_E_TRI,832a98fffffffff,1.38
2024_E_TRI,832a99fffffffff,4.06
2024_E_TRI,832a9afffffffff,2.4
2024_E_TRI,832a9bfffffffff,4.16
2024_E_TRI,832a9cfffffffff,5.15
2024_E_TRI,832a9dfffffffff,3.58
2024_E_TRI,832a9efffffffff,2.67
2024_E_TRI,832aa0fffffffff,2.21
2024_E_TRI,832aa1fffffffff,11.68
2024_E_TRI,832aa2fffffffff,5.85
2024_E_TRI,832aa3fffffffff,5.09
2024_E_TRI,832aa4fffffffff,5.18
2024_E_TRI,832aa5fffffffff,6.49
2024_E_TRI,832aa6fffffffff,6.83
2024_E_TRI,832aa8fffffffff,16.46
2024_E_TRI,832aa9fffffffff,4.4
2024_E_TRI,832aaafffffffff,7.74
2024_E_TRI,832aabfffffffff,4.67
2024_E_TRI,832aacfffffffff,23.21
2024_E_TRI,832aadfffffffff,8.04
2024_E_TRI,832aaefffffffff,11.6
2024_E_TRI,832ab1fffffffff,11.1
2024_E_TRI,832ab2fffffffff,34.71
2024_E_TRI,832ab3fffffffff,22.84
2024_E_TRI,832ab5fffffffff,10.01
2024_E_TRI,832ab6fffffffff,6.47
2024_E_TRI,832ad0fffffffff,4.64
2024_E_TRI,832ad2fffffffff,8.03
2024_E_TRI,832ad3fffffffff,3.02
2024_E_TRI,832ad4fffffffff,6.96
2024_E_TRI,832ad5fffffffff,3.4
2024_E_TRI,832ad6fffffffff,8.24
2024_E_TRI,832af0fffffffff,3.19
2024_E_TRI,832af2fffffffff,3.31
2024_E_TRI,832af3fffffffff,0.75
2024_E_TRI,832af6fffffffff,8.32
2024_E_TRI,832b10fffffffff,0.97
2024_E_TRI,832b11fffffffff,3.44
2024_E_TRI,832b12fffffffff,0.0
2024_E_TRI,832b13fffffffff,0.11
2024_E_TRI,832b18fffffffff,1.0
2024_E_TRI,832b1afffffffff,3.73
2024_E_TRI,832b1bfffffffff,0.0
2024_E_TRI,832b1efffffffff,0.42
2024_E_TRI,832b81fffffffff,6.87
2024_E_TRI,832b88fffffffff,0.69
2024_E_TRI,832b89fffffffff,7.67
2024_E_TRI,832b8afffffffff,6.04
2024_E_TRI,832b8bfffffffff,4.25
2024_E_TRI,832b8cfffffffff,1.77
2024_E_TRI,832b8dfffffffff,2.85
2024_E_TRI,832b8efffffffff,2.91
2024_E_TRI,832b99fffffffff,14.01
2024_E_TRI,832b9bfffffffff,20.11
2024_E_TRI,832ba8fffffffff,0.36
2024_E_TRI,832ba9fffffffff,1.88
2024_E_TRI,832babfffffffff,2.58
2024_E_TRI,832bacfffffffff,0.01
2024_E_TRI,832badfffffffff,0.21
2024_E_TRI,834412fffffffff,0.17
2024_E_TRI,834413fffffffff,5.93
2024_E_TRI,834414fffffffff,0.0
2024_E_TRI,834416fffffffff,2.49
2024_E_TRI,83441afffffffff,14.22
2024_E_TRI,83441bfffffffff,0.85
2024_E_TRI,83441efffffffff,8.83
2024_E_TRI,834440fffffffff,3.98
2024_E_TRI,834441fffffffff,2.05
2024_E_TRI,834442fffffffff,2.36
2024_E_TRI,834443fffffffff,1.57
2024_E_TRI,834444fffffffff,6.51
2024_E_TRI,834445fffffffff,3.43
2024_E_TRI,834446fffffffff,9.28
2024_E_TRI,834448fffffffff,3.1
2024_E_TRI,834449fffffffff,1.91
2024_E_TRI,83444afffffffff,2.18
2024_E_TRI,83444bfffffffff,2.95
2024_E_TRI,83444cfffffffff,3.95
2024_E_TRI,83444dfffffffff,4.58
2024_E_TRI,83444efffffffff,2.82
2024_E_TRI,834450fffffffff,7.79
2024_E_TRI,834451fffffffff,3.73
2024_E_TRI,834452fffffffff,2.93
2024_E_TRI,834453fffffffff,1.47
2024_E_TRI,834455fffffffff,4.48
2024_E_TRI,834456fffffffff,4.8
2024_E_TRI,834458fffffffff,2.6
2024_E_TRI,834459fffffffff,1.75
2024_E_TRI,83445afffffffff,3.8
2024_E_TRI,83445bfffffffff,3.26
2024_E_TRI,83445cfffffffff,5.26
2024_E_TRI,83445dfffffffff,2.0
2024_E_TRI,83445efffffffff,2.46
2024_E_TRI,834463fffffffff,0.77
2024_E_TRI,834468fffffffff,1.79
2024_E_TRI,834469fffffffff,2.25
2024_E_TRI,83446afffffffff,1.51
2024_E_TRI,83446bfffffffff,4.47
2024_E_TRI,83446cfffffffff,22.76
2024_E_TRI,83446dfffffffff,5.39
2024_E_TRI,83446efffffffff,7.3
2024_E_TRI,834471fffffffff,2.09
2024_E_TRI,834473fffffffff,2.14
2024_E_TRI,8344a1fffffffff,17.89
2024_E_TRI,8344a5fffffffff,1.93
2024_E_TRI,8344a8fffffffff,4.87
2024_E_TRI,8344a9fffffffff,9.02
2024_E_TRI,8344abfffffffff,12.76
2024_E_TRI,8344acfffffffff,1.9
2024_E_TRI,8344adfffffffff,3.99
2024_E_TRI,8344aefffffffff,11.59
2024_E_TRI,8344c0fffffffff,4.62
2024_E_TRI,8344c1fffffffff,15.87
2024_E_TRI,8344c2fffffffff,4.76
2024_E_TRI,8344c3fffffffff,3.63
2024_E_TRI,8344c4fffffffff,2.63
2024_E_TRI,8344c5fffffffff,4.03
2024_E_TRI,8344c6fffffffff,1.78
2024_E_TRI,8344c8fffffffff,6.23
2024_E_TRI,8344c9fffffffff,3.14
2024_E_TRI,8344cafffffffff,6.05
2024_E_TRI,8344cbfffffffff,3.56
2024_E_TRI,8344ccfffffffff,10.06
2024_E_TRI,8344cdfffffffff,5.27
2024_E_TRI,8344cefffffffff,5.75
2024_E_TRI,8344d0fffffffff,9.21
2024_E_TRI,8344d1fffffffff,5.34
2024_E_TRI,8344d2fffffffff,0.81
2024_E_TRI,8344d3fffffffff,4.17
2024_E_TRI,8344d5fffffffff,4.77
2024_E_TRI,8344d8fffffffff,16.96
2024_E_TRI,8344d9fffffffff,7.63
2024_E_TRI,8344dafffffffff,10.74
2024_E_TRI,8344dbfffffffff,10.56
2024_E_TRI,8344dcfffffffff,6.65
2024_E_TRI,8344ddfffffffff,12.62
2024_E_TRI,8344defffffffff,7.82
2024_E_TRI,8344e0fffffffff,2.17
2024_E_TRI,8344e1fffffffff,3.34
2024_E_TRI,8344e2fffffffff,2.79
2024_E_TRI,8344e3fffffffff,2.67
2024_E_TRI,8344e4fffffffff,0.67
2024_E_TRI,8344e5fffffffff,3.97
2024_E_TRI,8344e6fffffffff,1.66
2024_E_TRI,8344e8fffffffff,8.05
2024_E_TRI,8344e9fffffffff,5.64
2024_E_TRI,8344eafffffffff,5.39
2024_E_TRI,8344ebfffffffff,5.68
2024_E_TRI,8344ecfffffffff,3.16
2024_E_TRI,8344edfffffffff,3.1
2024_E_TRI,8344eefffffffff,3.55
2024_E_TRI,8344f0fffffffff,7.46
2024_E_TRI,8344f1fffffffff,2.42
2024_E_TRI,8344f3fffffffff,2.99
2024_E_TRI,8344f4fffffffff,4.92
2024_E_TRI,8344f5fffffffff,1.89
2024_E_TRI,8344f6fffffffff,6.72
2024_E_TRI,834859fffffffff,1.26
2024_E_TRI,83485afffffffff,0.12
2024_E_TRI,83485bfffffffff,1.57
2024_E_TRI,834880fffffffff,0.75
2024_E_TRI,834881fffffffff,0.7
2024_E_TRI,834882fffffffff,0.73
2024_E_TRI,834883fffffffff,0.38
2024_E_TRI,834886fffffffff,0.32
2024_E_TRI,834888fffffffff,0.37
2024_E_TRI,834889fffffffff,1.18
2024_E_TRI,83488afffffffff,0.87
2024_E_TRI,83488bfffffffff,3.56
2024_E_TRI,83488cfffffffff,0.14
2024_E_TRI,83488dfffffffff,0.05
2024_E_TRI,83488efffffffff,0.54
2024_E_TRI,834890fffffffff,2.13
2024_E_TRI,834891fffffffff,2.15
2024_E_TRI,834892fffffffff,8.82
2024_E_TRI,834893fffffffff,2.52
2024_E_TRI,834895fffffffff,3.23
2024_E_TRI,834898fffffffff,2.38
2024_E_TRI,834899fffffffff,0.72
2024_E_TRI,83489afffffffff,3.87
2024_E_TRI,83489bfffffffff,0.94
2024_E_TRI,83489cfffffffff,7.25
2024_E_TRI,83489dfffffffff,0.18
2024_E_TRI,83489efffffffff,5.15
2024_E_TRI,8348abfffffffff,0.05
2024_E_TRI,8348b1fffffffff,0.39
2024_E_TRI,8348b2fffffffff,13.17
2024_E_TRI,8348b3fffffffff,2.77
2024_E_TRI,8348c0fffffffff,0.23
2024_E_TRI,8348c1fffffffff,0.12
2024_E_TRI,8348c2fffffffff,0.23
2024_E_TRI,8348c3fffffffff,0.03
2024_E_TRI,8348c4fffffffff,0.15
2024_E_TRI,8348c5fffffffff,0.16
2024_E_TRI,8348c6fffffffff,3.32
2024_E_TRI,8348c8fffffffff,0.32
2024_E_TRI,8348c9fffffffff,0.18
2024_E_TRI,8348cafffffffff,0.19
2024_E_TRI,8348cbfffffffff,0.01
2024_E_TRI,8348ccfffffffff,0.2
2024_E_TRI,8348cdfffffffff,0.22
2024_E_TRI,8348cefffffffff,0.12
2024_E_TRI,8348d0fffffffff,0.97
2024_E_TRI,8348d1fffffffff,0.0
2024_E_TRI,8348d2fffffffff,1.26
2024_E_TRI,8348d3fffffffff,0.3
2024_E_TRI,8348d4fffffffff,1.09
2024_E_TRI,8348d5fffffffff,0.1
2024_E_TRI,8348d6fffffffff,2.32
2024_E_TRI,8348d8fffffffff,2.48
2024_E_TRI,8348d9fffffffff,0.16
2024_E_TRI,8348dafffffffff,0.05
2024_E_TRI,8348dbfffffffff,0.09
2024_E_TRI,8348dcfffffffff,0.17
2024_E_TRI,8348ddfffffffff,0.23
2024_E_TRI,8348defffffffff,0.02
2024_E_TRI,8348e3fffffffff,0.28
2024_E_TRI,8348e8fffffffff,3.01
2024_E_TRI,8348e9fffffffff,1.94
2024_E_TRI,8348eafffffffff,0.27
2024_E_TRI,8348ebfffffffff,5.08
2024_E_TRI,8348ecfffffffff,1.74
2024_E_TRI,8348edfffffffff,0.05
2024_E_TRI,8348eefffffffff,0.9
2024_E_TRI,8348f2fffffffff,0.24
2024_E_TRI,8348f3fffffffff,0.13
2024_E_TRI,8348f6fffffffff,0.05
2024_E_TRND,8312c9fffffffff,0.0206
2024_E_TRND,8312cafffffffff,0.0
2024_E_TRND,8312cbfffffffff,0.011
2024_E_TRND,8312d8fffffffff,0.0107
2024_E_TRND,8312d9fffffffff,0.0043
2024_E_TRND,8312dafffffffff,0.0121
2024_E_TRND,8312dbfffffffff,0.0041
2024_E_TRND,8312ddfffffffff,0.0031
2024_E_TRND,8312defffffffff,0.0129
2024_E_TRND,832600fffffffff,0.3013
2024_E_TRND,832601fffffffff,0.2232
2024_E_TRND,832602fffffffff,0.26
2024_E_TRND,832603fffffffff,0.2667
2024_E_TRND,832604fffffffff,0.3279
2024_E_TRND,832605fffffffff,0.225
2024_E_TRND,832606fffffffff,0.3644
2024_E_TRND,832608fffffffff,0.1873
2024_E_TRND,832609fffffffff,0.1718
2024_E_TRND,83260afffffffff,0.2623
2024_E_TRND,83260bfffffffff,0.2287
2024_E_TRND,83260cfffffffff,0.1978
2024_E_TRND,83260dfffffffff,0.2142
2024_E_TRND,83260efffffffff,0.1761
2024_E_TRND,832610fffffffff,0.3275
2024_E_TRND,832611fffffffff,0.6536
2024_E_TRND,832612fffffffff,0.4385
2024_E_TRND,832613fffffffff,0.7997
2024_E_TRND,832614fffffffff,0.2883
2024_E_TRND,832615fffffffff,0.3436
2024_E_TRND,832616fffffffff,0.2728
2024_E_TRND,832618fffffffff,0.4385
2024_E_TRND,832619fffffffff,0.5526
2024_E_TRND,83261afffffffff,0.5369
2024_E_TRND,83261bfffffffff,0.4712
2024_E_TRND,83261cfffffffff,0.4714
2024_E_TRND,83261dfffffffff,0.2949
2024_E_TRND,83261efffffffff,0.4631
2024_E_TRND,832620fffffffff,0.1898
2024_E_TRND,832621fffffffff,0.1087
2024_E_TRND,832622fffffffff,0.2196
2024_E_TRND,832623fffffffff,0.1929
2024_E_TRND,832624fffffffff,0.1369
2024_E_TRND,832625fffffffff,0.0577
2024_E_TRND,832626fffffffff,0.3039
2024_E_TRND,832628fffffffff,0.1888
2024_E_TRND,832629fffffffff,0.187
2024_E_TRND,83262afffffffff,0.186
2024_E_TRND,83262bfffffffff,0.25
2024_E_TRND,83262cfffffffff,0.1191
2024_E_TRND,83262dfffffffff,0.1306
2024_E_TRND,83262efffffffff,0.1607
2024_E_TRND,832630fffffffff,0.3678
2024_E_TRND,832631fffffffff,0.3642
2024_E_TRND,832632fffffffff,0.3347
2024_E_TRND,832633fffffffff,0.3084
2024_E_TRND,832634fffffffff,0.3295
2024_E_TRND,832635fffffffff,0.3619
2024_E_TRND,832636fffffffff,0.3221
2024_E_TRND,832640fffffffff,0.1285
2024_E_TRND,832641fffffffff,0.1313
2024_E_TRND,832642fffffffff,0.0719
2024_E_TRND,832643fffffffff,0.2248
2024_E_TRND,832644fffffffff,0.1843
2024_E_TRND,832645fffffffff,0.1634
2024_E_TRND,832646fffffffff,0.1147
2024_E_TRND,832648fffffffff,0.1431
2024_E_TRND,832649fffffffff,0.1143
2024_E_TRND,83264afffffffff,0.0872
2024_E_TRND,83264bfffffffff,0.1172
2024_E_TRND,83264cfffffffff,0.1387
2024_E_TRND,83264dfffffffff,0.0741
2024_E_TRND,83264efffffffff,0.1446
2024_E_TRND,832650fffffffff,0.1294
2024_E_TRND,832651fffffffff,0.1208
2024_E_TRND,832652fffffffff,0.1273
2024_E_TRND,832653fffffffff,0.1593
2024_E_TRND,832654fffffffff,0.0827
2024_E_TRND,832655fffffffff,0.0964
2024_E_TRND,832656fffffffff,0.0626
2024_E_TRND,832658fffffffff,0.1773
2024_E_TRND,832659fffffffff,0.1079
2024_E_TRND,83265afffffffff,0.194
2024_E_TRND,83265bfffffffff,0.2224
2024_E_TRND,83265cfffffffff,0.137
2024_E_TRND,83265dfffffffff,0.1846
2024_E_TRND,83265efffffffff,0.1781
2024_E_TRND,832660fffffffff,0.1166
2024_E_TRND,832661fffffffff,0.074
2024_E_TRND,832662fffffffff,0.2048
2024_E_TRND,832663fffffffff,0.1343
2024_E_TRND,832664fffffffff,0.0467
2024_E_TRND,832665fffffffff,0.0805
2024_E_TRND,832666fffffffff,0.119
2024_E_TRND,832668fffffffff,0.0795
2024_E_TRND,832669fffffffff,0.0705
2024_E_TRND,83266afffffffff,0.1165
2024_E_TRND,83266bfffffffff,0.0801
2024_E_TRND,83266cfffffffff,0.1019
2024_E_TRND,83266dfffffffff,0.0465
2024_E_TRND,83266efffffffff,0.0976
2024_E_TRND,832670fffffffff,0.1494
2024_E_TRND,832671fffffffff,0.169
2024_E_TRND,832672fffffffff,0.1304
2024_E_TRND,832673fffffffff,0.1505
2024_E_TRND,832674fffffffff,0.1899
2024_E_TRND,832675fffffffff,0.1564
2024_E_TRND,832676fffffffff,0.1787
2024_E_TRND,832680fffffffff,0.0553
2024_E_TRND,832681fffffffff,0.0067
2024_E_TRND,832682fffffffff,0.0833
2024_E_TRND,832683fffffffff,0.0046
2024_E_TRND,832684fffffffff,0.067
2024_E_TRND,832685fffffffff,0.2113
2024_E_TRND,832686fffffffff,0.2177
2024_E_TRND,832688fffffffff,0.0878
2024_E_TRND,832689fffffffff,0.6061
2024_E_TRND,83268afffffffff,0.0809
2024_E_TRND,83268bfffffffff,0.1744
2024_E_TRND,83268cfffffffff,0.5197
2024_E_TRND,83268dfffffffff,1.4096
2024_E_TRND,83268efffffffff,0.0377
2024_E_TRND,832690fffffffff,0.0113
2024_E_TRND,832691fffffffff,0.0682
2024_E_TRND,832692fffffffff,0.0087
2024_E_TRND,832693fffffffff,0.0307
2024_E_TRND,832694fffffffff,0.0101
2024_E_TRND,832695fffffffff,0.0701
2024_E_TRND,832696fffffffff,0.0114
2024_E_TRND,832698fffffffff,0.0083
2024_E_TRND,832699fffffffff,0.012
2024_E_TRND,83269afffffffff,0.0106
2024_E_TRND,83269bfffffffff,0.0221
2024_E_TRND,83269cfffffffff,0.0494
2024_E_TRND,83269dfffffffff,0.0224
2024_E_TRND,83269efffffffff,0.0566
2024_E_TRND,8326a0fffffffff,0.4658
2024_E_TRND,8326a1fffffffff,0.4128
2024_E_TRND,8326a2fffffffff,0.1654
2024_E_TRND,8326a3fffffffff,0.3209
2024_E_TRND,8326a4fffffffff,0.3202
2024_E_TRND,8326a5fffffffff,0.3688
2024_E_TRND,8326a6fffffffff,0.2671
2024_E_TRND,8326a8fffffffff,0.9213
2024_E_TRND,8326a9fffffffff,0.7476
2024_E_TRND,8326aafffffffff,1.0393
2024_E_TRND,8326abfffffffff,1.759
2024_E_TRND,8326acfffffffff,0.6527
2024_E_TRND,8326adfffffffff,0.5005
2024_E_TRND,8326aefffffffff,0.6824
2024_E_TRND,8326b0fffffffff,0.0444
2024_E_TRND,8326b1fffffffff,0.1603
2024_E_TRND,8326b2fffffffff,0.0612
2024_E_TRND,8326b3fffffffff,0.1679
2024_E_TRND,8326b4fffffffff,0.0587
2024_E_TRND,8326b5fffffffff,0.0972
2024_E_TRND,8326b6fffffffff,0.0398
2024_E_TRND,8326c0fffffffff,0.277
2024_E_TRND,8326c1fffffffff,0.1895
2024_E_TRND,8326c2fffffffff,0.6548
2024_E_TRND,8326c3fffffffff,0.2938
2024_E_TRND,8326c4fffffffff,0.5096
2024_E_TRND,8326c5fffffffff,0.3347
2024_E_TRND,8326c6fffffffff,0.5966
2024_E_TRND,8326c8fffffffff,0.0632
2024_E_TRND,8326c9fffffffff,0.0807
2024_E_TRND,8326cafffffffff,0.1458
2024_E_TRND,8326cbfffffffff,0.0859
2024_E_TRND,8326ccfffffffff,0.1966
2024_E_TRND,8326cdfffffffff,0.1235
2024_E_TRND,8326cefffffffff,0.2147
2024_E_TRND,8326d0fffffffff,0.5138
2024_E_TRND,8326d1fffffffff,0.8998
2024_E_TRND,8326d2fffffffff,0.3272
2024_E_TRND,8326d3fffffffff,0.4901
2024_E_TRND,8326d4fffffffff,0.6886
2024_E_TRND,8326d5fffffffff,0.5909
2024_E_TRND,8326d6fffffffff,0.5206
2024_E_TRND,8326d8fffffffff,0.4064
2024_E_TRND,8326d9fffffffff,0.4009
2024_E_TRND,8326dafffffffff,0.3687
2024_E_TRND,8326dbfffffffff,0.4112
2024_E_TRND,8326dcfffffffff,0.4634
2024_E_TRND,8326ddfffffffff,0.353
2024_E_TRND,8326defffffffff,0.3501
2024_E_TRND,8326e0fffffffff,0.3548
2024_E_TRND,8326e1fffffffff,0.2237
2024_E_TRND,8326e2fffffffff,0.5817
2024_E_TRND,8326e3fffffffff,0.3855
2024_E_TRND,8326e4fffffffff,0.3224
2024_E_TRND,8326e5fffffffff,0.2134
2024_E_TRND,8326e6fffffffff,0.6859
2024_E_TRND,8326e8fffffffff,0.1921
2024_E_TRND,8326e9fffffffff,0.1315
2024_E_TRND,8326eafffffffff,0.2188
2024_E_TRND,8326ebfffffffff,0.2704
2024_E_TRND,8326ecfffffffff,0.2133
2024_E_TRND,8326edfffffffff,0.1099
2024_E_TRND,8326eefffffffff,0.2621
2024_E_TRND,8326f0fffffffff,1.0311
2024_E_TRND,8326f1fffffffff,1.0367
2024_E_TRND,8326f2fffffffff,0.88
2024_E_TRND,8326f3fffffffff,0.6019
2024_E_TRND,8326f4fffffffff,0.9038
2024_E_TRND,8326f5fffffffff,0.9099
2024_E_TRND,8326f6fffffffff,1.2904
2024_E_TRND,832708fffffffff,0.0449
2024_E_TRND,832709fffffffff,0.0336
2024_E_TRND,83270afffffffff,0.2154
2024_E_TRND,83270bfffffffff,0.0387
2024_E_TRND,83270dfffffffff,0.0197
2024_E_TRND,83270efffffffff,0.15
2024_E_TRND,832718fffffffff,0.503
2024_E_TRND,832719fffffffff,0.309
2024_E_TRND,83271afffffffff,0.4083
2024_E_TRND,83271bfffffffff,0.5466
2024_E_TRND,83271cfffffffff,0.364
2024_E_TRND,83271dfffffffff,0.2895
2024_E_TRND,83271efffffffff,0.5536
2024_E_TRND,832740fffffffff,0.0492
2024_E_TRND,832741fffffffff,0.0107
2024_E_TRND,832742fffffffff,0.0389
2024_E_TRND,832743fffffffff,0.0459
2024_E_TRND,832744fffffffff,0.0277
2024_E_TRND,832745fffffffff,0.0149
2024_E_TRND,832746fffffffff,0.0407
2024_E_TRND,832748fffffffff,0.0301
2024_E_TRND,832749fffffffff,0.0289
2024_E_TRND,83274bfffffffff,0.036
2024_E_TRND,83274cfffffffff,0.0236
2024_E_TRND,83274dfffffffff,0.0323
2024_E_TRND,83274efffffffff,0.0141
2024_E_TRND,832750fffffffff,0.0533
2024_E_TRND,832751fffffffff,0.0796
2024_E_TRND,832752fffffffff,0.0617
2024_E_TRND,832753fffffffff,0.0704
2024_E_TRND,832754fffffffff,0.0248
2024_E_TRND,832755fffffffff,0.056
2024_E_TRND,832756fffffffff,0.0308
2024_E_TRND,832758fffffffff,0.0771
2024_E_TRND,832759fffffffff,0.0387
2024_E_TRND,83275afffffffff,0.112
2024_E_TRND,83275bfffffffff,0.0921
2024_E_TRND,83275cfffffffff,0.1116
2024_E_TRND,83275dfffffffff,0.0475
2024_E_TRND,83275efffffffff,0.0621
2024_E_TRND,832763fffffffff,0.0183
2024_E_TRND,832768fffffffff,0.0484
2024_E_TRND,83276afffffffff,0.0583
2024_E_TRND,83276bfffffffff,0.0329
2024_E_TRND,83276efffffffff,0.0211
2024_E_TRND,832770fffffffff,0.0033
2024_E_TRND,832771fffffffff,0.0125
2024_E_TRND,832772fffffffff,0.0377
2024_E_TRND,832773fffffffff,0.0104
2024_E_TRND,832780fffffffff,0.2891
2024_E_TRND,832781fffffffff,0.1828
2024_E_TRND,832782fffffffff,0.2647
2024_E_TRND,832783fffffffff,0.1768
2024_E_TRND,832784fffffffff,0.335
2024_E_TRND,832785fffffffff,0.1488
2024_E_TRND,832786fffffffff,0.2807
2024_E_TRND,832788fffffffff,0.331
2024_E_TRND,832789fffffffff,0.4642
2024_E_TRND,83278afffffffff,0.3107
2024_E_TRND,83278bfffffffff,0.2273
2024_E_TRND,83278cfffffffff,0.1553
2024_E_TRND,83278dfffffffff,0.245
2024_E_TRND,83278efffffffff,0.1776
2024_E_TRND,832790fffffffff,0.2466
2024_E_TRND,832791fffffffff,0.4037
2024_E_TRND,832792fffffffff,0.025
2024_E_TRND,832793fffffffff,0.106
2024_E_TRND,832794fffffffff,0.0666
2024_E_TRND,832795fffffffff,0.2211
2024_E_TRND,832796fffffffff,0.0265
2024_E_TRND,832798fffffffff,0.0357
2024_E_TRND,832799fffffffff,0.1378
2024_E_TRND,83279afffffffff,0.038
2024_E_TRND,83279bfffffffff,0.1513
2024_E_TRND,83279cfffffffff,0.1171
2024_E_TRND,83279dfffffffff,0.1077
2024_E_TRND,83279efffffffff,0.0284
2024_E_TRND,8327a3fffffffff,0.1411
2024_E_TRND,8327a8fffffffff,0.2478
2024_E_TRND,8327a9fffffffff,0.3326
2024_E_TRND,8327aafffffffff,0.0865
2024_E_TRND,8327abfffffffff,0.2822
2024_E_TRND,8327acfffffffff,0.5086
2024_E_TRND,8327adfffffffff,0.2742
2024_E_TRND,8327aefffffffff,0.1979
2024_E_TRND,8327b3fffffffff,0.083
2024_E_TRND,832800fffffffff,0.0
2024_E_TRND,832802fffffffff,0.0
2024_E_TRND,832806fffffffff,0.0072
2024_E_TRND,832810fffffffff,0.0
2024_E_TRND,832811fffffffff,0.0
2024_E_TRND,832812fffffffff,0.034
2024_E_TRND,832813fffffffff,0.0011
2024_E_TRND,832814fffffffff,0.0053
2024_E_TRND,832815fffffffff,0.0213
2024_E_TRND,832816fffffffff,0.032
2024_E_TRND,832818fffffffff,0.0008
2024_E_TRND,83281afffffffff,0.0
2024_E_TRND,83281bfffffffff,0.0004
2024_E_TRND,83281cfffffffff,0.0054
2024_E_TRND,83281efffffffff,0.007
2024_E_TRND,832830fffffffff,0.0048
2024_E_TRND,832831fffffffff,0.0056
2024_E_TRND,832832fffffffff,0.004
2024_E_TRND,832833fffffffff,0.0468
2024_E_TRND,832834fffffffff,0.0019
2024_E_TRND,832835fffffffff,0.0
2024_E_TRND,832836fffffffff,0.0042
2024_E_TRND,832880fffffffff,0.0099
2024_E_TRND,832881fffffffff,0.0231
2024_E_TRND,832882fffffffff,0.0185
2024_E_TRND,832883fffffffff,0.0059
2024_E_TRND,832884fffffffff,0.0377
2024_E_TRND,832885fffffffff,0.0447
2024_E_TRND,832886fffffffff,0.0479
2024_E_TRND,832888fffffffff,0.0062
2024_E_TRND,832889fffffffff,0.0058
2024_E_TRND,83288afffffffff,0.0096
2024_E_TRND,83288bfffffffff,0.0235
2024_E_TRND,83288cfffffffff,0.0144
2024_E_TRND,83288dfffffffff,0.0151
2024_E_TRND,83288efffffffff,0.0163
2024_E_TRND,832890fffffffff,0.0549
2024_E_TRND,832891fffffffff,0.0743
2024_E_TRND,832892fffffffff,0.0065
2024_E_TRND,832893fffffffff,0.0205
2024_E_TRND,832894fffffffff,0.1408
2024_E_TRND,832895fffffffff,0.0822
2024_E_TRND,832896fffffffff,0.0245
2024_E_TRND,832898fffffffff,0.0072
2024_E_TRND,832899fffffffff,0.0126
2024_E_TRND,83289afffffffff,0.0077
2024_E_TRND,83289bfffffffff,0.0057
2024_E_TRND,83289cfffffffff,0.0001
2024_E_TRND,83289dfffffffff,0.021
2024_E_TRND,83289efffffffff,0.0089
2024_E_TRND,8328a0fffffffff,0.0908
2024_E_TRND,8328a1fffffffff,0.0944
2024_E_TRND,8328a2fffffffff,0.0933
2024_E_TRND,8328a3fffffffff,0.0628
2024_E_TRND,8328a4fffffffff,0.0444
2024_E_TRND,8328a5fffffffff,0.0626
2024_E_TRND,8328a6fffffffff,0.0976
2024_E_TRND,8328a8fffffffff,0.0458
2024_E_TRND,8328a9fffffffff,0.0158
2024_E_TRND,8328aafffffffff,0.0411
2024_E_TRND,8328abfffffffff,0.0234
2024_E_TRND,8328acfffffffff,0.0484
2024_E_TRND,8328adfffffffff,0.0151
2024_E_TRND,8328aefffffffff,0.0995
2024_E_TRND,8328b0fffffffff,0.0958
2024_E_TRND,8328b1fffffffff,0.0753
2024_E_TRND,8328b2fffffffff,0.0606
2024_E_TRND,8328b3fffffffff,0.1418
2024_E_TRND,8328b4fffffffff,0.0615
2024_E_TRND,8328b5fffffffff,0.1106
2024_E_TRND,8328b6fffffffff,0.0426
2024_E_TRND,8328c2fffffffff,0.0006
2024_E_TRND,8328c6fffffffff,0.0142
2024_E_TRND,8328d0fffffffff,0.0016
2024_E_TRND,8328d1fffffffff,0.0008
2024_E_TRND,8328d2fffffffff,0.0004
2024_E_TRND,8328d3fffffffff,0.0007
2024_E_TRND,8328d4fffffffff,0.0007
2024_E_TRND,8328d5fffffffff,0.0009
2024_E_TRND,8328d6fffffffff,0.0125
2024_E_TRND,8328defffffffff,0.0
2024_E_TRND,8328f0fffffffff,0.0055
2024_E_TRND,8328f1fffffffff,0.0063
2024_E_TRND,8328f2fffffffff,0.0244
2024_E_TRND,8328f3fffffffff,0.0061
2024_E_TRND,8328f4fffffffff,0.0104
2024_E_TRND,8328f5fffffffff,0.0086
2024_E_TRND,8328f6fffffffff,0.0014
2024_E_TRND,832912fffffffff,0.0022
2024_E_TRND,832913fffffffff,0.0106
2024_E_TRND,832916fffffffff,0.0
2024_E_TRND,83291afffffffff,0.0005
2024_E_TRND,832980fffffffff,0.0348
2024_E_TRND,832981fffffffff,0.0202
2024_E_TRND,832982fffffffff,0.0553
2024_E_TRND,832983fffffffff,0.0261
2024_E_TRND,832984fffffffff,0.0265
2024_E_TRND,832985fffffffff,0.0046
2024_E_TRND,832986fffffffff,0.0218
2024_E_TRND,832988fffffffff,0.0249
2024_E_TRND,832989fffffffff,0.0131
2024_E_TRND,83298afffffffff,0.0589
2024_E_TRND,83298bfffffffff,0.0224
2024_E_TRND,83298cfffffffff,0.0016
2024_E_TRND,83298dfffffffff,0.0003
2024_E_TRND,83298efffffffff,0.0133
2024_E_TRND,832990fffffffff,0.0127
2024_E_TRND,832991fffffffff,0.057
2024_E_TRND,832992fffffffff,0.0302
2024_E_TRND,832993fffffffff,0.0217
2024_E_TRND,832994fffffffff,0.0703
2024_E_TRND,832995fffffffff,0.0368
2024_E_TRND,832996fffffffff,0.0164
2024_E_TRND,832998fffffffff,0.0095
2024_E_TRND,832999fffffffff,0.0409
2024_E_TRND,83299afffffffff,0.0014
2024_E_TRND,83299bfffffffff,0.0439
2024_E_TRND,83299cfffffffff,0.0418
2024_E_TRND,83299dfffffffff,0.0373
2024_E_TRND,83299efffffffff,0.0442
2024_E_TRND,8329a0fffffffff,0.0059
2024_E_TRND,8329a1fffffffff,0.0054
2024_E_TRND,8329a2fffffffff,0.0316
2024_E_TRND,8329a3fffffffff,0.0197
2024_E_TRND,8329a4fffffffff,0.0068
2024_E_TRND,8329a5fffffffff,0.0016
2024_E_TRND,8329a6fffffffff,0.017
2024_E_TRND,8329a8fffffffff,0.0115
2024_E_TRND,8329a9fffffffff,0.0104
2024_E_TRND,8329aafffffffff,0.0114
2024_E_TRND,8329abfffffffff,0.0183
2024_E_TRND,8329acfffffffff,0.0059
2024_E_TRND,8329adfffffffff,0.0006
2024_E_TRND,8329aefffffffff,0.0106
2024_E_TRND,8329b0fffffffff,0.0159
2024_E_TRND,8329b1fffffffff,0.0303
2024_E_TRND,8329b2fffffffff,0.0625
2024_E_TRND,8329b3fffffffff,0.041
2024_E_TRND,8329b4fffffffff,0.0246
2024_E_TRND,8329b5fffffffff,0.0207
2024_E_TRND,8329b6fffffffff,0.019
2024_E_TRND,832a06fffffffff,0.0011
2024_E_TRND,832a10fffffffff,0.0045
2024_E_TRND,832a12fffffffff,0.0135
2024_E_TRND,832a13fffffffff,0.0112
2024_E_TRND,832a14fffffffff,0.0155
2024_E_TRND,832a15fffffffff,0.0106
2024_E_TRND,832a16fffffffff,0.0142
2024_E_TRND,832a30fffffffff,0.0012
2024_E_TRND,832a31fffffffff,0.0028
2024_E_TRND,832a32fffffffff,0.0121
2024_E_TRND,832a33fffffffff,0.007
2024_E_TRND,832a34fffffffff,0.0083
2024_E_TRND,832a36fffffffff,0.014
2024_E_TRND,832a80fffffffff,0.0193
2024_E_TRND,832a81fffffffff,0.0079
2024_E_TRND,832a82fffffffff,0.0192
2024_E_TRND,832a83fffffffff,0.0042
2024_E_TRND,832a84fffffffff,0.0196
2024_E_TRND,832a85fffffffff,0.0376
2024_E_TRND,832a86fffffffff,0.0221
2024_E_TRND,832a88fffffffff,0.0344
2024_E_TRND,832a89fffffffff,0.0345
2024_E_TRND,832a8afffffffff,0.0113
2024_E_TRND,832a8bfffffffff,0.0269
2024_E_TRND,832a8cfffffffff,0.0315
2024_E_TRND,832a8dfffffffff,0.0693
2024_E_TRND,832a8efffffffff,0.0107
2024_E_TRND,832a90fffffffff,0.04
2024_E_TRND,832a91fffffffff,0.06
2024_E_TRND,832a92fffffffff,0.0539
2024_E_TRND,832a93fffffffff,0.0478
2024_E_TRND,832a94fffffffff,0.0499
2024_E_TRND,832a95fffffffff,0.0256
2024_E_TRND,832a96fffffffff,0.0787
2024_E_TRND,832a98fffffffff,0.0169
2024_E_TRND,832a99fffffffff,0.0109
2024_E_TRND,832a9afffffffff,0.0327
2024_E_TRND,832a9bfffffffff,0.0181
2024_E_TRND,832a9cfffffffff,0.0182
2024_E_TRND,832a9dfffffffff,0.0033
2024_E_TRND,832a9efffffffff,0.0378
2024_E_TRND,832aa0fffffffff,0.0407
2024_E_TRND,832aa1fffffffff,0.0273
2024_E_TRND,832aa2fffffffff,0.0441
2024_E_TRND,832aa3fffffffff,0.0198
2024_E_TRND,832aa4fffffffff,0.0111
2024_E_TRND,832aa5fffffffff,0.0494
2024_E_TRND,832aa6fffffffff,0.0193
2024_E_TRND,832aa8fffffffff,0.0225
2024_E_TRND,832aa9fffffffff,0.0403
2024_E_TRND,832aaafffffffff,0.0458
2024_E_TRND,832aabfffffffff,0.0647
2024_E_TRND,832aacfffffffff,0.0175
2024_E_TRND,832aadfffffffff,0.025
2024_E_TRND,832aaefffffffff,0.0239
2024_E_TRND,832ab1fffffffff,0.0315
2024_E_TRND,832ab2fffffffff,0.0117
2024_E_TRND,832ab3fffffffff,0.0274
2024_E_TRND,832ab5fffffffff,0.0184
2024_E_TRND,832ab6fffffffff,0.0361
2024_E_TRND,832ad0fffffffff,0.0737
2024_E_TRND,832ad2fffffffff,0.048
2024_E_TRND,832ad3fffffffff,0.0397
2024_E_TRND,832ad4fffffffff,0.0713
2024_E_TRND,832ad5fffffffff,0.1265
2024_E_TRND,832ad6fffffffff,0.0316
2024_E_TRND,832af0fffffffff,0.0616
2024_E_TRND,832af2fffffffff,0.1051
2024_E_TRND,832af3fffffffff,0.1828
2024_E_TRND,832af6fffffffff,0.0654
2024_E_TRND,832b10fffffffff,0.0564
2024_E_TRND,832b11fffffffff,0.0676
2024_E_TRND,832b12fffffffff,0.0556
2024_E_TRND,832b13fffffffff,0.0706
2024_E_TRND,832b18fffffffff,0.0126
2024_E_TRND,832b1afffffffff,0.0026
2024_E_TRND,832b1bfffffffff,0.0
2024_E_TRND,832b1efffffffff,0.0319
2024_E_TRND,832b81fffffffff,0.0
2024_E_TRND,832b88fffffffff,0.0115
2024_E_TRND,832b89fffffffff,0.0236
2024_E_TRND,832b8afffffffff,0.0157
2024_E_TRND,832b8bfffffffff,0.0306
2024_E_TRND,832b8cfffffffff,0.0032
2024_E_TRND,832b8dfffffffff,0.003
2024_E_TRND,832b8efffffffff,0.0073
2024_E_TRND,832b99fffffffff,0.004
2024_E_TRND,832b9bfffffffff,0.0008
2024_E_TRND,832ba8fffffffff,0.0178
2024_E_TRND,832ba9fffffffff,0.0103
2024_E_TRND,832babfffffffff,0.0115
2024_E_TRND,832bacfffffffff,0.033
2024_E_TRND,832badfffffffff,0.035
2024_E_TRND,834412fffffffff,0.1786
2024_E_TRND,834413fffffffff,0.0572
2024_E_TRND,834414fffffffff,0.0269
2024_E_TRND,834416fffffffff,0.0372
2024_E_TRND,83441afffffffff,0.0295
2024_E_TRND,83441bfffffffff,0.0529
2024_E_TRND,83441efffffffff,0.0542
2024_E_TRND,834440fffffffff,0.102
2024_E_TRND,834441fffffffff,0.2446
2024_E_TRND,834442fffffffff,0.1941
2024_E_TRND,834443fffffffff,0.3194
2024_E_TRND,834444fffffffff,0.0505
2024_E_TRND,834445fffffffff,0.1796
2024_E_TRND,834446fffffffff,0.055
2024_E_TRND,834448fffffffff,0.1458
2024_E_TRND,834449fffffffff,0.1924
2024_E_TRND,83444afffffffff,0.1834
2024_E_TRND,83444bfffffffff,0.1817
2024_E_TRND,83444cfffffffff,0.2184
2024_E_TRND,83444dfffffffff,0.1769
2024_E_TRND,83444efffffffff,0.1973
2024_E_TRND,834450fffffffff,0.0598
2024_E_TRND,834451fffffffff,0.2048
2024_E_TRND,834452fffffffff,0.0924
2024_E_TRND,834453fffffffff,0.1489
2024_E_TRND,834455fffffffff,0.0873
2024_E_TRND,834456fffffffff,0.0383
2024_E_TRND,834458fffffffff,0.2745
2024_E_TRND,834459fffffffff,0.2176
2024_E_TRND,83445afffffffff,0.2332
2024_E_TRND,83445bfffffffff,0.0993
2024_E_TRND,83445cfffffffff,0.3613
2024_E_TRND,83445dfffffffff,0.3617
2024_E_TRND,83445efffffffff,0.3167
2024_E_TRND,834463fffffffff,0.2863
2024_E_TRND,834468fffffffff,0.0848
2024_E_TRND,834469fffffffff,0.1051
2024_E_TRND,83446afffffffff,0.1857
2024_E_TRND,83446bfffffffff,0.1596
2024_E_TRND,83446cfffffffff,0.0549
2024_E_TRND,83446dfffffffff,0.0538
2024_E_TRND,83446efffffffff,0.1334
2024_E_TRND,834471fffffffff,0.0697
2024_E_TRND,834473fffffffff,0.1303
2024_E_TRND,8344a1fffffffff,0.1003
2024_E_TRND,8344a5fffffffff,0.0388
2024_E_TRND,8344a8fffffffff,0.054
2024_E_TRND,8344a9fffffffff,0.0395
2024_E_TRND,8344abfffffffff,0.0885
2024_E_TRND,8344acfffffffff,0.1295
2024_E_TRND,8344adfffffffff,0.0927
2024_E_TRND,8344aefffffffff,0.0202
2024_E_TRND,8344c0fffffffff,0.1049
2024_E_TRND,8344c1fffffffff,0.0321
2024_E_TRND,8344c2fffffffff,0.091
2024_E_TRND,8344c3fffffffff,0.053
2024_E_TRND,8344c4fffffffff,0.0909
2024_E_TRND,8344c5fffffffff,0.108
2024_E_TRND,8344c6fffffffff,0.0498
2024_E_TRND,8344c8fffffffff,0.0606
2024_E_TRND,8344c9fffffffff,0.0988
2024_E_TRND,8344cafffffffff,0.0149
2024_E_TRND,8344cbfffffffff,0.0273
2024_E_TRND,8344ccfffffffff,0.0572
2024_E_TRND,8344cdfffffffff,0.1174
2024_E_TRND,8344cefffffffff,0.0566
2024_E_TRND,8344d0fffffffff,0.0486
2024_E_TRND,8344d1fffffffff,0.111
2024_E_TRND,8344d2fffffffff,0.0822
2024_E_TRND,8344d3fffffffff,0.0651
2024_E_TRND,8344d5fffffffff,0.0465
2024_E_TRND,8344d8fffffffff,0.0508
2024_E_TRND,8344d9fffffffff,0.0119
2024_E_TRND,8344dafffffffff,0.021
2024_E_TRND,8344dbfffffffff,0.0279
2024_E_TRND,8344dcfffffffff,0.1107
2024_E_TRND,8344ddfffffffff,0.0337
2024_E_TRND,8344defffffffff,0.0665
2024_E_TRND,8344e0fffffffff,0.1218
2024_E_TRND,8344e1fffffffff,0.1275
2024_E_TRND,8344e2fffffffff,0.0733
2024_E_TRND,8344e3fffffffff,0.1353
2024_E_TRND,8344e4fffffffff,0.2127
2024_E_TRND,8344e5fffffffff,0.1125
2024_E_TRND,8344e6fffffffff,0.0819
2024_E_TRND,8344e8fffffffff,0.1224
2024_E_TRND,8344e9fffffffff,0.1845
2024_E_TRND,8344eafffffffff,0.0862
2024_E_TRND,8344ebfffffffff,0.1248
2024_E_TRND,8344ecfffffffff,0.1332
2024_E_TRND,8344edfffffffff,0.2059
2024_E_TRND,8344eefffffffff,0.1498
2024_E_TRND,8344f0fffffffff,0.0516
2024_E_TRND,8344f1fffffffff,0.0774
2024_E_TRND,8344f3fffffffff,0.0672
2024_E_TRND,8344f4fffffffff,0.0389
2024_E_TRND,8344f5fffffffff,0.0537
2024_E_TRND,8344f6fffffffff,0.093
2024_E_TRND,834859fffffffff,0.0056
2024_E_TRND,83485afffffffff,0.0042
2024_E_TRND,83485bfffffffff,0.019
2024_E_TRND,834880fffffffff,0.0433
2024_E_TRND,834881fffffffff,0.0776
2024_E_TRND,834882fffffffff,0.0799
2024_E_TRND,834883fffffffff,0.0717
2024_E_TRND,834886fffffffff,0.0608
2024_E_TRND,834888fffffffff,0.3839
2024_E_TRND,834889fffffffff,0.6638
2024_E_TRND,83488afffffffff,0.2374
2024_E_TRND,83488bfffffffff,0.2994
2024_E_TRND,83488cfffffffff,0.2225
2024_E_TRND,83488dfffffffff,0.4261
2024_E_TRND,83488efffffffff,0.2883
2024_E_TRND,834890fffffffff,0.1334
2024_E_TRND,834891fffffffff,0.0824
2024_E_TRND,834892fffffffff,0.0661
2024_E_TRND,834893fffffffff,0.1017
2024_E_TRND,834895fffffffff,0.1441
2024_E_TRND,834898fffffffff,0.0863
2024_E_TRND,834899fffffffff,0.2623
2024_E_TRND,83489afffffffff,0.0647
2024_E_TRND,83489bfffffffff,0.1551
2024_E_TRND,83489cfffffffff,0.0306
2024_E_TRND,83489dfffffffff,0.0877
2024_E_TRND,83489efffffffff,0.0569
2024_E_TRND,8348abfffffffff,0.3056
2024_E_TRND,8348b1fffffffff,0.0212
2024_E_TRND,8348b2fffffffff,0.0336
2024_E_TRND,8348b3fffffffff,0.0487
2024_E_TRND,8348c0fffffffff,0.0135
2024_E_TRND,8348c1fffffffff,0.0083
2024_E_TRND,8348c2fffffffff,0.0612
2024_E_TRND,8348c3fffffffff,0.0298
2024_E_TRND,8348c4fffffffff,0.0168
2024_E_TRND,8348c5fffffffff,0.0194
2024_E_TRND,8348c6fffffffff,0.0429
2024_E_TRND,8348c8fffffffff,0.0341
2024_E_TRND,8348c9fffffffff,0.127
2024_E_TRND,8348cafffffffff,0.0074
2024_E_TRND,8348cbfffffffff,0.0155
2024_E_TRND,8348ccfffffffff,0.0175
2024_E_TRND,8348cdfffffffff,0.0822
2024_E_TRND,8348cefffffffff,0.0086
2024_E_TRND,8348d0fffffffff,0.3354
2024_E_TRND,8348d1fffffffff,0.2295
2024_E_TRND,8348d2fffffffff,0.3273
2024_E_TRND,8348d3fffffffff,0.2728
2024_E_TRND,8348d4fffffffff,0.2804
2024_E_TRND,8348d5fffffffff,0.2242
2024_E_TRND,8348d6fffffffff,0.2305
2024_E_TRND,8348d8fffffffff,0.0232
2024_E_TRND,8348d9fffffffff,0.0388
2024_E_TRND,8348dafffffffff,0.1812
2024_E_TRND,8348dbfffffffff,0.0303
2024_E_TRND,8348dcfffffffff,0.1252
2024_E_TRND,8348ddfffffffff,0.0211
2024_E_TRND,8348defffffffff,0.1701
2024_E_TRND,8348e3fffffffff,0.0275
2024_E_TRND,8348e8fffffffff,0.0128
2024_E_TRND,8348e9fffffffff,0.0086
2024_E_TRND,8348eafffffffff,0.0059
2024_E_TRND,8348ebfffffffff,0.0143
2024_E_TRND,8348ecfffffffff,0.0022
2024_E_TRND,8348edfffffffff,0.0094
2024_E_TRND,8348eefffffffff,0.0104
2024_E_TRND,8348f2fffffffff,0.1857
2024_E_TRND,8348f3fffffffff,0.1519
2024_E_TRND,8348f6fffffffff,0.0543
2024_E_UNEMP,8312c9fffffffff,6.8
2024_E_UNEMP,8312cafffffffff,2.7
2024_E_UNEMP,8312cbfffffffff,4.0
2024_E_UNEMP,8312d8fffffffff,6.6
2024_E_UNEMP,8312d9fffffffff,6.8
2024_E_UNEMP,8312dafffffffff,7.4
2024_E_UNEMP,8312dbfffffffff,5.1
2024_E_UNEMP,8312ddfffffffff,3.6
2024_E_UNEMP,8312defffffffff,2.9
2024_E_UNEMP,832600fffffffff,1.6
2024_E_UNEMP,832601fffffffff,2.6
2024_E_UNEMP,832602fffffffff,2.8
2024_E_UNEMP,832603fffffffff,2.4
2024_E_UNEMP,832604fffffffff,1.9
2024_E_UNEMP,832605fffffffff,2.6
2024_E_UNEMP,832606fffffffff,2.5
2024_E_UNEMP,832608fffffffff,2.5
2024_E_UNEMP,832609fffffffff,2.8
2024_E_UNEMP,83260afffffffff,2.1
2024_E_UNEMP,83260bfffffffff,3.4
2024_E_UNEMP,83260cfffffffff,2.2
2024_E_UNEMP,83260dfffffffff,3.7
2024_E_UNEMP,83260efffffffff,2.7
2024_E_UNEMP,832610fffffffff,10.5
2024_E_UNEMP,832611fffffffff,1.4
2024_E_UNEMP,832612fffffffff,6.1
2024_E_UNEMP,832613fffffffff,0.8
2024_E_UNEMP,832614fffffffff,6.1
2024_E_UNEMP,832615fffffffff,4.7
2024_E_UNEMP,832616fffffffff,5.1
2024_E_UNEMP,832618fffffffff,2.1
2024_E_UNEMP,832619fffffffff,1.7
2024_E_UNEMP,83261afffffffff,2.2
2024_E_UNEMP,83261bfffffffff,2.5
2024_E_UNEMP,83261cfffffffff,1.2
2024_E_UNEMP,83261dfffffffff,1.9
2024_E_UNEMP,83261efffffffff,1.3
2024_E_UNEMP,832620fffffffff,3.1
2024_E_UNEMP,832621fffffffff,2.9
2024_E_UNEMP,832622fffffffff,3.3
2024_E_UNEMP,832623fffffffff,3.3
2024_E_UNEMP,832624fffffffff,5.8
2024_E_UNEMP,832625fffffffff,4.7
2024_E_UNEMP,832626fffffffff,2.2
2024_E_UNEMP,832628fffffffff,2.8
2024_E_UNEMP,832629fffffffff,3.3
2024_E_UNEMP,83262afffffffff,3.2
2024_E_UNEMP,83262bfffffffff,2.8
2024_E_UNEMP,83262cfffffffff,3.0
2024_E_UNEMP,83262dfffffffff,2.2
2024_E_UNEMP,83262efffffffff,3.0
2024_E_UNEMP,832630fffffffff,2.9
2024_E_UNEMP,832631fffffffff,2.2
2024_E_UNEMP,832632fffffffff,18.4
2024_E_UNEMP,832633fffffffff,2.2
2024_E_UNEMP,832634fffffffff,1.4
2024_E_UNEMP,832635fffffffff,1.8
2024_E_UNEMP,832636fffffffff,5.3
2024_E_UNEMP,832640fffffffff,4.8
2024_E_UNEMP,832641fffffffff,5.8
2024_E_UNEMP,832642fffffffff,4.8
2024_E_UNEMP,832643fffffffff,5.2
2024_E_UNEMP,832644fffffffff,4.1
2024_E_UNEMP,832645fffffffff,4.6
2024_E_UNEMP,832646fffffffff,3.8
2024_E_UNEMP,832648fffffffff,6.6
2024_E_UNEMP,832649fffffffff,4.2
2024_E_UNEMP,83264afffffffff,6.2
2024_E_UNEMP,83264bfffffffff,4.2
2024_E_UNEMP,83264cfffffffff,4.0
2024_E_UNEMP,83264dfffffffff,3.4
2024_E_UNEMP,83264efffffffff,4.3
2024_E_UNEMP,832650fffffffff,3.5
2024_E_UNEMP,832651fffffffff,4.2
2024_E_UNEMP,832652fffffffff,3.9
2024_E_UNEMP,832653fffffffff,3.4
2024_E_UNEMP,832654fffffffff,3.7
2024_E_UNEMP,832655fffffffff,2.9
2024_E_UNEMP,832656fffffffff,3.5
2024_E_UNEMP,832658fffffffff,6.1
2024_E_UNEMP,832659fffffffff,8.0
2024_E_UNEMP,83265afffffffff,4.8
2024_E_UNEMP,83265bfffffffff,5.5
2024_E_UNEMP,83265cfffffffff,4.8
2024_E_UNEMP,83265dfffffffff,5.5
2024_E_UNEMP,83265efffffffff,5.2
2024_E_UNEMP,832660fffffffff,4.4
2024_E_UNEMP,832661fffffffff,3.9
2024_E_UNEMP,832662fffffffff,4.0
2024_E_UNEMP,832663fffffffff,5.0
2024_E_UNEMP,832664fffffffff,5.6
2024_E_UNEMP,832665fffffffff,3.9
2024_E_UNEMP,832666fffffffff,4.8
2024_E_UNEMP,832668fffffffff,4.6
2024_E_UNEMP,832669fffffffff,5.5
2024_E_UNEMP,83266afffffffff,4.3
2024_E_UNEMP,83266bfffffffff,4.2
2024_E_UNEMP,83266cfffffffff,4.0
2024_E_UNEMP,83266dfffffffff,4.2
2024_E_UNEMP,83266efffffffff,3.7
2024_E_UNEMP,832670fffffffff,3.3
2024_E_UNEMP,832671fffffffff,4.3
2024_E_UNEMP,832672fffffffff,2.9
2024_E_UNEMP,832673fffffffff,2.7
2024_E_UNEMP,832674fffffffff,3.1
2024_E_UNEMP,832675fffffffff,4.3
2024_E_UNEMP,832676fffffffff,3.6
2024_E_UNEMP,832680fffffffff,5.8
2024_E_UNEMP,832681fffffffff,4.7
2024_E_UNEMP,832682fffffffff,8.5
2024_E_UNEMP,832683fffffffff,3.2
2024_E_UNEMP,832684fffffffff,2.8
2024_E_UNEMP,832685fffffffff,3.5
2024_E_UNEMP,832686fffffffff,6.8
2024_E_UNEMP,832688fffffffff,5.5
2024_E_UNEMP,832689fffffffff,5.6
2024_E_UNEMP,83268afffffffff,6.4
2024_E_UNEMP,83268bfffffffff,5.2
2024_E_UNEMP,83268cfffffffff,3.4
2024_E_UNEMP,83268dfffffffff,2.4
2024_E_UNEMP,83268efffffffff,3.6
2024_E_UNEMP,832690fffffffff,2.2
2024_E_UNEMP,832691fffffffff,7.1
2024_E_UNEMP,832692fffffffff,3.4
2024_E_UNEMP,832693fffffffff,4.4
2024_E_UNEMP,832694fffffffff,2.2
2024_E_UNEMP,832695fffffffff,4.4
2024_E_UNEMP,832696fffffffff,1.9
2024_E_UNEMP,832698fffffffff,3.7
2024_E_UNEMP,832699fffffffff,6.7
2024_E_UNEMP,83269afffffffff,11.0
2024_E_UNEMP,83269bfffffffff,10.9
2024_E_UNEMP,83269cfffffffff,3.7
2024_E_UNEMP,83269dfffffffff,3.8
2024_E_UNEMP,83269efffffffff,3.0
2024_E_UNEMP,8326a0fffffffff,1.7
2024_E_UNEMP,8326a1fffffffff,3.7
2024_E_UNEMP,8326a2fffffffff,2.1
2024_E_UNEMP,8326a3fffffffff,4.2
2024_E_UNEMP,8326a4fffffffff,3.0
2024_E_UNEMP,8326a5fffffffff,3.9
2024_E_UNEMP,8326a6fffffffff,0.9
2024_E_UNEMP,8326a8fffffffff,4.2
2024_E_UNEMP,8326a9fffffffff,2.4
2024_E_UNEMP,8326aafffffffff,5.2
2024_E_UNEMP,8326abfffffffff,4.1
2024_E_UNEMP,8326acfffffffff,3.7
2024_E_UNEMP,8326adfffffffff,1.7
2024_E_UNEMP,8326aefffffffff,3.3
2024_E_UNEMP,8326b0fffffffff,8.4
2024_E_UNEMP,8326b1fffffffff,6.4
2024_E_UNEMP,8326b2fffffffff,4.0
2024_E_UNEMP,8326b3fffffffff,6.3
2024_E_UNEMP,8326b4fffffffff,4.6
2024_E_UNEMP,8326b5fffffffff,5.7
2024_E_UNEMP,8326b6fffffffff,2.6
2024_E_UNEMP,8326c0fffffffff,3.9
2024_E_UNEMP,8326c1fffffffff,4.0
2024_E_UNEMP,8326c2fffffffff,4.9
2024_E_UNEMP,8326c3fffffffff,4.4
2024_E_UNEMP,8326c4fffffffff,3.0
2024_E_UNEMP,8326c5fffffffff,4.0
2024_E_UNEMP,8326c6fffffffff,3.9
2024_E_UNEMP,8326c8fffffffff,3.7
2024_E_UNEMP,8326c9fffffffff,4.5
2024_E_UNEMP,8326cafffffffff,4.4
2024_E_UNEMP,8326cbfffffffff,4.6
2024_E_UNEMP,8326ccfffffffff,4.5
2024_E_UNEMP,8326cdfffffffff,5.2
2024_E_UNEMP,8326cefffffffff,3.8
2024_E_UNEMP,8326d0fffffffff,2.2
2024_E_UNEMP,8326d1fffffffff,1.8
2024_E_UNEMP,8326d2fffffffff,6.9
2024_E_UNEMP,8326d3fffffffff,2.3
2024_E_UNEMP,8326d4fffffffff,1.6
2024_E_UNEMP,8326d5fffffffff,2.6
2024_E_UNEMP,8326d6fffffffff,5.6
2024_E_UNEMP,8326d8fffffffff,4.4
2024_E_UNEMP,8326d9fffffffff,4.6
2024_E_UNEMP,8326dafffffffff,2.9
2024_E_UNEMP,8326dbfffffffff,2.7
2024_E_UNEMP,8326dcfffffffff,4.3
2024_E_UNEMP,8326ddfffffffff,2.7
2024_E_UNEMP,8326defffffffff,3.8
2024_E_UNEMP,8326e0fffffffff,2.3
2024_E_UNEMP,8326e1fffffffff,3.3
2024_E_UNEMP,8326e2fffffffff,2.9
2024_E_UNEMP,8326e3fffffffff,3.8
2024_E_UNEMP,8326e4fffffffff,1.9
2024_E_UNEMP,8326e5fffffffff,2.8
2024_E_UNEMP,8326e6fffffffff,2.3
2024_E_UNEMP,8326e8fffffffff,5.3
2024_E_UNEMP,8326e9fffffffff,3.7
2024_E_UNEMP,8326eafffffffff,4.5
2024_E_UNEMP,8326ebfffffffff,6.2
2024_E_UNEMP,8326ecfffffffff,3.8
2024_E_UNEMP,8326edfffffffff,4.2
2024_E_UNEMP,8326eefffffffff,4.7
2024_E_UNEMP,8326f0fffffffff,2.2
2024_E_UNEMP,8326f1fffffffff,2.1
2024_E_UNEMP,8326f2fffffffff,1.4
2024_E_UNEMP,8326f3fffffffff,2.5
2024_E_UNEMP,8326f4fffffffff,2.2
2024_E_UNEMP,8326f5fffffffff,3.0
2024_E_UNEMP,8326f6fffffffff,2.4
2024_E_UNEMP,832708fffffffff,4.3
2024_E_UNEMP,832709fffffffff,4.3
2024_E_UNEMP,83270afffffffff,7.2
2024_E_UNEMP,83270bfffffffff,7.1
2024_E_UNEMP,83270dfffffffff,5.5
2024_E_UNEMP,83270efffffffff,2.5
2024_E_UNEMP,832718fffffffff,1.9
2024_E_UNEMP,832719fffffffff,3.2
2024_E_UNEMP,83271afffffffff,1.7
2024_E_UNEMP,83271bfffffffff,1.5
2024_E_UNEMP,83271cfffffffff,3.2
2024_E_UNEMP,83271dfffffffff,3.4
2024_E_UNEMP,83271efffffffff,3.3
2024_E_UNEMP,832740fffffffff,4.8
2024_E_UNEMP,832741fffffffff,5.8
2024_E_UNEMP,832742fffffffff,4.7
2024_E_UNEMP,832743fffffffff,1.9
2024_E_UNEMP,832744fffffffff,6.3
2024_E_UNEMP,832745fffffffff,8.0
2024_E_UNEMP,832746fffffffff,5.2
2024_E_UNEMP,832748fffffffff,4.3
2024_E_UNEMP,832749fffffffff,4.7
2024_E_UNEMP,83274bfffffffff,3.9
2024_E_UNEMP,83274cfffffffff,6.3
2024_E_UNEMP,83274dfffffffff,5.0
2024_E_UNEMP,83274efffffffff,5.8
2024_E_UNEMP,832750fffffffff,4.2
2024_E_UNEMP,832751fffffffff,3.3
2024_E_UNEMP,832752fffffffff,4.0
2024_E_UNEMP,832753fffffffff,3.0
2024_E_UNEMP,832754fffffffff,3.8
2024_E_UNEMP,832755fffffffff,3.4
2024_E_UNEMP,832756fffffffff,6.2
2024_E_UNEMP,832758fffffffff,2.5
2024_E_UNEMP,832759fffffffff,4.8
2024_E_UNEMP,83275afffffffff,2.9
2024_E_UNEMP,83275bfffffffff,3.7
2024_E_UNEMP,83275cfffffffff,2.9
2024_E_UNEMP,83275dfffffffff,2.9
2024_E_UNEMP,83275efffffffff,3.7
2024_E_UNEMP,832763fffffffff,8.2
2024_E_UNEMP,832768fffffffff,6.3
2024_E_UNEMP,83276afffffffff,6.7
2024_E_UNEMP,83276bfffffffff,5.6
2024_E_UNEMP,83276efffffffff,7.5
2024_E_UNEMP,832770fffffffff,0.2
2024_E_UNEMP,832771fffffffff,4.0
2024_E_UNEMP,832772fffffffff,2.9
2024_E_UNEMP,832773fffffffff,4.8
2024_E_UNEMP,832780fffffffff,3.5
2024_E_UNEMP,832781fffffffff,2.0
2024_E_UNEMP,832782fffffffff,1.2
2024_E_UNEMP,832783fffffffff,2.0
2024_E_UNEMP,832784fffffffff,3.3
2024_E_UNEMP,832785fffffffff,5.4
2024_E_UNEMP,832786fffffffff,4.5
2024_E_UNEMP,832788fffffffff,2.5
2024_E_UNEMP,832789fffffffff,8.2
2024_E_UNEMP,83278afffffffff,1.8
2024_E_UNEMP,83278bfffffffff,2.4
2024_E_UNEMP,83278cfffffffff,3.0
2024_E_UNEMP,83278dfffffffff,4.5
2024_E_UNEMP,83278efffffffff,1.5
2024_E_UNEMP,832790fffffffff,3.6
2024_E_UNEMP,832791fffffffff,1.1
2024_E_UNEMP,832792fffffffff,2.8
2024_E_UNEMP,832793fffffffff,1.8
2024_E_UNEMP,832794fffffffff,2.1
2024_E_UNEMP,832795fffffffff,6.8
2024_E_UNEMP,832796fffffffff,3.4
2024_E_UNEMP,832798fffffffff,12.3
2024_E_UNEMP,832799fffffffff,2.7
2024_E_UNEMP,83279afffffffff,1.9
2024_E_UNEMP,83279bfffffffff,3.6
2024_E_UNEMP,83279cfffffffff,4.3
2024_E_UNEMP,83279dfffffffff,5.1
2024_E_UNEMP,83279efffffffff,2.1
2024_E_UNEMP,8327a3fffffffff,1.9
2024_E_UNEMP,8327a8fffffffff,2.3
2024_E_UNEMP,8327a9fffffffff,1.8
2024_E_UNEMP,8327aafffffffff,2.0
2024_E_UNEMP,8327abfffffffff,2.5
2024_E_UNEMP,8327acfffffffff,2.1
2024_E_UNEMP,8327adfffffffff,3.5
2024_E_UNEMP,8327aefffffffff,2.3
2024_E_UNEMP,8327b3fffffffff,3.4
2024_E_UNEMP,832800fffffffff,8.0
2024_E_UNEMP,832802fffffffff,9.1
2024_E_UNEMP,832806fffffffff,12.8
2024_E_UNEMP,832810fffffffff,9.1
2024_E_UNEMP,832811fffffffff,10.4
2024_E_UNEMP,832812fffffffff,7.2
2024_E_UNEMP,832813fffffffff,6.9
2024_E_UNEMP,832814fffffffff,8.9
2024_E_UNEMP,832815fffffffff,8.0
2024_E_UNEMP,832816fffffffff,9.2
2024_E_UNEMP,832818fffffffff,8.8
2024_E_UNEMP,83281afffffffff,9.4
2024_E_UNEMP,83281bfffffffff,4.7
2024_E_UNEMP,83281cfffffffff,11.0
2024_E_UNEMP,83281efffffffff,7.1
2024_E_UNEMP,832830fffffffff,5.9
2024_E_UNEMP,832831fffffffff,6.8
2024_E_UNEMP,832832fffffffff,5.0
2024_E_UNEMP,832833fffffffff,7.1
2024_E_UNEMP,832834fffffffff,4.6
2024_E_UNEMP,832835fffffffff,9.8
2024_E_UNEMP,832836fffffffff,8.5
2024_E_UNEMP,832880fffffffff,3.3
2024_E_UNEMP,832881fffffffff,4.3
2024_E_UNEMP,832882fffffffff,2.7
2024_E_UNEMP,832883fffffffff,5.5
2024_E_UNEMP,832884fffffffff,3.3
2024_E_UNEMP,832885fffffffff,3.4
2024_E_UNEMP,832886fffffffff,2.7
2024_E_UNEMP,832888fffffffff,5.3
2024_E_UNEMP,832889fffffffff,5.2
2024_E_UNEMP,83288afffffffff,4.0
2024_E_UNEMP,83288bfffffffff,4.5
2024_E_UNEMP,83288cfffffffff,5.0
2024_E_UNEMP,83288dfffffffff,5.1
2024_E_UNEMP,83288efffffffff,5.2
2024_E_UNEMP,832890fffffffff,2.5
2024_E_UNEMP,832891fffffffff,3.2
2024_E_UNEMP,832892fffffffff,1.9
2024_E_UNEMP,832893fffffffff,3.3
2024_E_UNEMP,832894fffffffff,3.0
2024_E_UNEMP,832895fffffffff,1.6
2024_E_UNEMP,832896fffffffff,2.1
2024_E_UNEMP,832898fffffffff,3.6
2024_E_UNEMP,832899fffffffff,3.1
2024_E_UNEMP,83289afffffffff,3.0
2024_E_UNEMP,83289bfffffffff,5.8
2024_E_UNEMP,83289cfffffffff,3.4
2024_E_UNEMP,83289dfffffffff,3.6
2024_E_UNEMP,83289efffffffff,4.7
2024_E_UNEMP,8328a0fffffffff,4.0
2024_E_UNEMP,8328a1fffffffff,3.3
2024_E_UNEMP,8328a2fffffffff,3.9
2024_E_UNEMP,8328a3fffffffff,2.8
2024_E_UNEMP,8328a4fffffffff,7.8
2024_E_UNEMP,8328a5fffffffff,3.2
2024_E_UNEMP,8328a6fffffffff,7.9
2024_E_UNEMP,8328a8fffffffff,4.7
2024_E_UNEMP,8328a9fffffffff,4.0
2024_E_UNEMP,8328aafffffffff,5.6
2024_E_UNEMP,8328abfffffffff,4.7
2024_E_UNEMP,8328acfffffffff,7.5
2024_E_UNEMP,8328adfffffffff,6.8
2024_E_UNEMP,8328aefffffffff,4.0
2024_E_UNEMP,8328b0fffffffff,2.4
2024_E_UNEMP,8328b1fffffffff,3.7
2024_E_UNEMP,8328b2fffffffff,4.7
2024_E_UNEMP,8328b3fffffffff,3.5
2024_E_UNEMP,8328b4fffffffff,0.9
2024_E_UNEMP,8328b5fffffffff,7.3
2024_E_UNEMP,8328b6fffffffff,1.1
2024_E_UNEMP,8328c2fffffffff,7.8
2024_E_UNEMP,8328c6fffffffff,6.4
2024_E_UNEMP,8328d0fffffffff,4.9
2024_E_UNEMP,8328d1fffffffff,4.3
2024_E_UNEMP,8328d2fffffffff,4.4
2024_E_UNEMP,8328d3fffffffff,2.3
2024_E_UNEMP,8328d4fffffffff,5.0
2024_E_UNEMP,8328d5fffffffff,6.6
2024_E_UNEMP,8328d6fffffffff,3.5
2024_E_UNEMP,8328defffffffff,3.0
2024_E_UNEMP,8328f0fffffffff,4.2
2024_E_UNEMP,8328f1fffffffff,4.5
2024_E_UNEMP,8328f2fffffffff,6.3
2024_E_UNEMP,8328f3fffffffff,5.3
2024_E_UNEMP,8328f4fffffffff,6.5
2024_E_UNEMP,8328f5fffffffff,5.6
2024_E_UNEMP,8328f6fffffffff,5.2
2024_E_UNEMP,832912fffffffff,23.8
2024_E_UNEMP,832913fffffffff,6.5
2024_E_UNEMP,832916fffffffff,0.0
2024_E_UNEMP,83291afffffffff,3.7
2024_E_UNEMP,832980fffffffff,2.0
2024_E_UNEMP,832981fffffffff,2.7
2024_E_UNEMP,832982fffffffff,2.6
2024_E_UNEMP,832983fffffffff,3.2
2024_E_UNEMP,832984fffffffff,14.2
2024_E_UNEMP,832985fffffffff,2.9
2024_E_UNEMP,832986fffffffff,10.6
2024_E_UNEMP,832988fffffffff,9.0
2024_E_UNEMP,832989fffffffff,6.0
2024_E_UNEMP,83298afffffffff,4.6
2024_E_UNEMP,83298bfffffffff,7.8
2024_E_UNEMP,83298cfffffffff,6.1
2024_E_UNEMP,83298dfffffffff,6.2
2024_E_UNEMP,83298efffffffff,6.7
2024_E_UNEMP,832990fffffffff,5.3
2024_E_UNEMP,832991fffffffff,5.0
2024_E_UNEMP,832992fffffffff,2.0
2024_E_UNEMP,832993fffffffff,4.4
2024_E_UNEMP,832994fffffffff,5.1
2024_E_UNEMP,832995fffffffff,8.3
2024_E_UNEMP,832996fffffffff,16.0
2024_E_UNEMP,832998fffffffff,6.0
2024_E_UNEMP,832999fffffffff,3.8
2024_E_UNEMP,83299afffffffff,2.4
2024_E_UNEMP,83299bfffffffff,2.2
2024_E_UNEMP,83299cfffffffff,6.6
2024_E_UNEMP,83299dfffffffff,5.7
2024_E_UNEMP,83299efffffffff,6.4
2024_E_UNEMP,8329a0fffffffff,7.6
2024_E_UNEMP,8329a1fffffffff,7.4
2024_E_UNEMP,8329a2fffffffff,13.7
2024_E_UNEMP,8329a3fffffffff,16.4
2024_E_UNEMP,8329a4fffffffff,7.4
2024_E_UNEMP,8329a5fffffffff,4.3
2024_E_UNEMP,8329a6fffffffff,12.9
2024_E_UNEMP,8329a8fffffffff,9.5
2024_E_UNEMP,8329a9fffffffff,7.8
2024_E_UNEMP,8329aafffffffff,6.3
2024_E_UNEMP,8329abfffffffff,8.6
2024_E_UNEMP,8329acfffffffff,8.2
2024_E_UNEMP,8329adfffffffff,6.7
2024_E_UNEMP,8329aefffffffff,12.4
2024_E_UNEMP,8329b0fffffffff,3.6
2024_E_UNEMP,8329b1fffffffff,14.4
2024_E_UNEMP,8329b2fffffffff,4.3
2024_E_UNEMP,8329b3fffffffff,10.0
2024_E_UNEMP,8329b4fffffffff,6.1
2024_E_UNEMP,8329b5fffffffff,16.0
2024_E_UNEMP,8329b6fffffffff,3.8
2024_E_UNEMP,832a06fffffffff,5.3
2024_E_UNEMP,832a10fffffffff,5.2
2024_E_UNEMP,832a12fffffffff,5.2
2024_E_UNEMP,832a13fffffffff,5.8
2024_E_UNEMP,832a14fffffffff,4.5
2024_E_UNEMP,832a15fffffffff,4.2
2024_E_UNEMP,832a16fffffffff,5.9
2024_E_UNEMP,832a30fffffffff,3.7
2024_E_UNEMP,832a31fffffffff,4.6
2024_E_UNEMP,832a32fffffffff,4.3
2024_E_UNEMP,832a33fffffffff,5.0
2024_E_UNEMP,832a34fffffffff,3.4
2024_E_UNEMP,832a36fffffffff,3.5
2024_E_UNEMP,832a80fffffffff,5.9
2024_E_UNEMP,832a81fffffffff,5.8
2024_E_UNEMP,832a82fffffffff,4.7
2024_E_UNEMP,832a83fffffffff,9.4
2024_E_UNEMP,832a84fffffffff,5.0
2024_E_UNEMP,832a85fffffffff,5.6
2024_E_UNEMP,832a86fffffffff,4.8
2024_E_UNEMP,832a88fffffffff,3.7
2024_E_UNEMP,832a89fffffffff,6.1
2024_E_UNEMP,832a8afffffffff,3.8
2024_E_UNEMP,832a8bfffffffff,4.8
2024_E_UNEMP,832a8cfffffffff,3.7
2024_E_UNEMP,832a8dfffffffff,4.0
2024_E_UNEMP,832a8efffffffff,5.0
2024_E_UNEMP,832a90fffffffff,4.0
2024_E_UNEMP,832a91fffffffff,4.5
2024_E_UNEMP,832a92fffffffff,3.9
2024_E_UNEMP,832a93fffffffff,3.6
2024_E_UNEMP,832a94fffffffff,3.8
2024_E_UNEMP,832a95fffffffff,3.3
2024_E_UNEMP,832a96fffffffff,3.2
2024_E_UNEMP,832a98fffffffff,8.8
2024_E_UNEMP,832a99fffffffff,5.2
2024_E_UNEMP,832a9afffffffff,7.8
2024_E_UNEMP,832a9bfffffffff,8.0
2024_E_UNEMP,832a9cfffffffff,4.8
2024_E_UNEMP,832a9dfffffffff,7.2
2024_E_UNEMP,832a9efffffffff,5.7
2024_E_UNEMP,832aa0fffffffff,5.2
2024_E_UNEMP,832aa1fffffffff,3.5
2024_E_UNEMP,832aa2fffffffff,4.9
2024_E_UNEMP,832aa3fffffffff,4.4
2024_E_UNEMP,832aa4fffffffff,4.4
2024_E_UNEMP,832aa5fffffffff,5.3
2024_E_UNEMP,832aa6fffffffff,5.1
2024_E_UNEMP,832aa8fffffffff,4.4
2024_E_UNEMP,832aa9fffffffff,5.1
2024_E_UNEMP,832aaafffffffff,3.9
2024_E_UNEMP,832aabfffffffff,5.5
2024_E_UNEMP,832aacfffffffff,3.8
2024_E_UNEMP,832aadfffffffff,5.6
2024_E_UNEMP,832aaefffffffff,3.4
2024_E_UNEMP,832ab1fffffffff,4.8
2024_E_UNEMP,832ab2fffffffff,6.1
2024_E_UNEMP,832ab3fffffffff,4.0
2024_E_UNEMP,832ab5fffffffff,4.4
2024_E_UNEMP,832ab6fffffffff,6.1
2024_E_UNEMP,832ad0fffffffff,6.4
2024_E_UNEMP,832ad2fffffffff,6.8
2024_E_UNEMP,832ad3fffffffff,5.5
2024_E_UNEMP,832ad4fffffffff,5.5
2024_E_UNEMP,832ad5fffffffff,4.2
2024_E_UNEMP,832ad6fffffffff,4.2
2024_E_UNEMP,832af0fffffffff,3.8
2024_E_UNEMP,832af2fffffffff,6.9
2024_E_UNEMP,832af3fffffffff,5.7
2024_E_UNEMP,832af6fffffffff,4.7
2024_E_UNEMP,832b10fffffffff,6.6
2024_E_UNEMP,832b11fffffffff,4.4
2024_E_UNEMP,832b12fffffffff,7.7
2024_E_UNEMP,832b13fffffffff,4.7
2024_E_UNEMP,832b18fffffffff,6.6
2024_E_UNEMP,832b1afffffffff,3.9
2024_E_UNEMP,832b1bfffffffff,2.4
2024_E_UNEMP,832b1efffffffff,7.5
2024_E_UNEMP,832b81fffffffff,6.0
2024_E_UNEMP,832b88fffffffff,5.5
2024_E_UNEMP,832b89fffffffff,4.3
2024_E_UNEMP,832b8afffffffff,5.8
2024_E_UNEMP,832b8bfffffffff,5.3
2024_E_UNEMP,832b8cfffffffff,5.6
2024_E_UNEMP,832b8dfffffffff,3.9
2024_E_UNEMP,832b8efffffffff,6.2
2024_E_UNEMP,832b99fffffffff,4.1
2024_E_UNEMP,832b9bfffffffff,4.7
2024_E_UNEMP,832ba8fffffffff,7.6
2024_E_UNEMP,832ba9fffffffff,5.0
2024_E_UNEMP,832babfffffffff,4.0
2024_E_UNEMP,832bacfffffffff,7.3
2024_E_UNEMP,832badfffffffff,4.9
2024_E_UNEMP,834412fffffffff,0.7
2024_E_UNEMP,834413fffffffff,4.9
2024_E_UNEMP,834414fffffffff,0.0
2024_E_UNEMP,834416fffffffff,4.5
2024_E_UNEMP,83441afffffffff,5.6
2024_E_UNEMP,83441bfffffffff,4.7
2024_E_UNEMP,83441efffffffff,3.0
2024_E_UNEMP,834440fffffffff,7.1
2024_E_UNEMP,834441fffffffff,5.0
2024_E_UNEMP,834442fffffffff,8.7
2024_E_UNEMP,834443fffffffff,7.8
2024_E_UNEMP,834444fffffffff,5.6
2024_E_UNEMP,834445fffffffff,6.2
2024_E_UNEMP,834446fffffffff,4.9
2024_E_UNEMP,834448fffffffff,5.4
2024_E_UNEMP,834449fffffffff,6.1
2024_E_UNEMP,83444afffffffff,5.0
2024_E_UNEMP,83444bfffffffff,4.2
2024_E_UNEMP,83444cfffffffff,5.3
2024_E_UNEMP,83444dfffffffff,5.5
2024_E_UNEMP,83444efffffffff,6.3
2024_E_UNEMP,834450fffffffff,5.6
2024_E_UNEMP,834451fffffffff,6.7
2024_E_UNEMP,834452fffffffff,5.3
2024_E_UNEMP,834453fffffffff,8.0
2024_E_UNEMP,834455fffffffff,5.2
2024_E_UNEMP,834456fffffffff,4.5
2024_E_UNEMP,834458fffffffff,7.7
2024_E_UNEMP,834459fffffffff,9.2
2024_E_UNEMP,83445afffffffff,4.9
2024_E_UNEMP,83445bfffffffff,5.4
2024_E_UNEMP,83445cfffffffff,5.5
2024_E_UNEMP,83445dfffffffff,7.7
2024_E_UNEMP,83445efffffffff,7.3
2024_E_UNEMP,834463fffffffff,1.0
2024_E_UNEMP,834468fffffffff,8.0
2024_E_UNEMP,834469fffffffff,4.7
2024_E_UNEMP,83446afffffffff,7.8
2024_E_UNEMP,83446bfffffffff,4.8
2024_E_UNEMP,83446cfffffffff,5.9
2024_E_UNEMP,83446dfffffffff,3.9
2024_E_UNEMP,83446efffffffff,6.7
2024_E_UNEMP,834471fffffffff,3.9
2024_E_UNEMP,834473fffffffff,3.4
2024_E_UNEMP,8344a1fffffffff,3.1
2024_E_UNEMP,8344a5fffffffff,5.1
2024_E_UNEMP,8344a8fffffffff,7.2
2024_E_UNEMP,8344a9fffffffff,5.1
2024_E_UNEMP,8344abfffffffff,2.2
2024_E_UNEMP,8344acfffffffff,4.3
2024_E_UNEMP,8344adfffffffff,5.8
2024_E_UNEMP,8344aefffffffff,3.6
2024_E_UNEMP,8344c0fffffffff,4.8
2024_E_UNEMP,8344c1fffffffff,4.8
2024_E_UNEMP,8344c2fffffffff,5.6
2024_E_UNEMP,8344c3fffffffff,4.9
2024_E_UNEMP,8344c4fffffffff,5.5
2024_E_UNEMP,8344c5fffffffff,5.7
2024_E_UNEMP,8344c6fffffffff,5.5
2024_E_UNEMP,8344c8fffffffff,5.4
2024_E_UNEMP,8344c9fffffffff,4.4
2024_E_UNEMP,8344cafffffffff,4.0
2024_E_UNEMP,8344cbfffffffff,6.7
2024_E_UNEMP,8344ccfffffffff,4.9
2024_E_UNEMP,8344cdfffffffff,4.9
2024_E_UNEMP,8344cefffffffff,4.0
2024_E_UNEMP,8344d0fffffffff,3.7
2024_E_UNEMP,8344d1fffffffff,8.1
2024_E_UNEMP,8344d2fffffffff,4.1
2024_E_UNEMP,8344d3fffffffff,6.0
2024_E_UNEMP,8344d5fffffffff,5.9
2024_E_UNEMP,8344d8fffffffff,5.1
2024_E_UNEMP,8344d9fffffffff,5.3
2024_E_UNEMP,8344dafffffffff,4.8
2024_E_UNEMP,8344dbfffffffff,5.1
2024_E_UNEMP,8344dcfffffffff,4.9
2024_E_UNEMP,8344ddfffffffff,4.4
2024_E_UNEMP,8344defffffffff,6.5
2024_E_UNEMP,8344e0fffffffff,5.6
2024_E_UNEMP,8344e1fffffffff,4.6
2024_E_UNEMP,8344e2fffffffff,4.8
2024_E_UNEMP,8344e3fffffffff,8.1
2024_E_UNEMP,8344e4fffffffff,8.5
2024_E_UNEMP,8344e5fffffffff,4.7
2024_E_UNEMP,8344e6fffffffff,4.6
2024_E_UNEMP,8344e8fffffffff,5.6
2024_E_UNEMP,8344e9fffffffff,5.2
2024_E_UNEMP,8344eafffffffff,4.7
2024_E_UNEMP,8344ebfffffffff,4.7
2024_E_UNEMP,8344ecfffffffff,7.5
2024_E_UNEMP,8344edfffffffff,6.6
2024_E_UNEMP,8344eefffffffff,6.0
2024_E_UNEMP,8344f0fffffffff,4.6
2024_E_UNEMP,8344f1fffffffff,4.5
2024_E_UNEMP,8344f3fffffffff,5.0
2024_E_UNEMP,8344f4fffffffff,6.9
2024_E_UNEMP,8344f5fffffffff,6.7
2024_E_UNEMP,8344f6fffffffff,4.7
2024_E_UNEMP,834859fffffffff,15.9
2024_E_UNEMP,83485afffffffff,2.6
2024_E_UNEMP,83485bfffffffff,6.3
2024_E_UNEMP,834880fffffffff,5.7
2024_E_UNEMP,834881fffffffff,5.5
2024_E_UNEMP,834882fffffffff,4.4
2024_E_UNEMP,834883fffffffff,5.0
2024_E_UNEMP,834886fffffffff,7.0
2024_E_UNEMP,834888fffffffff,1.4
2024_E_UNEMP,834889fffffffff,3.1
2024_E_UNEMP,83488afffffffff,4.3
2024_E_UNEMP,83488bfffffffff,4.2
2024_E_UNEMP,83488cfffffffff,1.3
2024_E_UNEMP,83488dfffffffff,1.9
2024_E_UNEMP,83488efffffffff,2.8
2024_E_UNEMP,834890fffffffff,3.8
2024_E_UNEMP,834891fffffffff,4.5
2024_E_UNEMP,834892fffffffff,4.7
2024_E_UNEMP,834893fffffffff,5.0
2024_E_UNEMP,834895fffffffff,4.9
2024_E_UNEMP,834898fffffffff,4.0
2024_E_UNEMP,834899fffffffff,4.7
2024_E_UNEMP,83489afffffffff,4.7
2024_E_UNEMP,83489bfffffffff,4.6
2024_E_UNEMP,83489cfffffffff,4.8
2024_E_UNEMP,83489dfffffffff,2.6
2024_E_UNEMP,83489efffffffff,3.5
2024_E_UNEMP,8348abfffffffff,2.3
2024_E_UNEMP,8348b1fffffffff,9.6
2024_E_UNEMP,8348b2fffffffff,5.6
2024_E_UNEMP,8348b3fffffffff,5.0
2024_E_UNEMP,8348c0fffffffff,8.3
2024_E_UNEMP,8348c1fffffffff,5.9
2024_E_UNEMP,8348c2fffffffff,5.8
2024_E_UNEMP,8348c3fffffffff,4.8
2024_E_UNEMP,8348c4fffffffff,5.0
2024_E_UNEMP,8348c5fffffffff,4.3
2024_E_UNEMP,8348c6fffffffff,4.5
2024_E_UNEMP,8348c8fffffffff,8.4
2024_E_UNEMP,8348c9fffffffff,13.1
2024_E_UNEMP,8348cafffffffff,11.0
2024_E_UNEMP,8348cbfffffffff,14.5
2024_E_UNEMP,8348ccfffffffff,9.3
2024_E_UNEMP,8348cdfffffffff,5.1
2024_E_UNEMP,8348cefffffffff,5.7
2024_E_UNEMP,8348d0fffffffff,3.7
2024_E_UNEMP,8348d1fffffffff,6.1
2024_E_UNEMP,8348d2fffffffff,3.6
2024_E_UNEMP,8348d3fffffffff,4.3
2024_E_UNEMP,8348d4fffffffff,7.3
2024_E_UNEMP,8348d5fffffffff,5.6
2024_E_UNEMP,8348d6fffffffff,4.9
2024_E_UNEMP,8348d8fffffffff,6.4
2024_E_UNEMP,8348d9fffffffff,14.8
2024_E_UNEMP,8348dafffffffff,5.9
2024_E_UNEMP,8348dbfffffffff,8.1
2024_E_UNEMP,8348dcfffffffff,6.9
2024_E_UNEMP,8348ddfffffffff,8.2
2024_E_UNEMP,8348defffffffff,9.2
2024_E_UNEMP,8348e3fffffffff,6.0
2024_E_UNEMP,8348e8fffffffff,8.0
2024_E_UNEMP,8348e9fffffffff,8.7
2024_E_UNEMP,8348eafffffffff,8.3
2024_E_UNEMP,8348ebfffffffff,6.4
2024_E_UNEMP,8348ecfffffffff,6.9
2024_E_UNEMP,8348edfffffffff,16.6
2024_E_UNEMP,8348eefffffffff,5.0
2024_E_UNEMP,8348f2fffffffff,3.2
2024_E_UNEMP,8348f3fffffffff,8.3
2024_E_UNEMP,8348f6fffffffff,14.8
2024_E_UNINSUR,8312c9fffffffff,18.8
2024_E_UNINSUR,8312cafffffffff,13.2
2024_E_UNINSUR,8312cbfffffffff,25.1
2024_E_UNINSUR,8312d8fffffffff,8.2
2024_E_UNINSUR,8312d9fffffffff,11.6
2024_E_UNINSUR,8312dafffffffff,12.6
2024_E_UNINSUR,8312dbfffffffff,6.5
2024_E_UNINSUR,8312ddfffffffff,9.8
2024_E_UNINSUR,8312defffffffff,10.2
2024_E_UNINSUR,832600fffffffff,6.1
2024_E_UNINSUR,832601fffffffff,5.6
2024_E_UNINSUR,832602fffffffff,10.3
2024_E_UNINSUR,832603fffffffff,6.5
2024_E_UNINSUR,832604fffffffff,6.0
2024_E_UNINSUR,832605fffffffff,5.7
2024_E_UNINSUR,832606fffffffff,8.7
2024_E_UNINSUR,832608fffffffff,4.9
2024_E_UNINSUR,832609fffffffff,10.5
2024_E_UNINSUR,83260afffffffff,5.1
2024_E_UNINSUR,83260bfffffffff,8.5
2024_E_UNINSUR,83260cfffffffff,4.3
2024_E_UNINSUR,83260dfffffffff,5.3
2024_E_UNINSUR,83260efffffffff,6.7
2024_E_UNINSUR,832610fffffffff,23.0
2024_E_UNINSUR,832611fffffffff,10.8
2024_E_UNINSUR,832612fffffffff,20.5
2024_E_UNINSUR,832613fffffffff,12.4
2024_E_UNINSUR,832614fffffffff,13.8
2024_E_UNINSUR,832615fffffffff,12.6
2024_E_UNINSUR,832616fffffffff,15.3
2024_E_UNINSUR,832618fffffffff,7.6
2024_E_UNINSUR,832619fffffffff,6.0
2024_E_UNINSUR,83261afffffffff,7.9
2024_E_UNINSUR,83261bfffffffff,8.1
2024_E_UNINSUR,83261cfffffffff,6.8
2024_E_UNINSUR,83261dfffffffff,5.9
2024_E_UNINSUR,83261efffffffff,7.6
2024_E_UNINSUR,832620fffffffff,5.5
2024_E_UNINSUR,832621fffffffff,4.1
2024_E_UNINSUR,832622fffffffff,8.4
2024_E_UNINSUR,832623fffffffff,5.1
2024_E_UNINSUR,832624fffffffff,7.6
2024_E_UNINSUR,832625fffffffff,5.2
2024_E_UNINSUR,832626fffffffff,4.6
2024_E_UNINSUR,832628fffffffff,4.5
2024_E_UNINSUR,832629fffffffff,4.8
2024_E_UNINSUR,83262afffffffff,5.1
2024_E_UNINSUR,83262bfffffffff,3.9
2024_E_UNINSUR,83262cfffffffff,4.0
2024_E_UNINSUR,83262dfffffffff,6.6
2024_E_UNINSUR,83262efffffffff,5.0
2024_E_UNINSUR,832630fffffffff,7.5
2024_E_UNINSUR,832631fffffffff,5.9
2024_E_UNINSUR,832632fffffffff,19.8
2024_E_UNINSUR,832633fffffffff,7.5
2024_E_UNINSUR,832634fffffffff,4.5
2024_E_UNINSUR,832635fffffffff,7.1
2024_E_UNINSUR,832636fffffffff,9.0
2024_E_UNINSUR,832640fffffffff,5.0
2024_E_UNINSUR,832641fffffffff,6.8
2024_E_UNINSUR,832642fffffffff,10.2
2024_E_UNINSUR,832643fffffffff,11.8
2024_E_UNINSUR,832644fffffffff,4.7
2024_E_UNINSUR,832645fffffffff,7.9
2024_E_UNINSUR,832646fffffffff,6.8
2024_E_UNINSUR,832648fffffffff,11.9
2024_E_UNINSUR,832649fffffffff,9.0
2024_E_UNINSUR,83264afffffffff,9.8
2024_E_UNINSUR,83264bfffffffff,11.1
2024_E_UNINSUR,83264cfffffffff,10.0
2024_E_UNINSUR,83264dfffffffff,7.9
2024_E_UNINSUR,83264efffffffff,10.0
2024_E_UNINSUR,832650fffffffff,14.4
2024_E_UNINSUR,832651fffffffff,12.8
2024_E_UNINSUR,832652fffffffff,12.6
2024_E_UNINSUR,832653fffffffff,13.6
2024_E_UNINSUR,832654fffffffff,9.5
2024_E_UNINSUR,832655fffffffff,9.9
2024_E_UNINSUR,832656fffffffff,8.3
2024_E_UNINSUR,832658fffffffff,7.9
2024_E_UNINSUR,832659fffffffff,9.8
2024_E_UNINSUR,83265afffffffff,8.0
2024_E_UNINSUR,83265bfffffffff,8.4
2024_E_UNINSUR,83265cfffffffff,15.2
2024_E_UNINSUR,83265dfffffffff,10.8
2024_E_UNINSUR,83265efffffffff,11.6
2024_E_UNINSUR,832660fffffffff,6.0
2024_E_UNINSUR,832661fffffffff,6.9
2024_E_UNINSUR,832662fffffffff,4.0
2024_E_UNINSUR,832663fffffffff,6.7
2024_E_UNINSUR,832664fffffffff,5.6
2024_E_UNINSUR,832665fffffffff,8.0
2024_E_UNINSUR,832666fffffffff,4.4
2024_E_UNINSUR,832668fffffffff,5.6
2024_E_UNINSUR,832669fffffffff,7.0
2024_E_UNINSUR,83266afffffffff,4.7
2024_E_UNINSUR,83266bfffffffff,8.0
2024_E_UNINSUR,83266cfffffffff,6.8
2024_E_UNINSUR,83266dfffffffff,5.6
2024_E_UNINSUR,83266efffffffff,8.7
2024_E_UNINSUR,832670fffffffff,7.2
2024_E_UNINSUR,832671fffffffff,6.1
2024_E_UNINSUR,832672fffffffff,14.2
2024_E_UNINSUR,832673fffffffff,11.8
2024_E_UNINSUR,832674fffffffff,4.5
2024_E_UNINSUR,832675fffffffff,5.2
2024_E_UNINSUR,832676fffffffff,3.7
2024_E_UNINSUR,832680fffffffff,9.5
2024_E_UNINSUR,832681fffffffff,9.0
2024_E_UNINSUR,832682fffffffff,8.8
2024_E_UNINSUR,832683fffffffff,11.4
2024_E_UNINSUR,832684fffffffff,18.6
2024_E_UNINSUR,832685fffffffff,5.3
2024_E_UNINSUR,832686fffffffff,17.1
2024_E_UNINSUR,832688fffffffff,7.1
2024_E_UNINSUR,832689fffffffff,7.7
2024_E_UNINSUR,83268afffffffff,10.2
2024_E_UNINSUR,83268bfffffffff,8.4
2024_E_UNINSUR,83268cfffffffff,6.9
2024_E_UNINSUR,83268dfffffffff,7.2
2024_E_UNINSUR,83268efffffffff,9.3
2024_E_UNINSUR,832690fffffffff,8.3
2024_E_UNINSUR,832691fffffffff,14.5
2024_E_UNINSUR,832692fffffffff,10.4
2024_E_UNINSUR,832693fffffffff,8.2
2024_E_UNINSUR,832694fffffffff,8.7
2024_E_UNINSUR,832695fffffffff,10.4
2024_E_UNINSUR,832696fffffffff,8.0
2024_E_UNINSUR,832698fffffffff,9.8
2024_E_UNINSUR,832699fffffffff,11.1
2024_E_UNINSUR,83269afffffffff,20.0
2024_E_UNINSUR,83269bfffffffff,18.3
2024_E_UNINSUR,83269cfffffffff,10.0
2024_E_UNINSUR,83269dfffffffff,9.2
2024_E_UNINSUR,83269efffffffff,9.8
2024_E_UNINSUR,8326a0fffffffff,11.0
2024_E_UNINSUR,8326a1fffffffff,10.8
2024_E_UNINSUR,8326a2fffffffff,13.0
2024_E_UNINSUR,8326a3fffffffff,10.1
2024_E_UNINSUR,8326a4fffffffff,14.3
2024_E_UNINSUR,8326a5fffffffff,13.0
2024_E_UNINSUR,8326a6fffffffff,9.6
2024_E_UNINSUR,8326a8fffffffff,10.8
2024_E_UNINSUR,8326a9fffffffff,10.6
2024_E_UNINSUR,8326aafffffffff,9.3
2024_E_UNINSUR,8326abfffffffff,8.5
2024_E_UNINSUR,8326acfffffffff,9.2
2024_E_UNINSUR,8326adfffffffff,8.2
2024_E_UNINSUR,8326aefffffffff,8.0
2024_E_UNINSUR,8326b0fffffffff,15.1
2024_E_UNINSUR,8326b1fffffffff,17.2
2024_E_UNINSUR,8326b2fffffffff,12.1
2024_E_UNINSUR,8326b3fffffffff,15.4
2024_E_UNINSUR,8326b4fffffffff,16.0
2024_E_UNINSUR,8326b5fffffffff,20.6
2024_E_UNINSUR,8326b6fffffffff,10.1
2024_E_UNINSUR,8326c0fffffffff,12.2
2024_E_UNINSUR,8326c1fffffffff,12.1
2024_E_UNINSUR,8326c2fffffffff,16.5
2024_E_UNINSUR,8326c3fffffffff,11.9
2024_E_UNINSUR,8326c4fffffffff,10.0
2024_E_UNINSUR,8326c5fffffffff,12.5
2024_E_UNINSUR,8326c6fffffffff,12.7
2024_E_UNINSUR,8326c8fffffffff,13.8
2024_E_UNINSUR,8326c9fffffffff,17.0
2024_E_UNINSUR,8326cafffffffff,14.6
2024_E_UNINSUR,8326cbfffffffff,17.2
2024_E_UNINSUR,8326ccfffffffff,16.9
2024_E_UNINSUR,8326cdfffffffff,18.2
2024_E_UNINSUR,8326cefffffffff,15.0
2024_E_UNINSUR,8326d0fffffffff,15.2
2024_E_UNINSUR,8326d1fffffffff,12.6
2024_E_UNINSUR,8326d2fffffffff,9.6
2024_E_UNINSUR,8326d3fffffffff,20.9
2024_E_UNINSUR,8326d4fffffffff,10.2
2024_E_UNINSUR,8326d5fffffffff,11.2
2024_E_UNINSUR,8326d6fffffffff,10.1
2024_E_UNINSUR,8326d8fffffffff,14.0
2024_E_UNINSUR,8326d9fffffffff,16.0
2024_E_UNINSUR,8326dafffffffff,14.3
2024_E_UNINSUR,8326dbfffffffff,17.3
2024_E_UNINSUR,8326dcfffffffff,15.6
2024_E_UNINSUR,8326ddfffffffff,16.6
2024_E_UNINSUR,8326defffffffff,19.8
2024_E_UNINSUR,8326e0fffffffff,8.0
2024_E_UNINSUR,8326e1fffffffff,8.6
2024_E_UNINSUR,8326e2fffffffff,8.7
2024_E_UNINSUR,8326e3fffffffff,7.8
2024_E_UNINSUR,8326e4fffffffff,6.4
2024_E_UNINSUR,8326e5fffffffff,6.7
2024_E_UNINSUR,8326e6fffffffff,6.9
2024_E_UNINSUR,8326e8fffffffff,17.7
2024_E_UNINSUR,8326e9fffffffff,9.2
2024_E_UNINSUR,8326eafffffffff,14.5
2024_E_UNINSUR,8326ebfffffffff,19.4
2024_E_UNINSUR,8326ecfffffffff,13.2
2024_E_UNINSUR,8326edfffffffff,10.8
2024_E_UNINSUR,8326eefffffffff,12.9
2024_E_UNINSUR,8326f0fffffffff,9.5
2024_E_UNINSUR,8326f1fffffffff,9.6
2024_E_UNINSUR,8326f2fffffffff,13.4
2024_E_UNINSUR,8326f3fffffffff,13.3
2024_E_UNINSUR,8326f4fffffffff,9.1
2024_E_UNINSUR,8326f5fffffffff,7.3
2024_E_UNINSUR,8326f6fffffffff,7.9
2024_E_UNINSUR,832708fffffffff,4.8
2024_E_UNINSUR,832709fffffffff,3.6
2024_E_UNINSUR,83270afffffffff,10.1
2024_E_UNINSUR,83270bfffffffff,6.0
2024_E_UNINSUR,83270dfffffffff,3.8
2024_E_UNINSUR,83270efffffffff,4.6
2024_E_UNINSUR,832718fffffffff,5.9
2024_E_UNINSUR,832719fffffffff,5.1
2024_E_UNINSUR,83271afffffffff,6.2
2024_E_UNINSUR,83271bfffffffff,5.1
2024_E_UNINSUR,83271cfffffffff,5.1
2024_E_UNINSUR,83271dfffffffff,4.5
2024_E_UNINSUR,83271efffffffff,12.8
2024_E_UNINSUR,832740fffffffff,5.0
2024_E_UNINSUR,832741fffffffff,6.3
2024_E_UNINSUR,832742fffffffff,7.2
2024_E_UNINSUR,832743fffffffff,3.8
2024_E_UNINSUR,832744fffffffff,5.8
2024_E_UNINSUR,832745fffffffff,8.6
2024_E_UNINSUR,832746fffffffff,5.2
2024_E_UNINSUR,832748fffffffff,5.0
2024_E_UNINSUR,832749fffffffff,6.1
2024_E_UNINSUR,83274bfffffffff,12.8
2024_E_UNINSUR,83274cfffffffff,8.4
2024_E_UNINSUR,83274dfffffffff,4.0
2024_E_UNINSUR,83274efffffffff,7.0
2024_E_UNINSUR,832750fffffffff,6.8
2024_E_UNINSUR,832751fffffffff,9.6
2024_E_UNINSUR,832752fffffffff,5.1
2024_E_UNINSUR,832753fffffffff,6.3
2024_E_UNINSUR,832754fffffffff,5.5
2024_E_UNINSUR,832755fffffffff,5.4
2024_E_UNINSUR,832756fffffffff,5.3
2024_E_UNINSUR,832758fffffffff,4.7
2024_E_UNINSUR,832759fffffffff,4.9
2024_E_UNINSUR,83275afffffffff,7.6
2024_E_UNINSUR,83275bfffffffff,5.5
2024_E_UNINSUR,83275cfffffffff,5.7
2024_E_UNINSUR,83275dfffffffff,3.1
2024_E_UNINSUR,83275efffffffff,9.6
2024_E_UNINSUR,832763fffffffff,6.7
2024_E_UNINSUR,832768fffffffff,5.8
2024_E_UNINSUR,83276afffffffff,6.5
2024_E_UNINSUR,83276bfffffffff,6.4
2024_E_UNINSUR,83276efffffffff,6.7
2024_E_UNINSUR,832770fffffffff,47.3
2024_E_UNINSUR,832771fffffffff,6.8
2024_E_UNINSUR,832772fffffffff,6.1
2024_E_UNINSUR,832773fffffffff,4.1
2024_E_UNINSUR,832780fffffffff,10.0
2024_E_UNINSUR,832781fffffffff,9.6
2024_E_UNINSUR,832782fffffffff,11.5
2024_E_UNINSUR,832783fffffffff,11.0
2024_E_UNINSUR,832784fffffffff,8.2
2024_E_UNINSUR,832785fffffffff,18.6
2024_E_UNINSUR,832786fffffffff,9.8
2024_E_UNINSUR,832788fffffffff,7.7
2024_E_UNINSUR,832789fffffffff,13.0
2024_E_UNINSUR,83278afffffffff,10.6
2024_E_UNINSUR,83278bfffffffff,10.4
2024_E_UNINSUR,83278cfffffffff,5.2
2024_E_UNINSUR,83278dfffffffff,9.3
2024_E_UNINSUR,83278efffffffff,8.8
2024_E_UNINSUR,832790fffffffff,6.9
2024_E_UNINSUR,832791fffffffff,12.9
2024_E_UNINSUR,832792fffffffff,7.4
2024_E_UNINSUR,832793fffffffff,9.1
2024_E_UNINSUR,832794fffffffff,7.5
2024_E_UNINSUR,832795fffffffff,12.6
2024_E_UNINSUR,832796fffffffff,8.7
2024_E_UNINSUR,832798fffffffff,17.0
2024_E_UNINSUR,832799fffffffff,13.8
2024_E_UNINSUR,83279afffffffff,9.0
2024_E_UNINSUR,83279bfffffffff,13.6
2024_E_UNINSUR,83279cfffffffff,5.9
2024_E_UNINSUR,83279dfffffffff,15.3
2024_E_UNINSUR,83279efffffffff,7.8
2024_E_UNINSUR,8327a3fffffffff,6.4
2024_E_UNINSUR,8327a8fffffffff,11.4
2024_E_UNINSUR,8327a9fffffffff,5.8
2024_E_UNINSUR,8327aafffffffff,11.6
2024_E_UNINSUR,8327abfffffffff,12.4
2024_E_UNINSUR,8327acfffffffff,4.3
2024_E_UNINSUR,8327adfffffffff,9.3
2024_E_UNINSUR,8327aefffffffff,10.8
2024_E_UNINSUR,8327b3fffffffff,8.0
2024_E_UNINSUR,832800fffffffff,5.9
2024_E_UNINSUR,832802fffffffff,10.2
2024_E_UNINSUR,832806fffffffff,12.8
2024_E_UNINSUR,832810fffffffff,9.5
2024_E_UNINSUR,832811fffffffff,9.1
2024_E_UNINSUR,832812fffffffff,12.0
2024_E_UNINSUR,832813fffffffff,10.0
2024_E_UNINSUR,832814fffffffff,5.9
2024_E_UNINSUR,832815fffffffff,7.7
2024_E_UNINSUR,832816fffffffff,11.7
2024_E_UNINSUR,832818fffffffff,4.8
2024_E_UNINSUR,83281afffffffff,7.5
2024_E_UNINSUR,83281bfffffffff,7.1
2024_E_UNINSUR,83281cfffffffff,7.2
2024_E_UNINSUR,83281efffffffff,7.2
2024_E_UNINSUR,832830fffffffff,4.1
2024_E_UNINSUR,832831fffffffff,8.7
2024_E_UNINSUR,832832fffffffff,5.1
2024_E_UNINSUR,832833fffffffff,8.7
2024_E_UNINSUR,832834fffffffff,4.2
2024_E_UNINSUR,832835fffffffff,2.7
2024_E_UNINSUR,832836fffffffff,7.6
2024_E_UNINSUR,832880fffffffff,11.3
2024_E_UNINSUR,832881fffffffff,8.0
2024_E_UNINSUR,832882fffffffff,11.3
2024_E_UNINSUR,832883fffffffff,14.6
2024_E_UNINSUR,832884fffffffff,11.6
2024_E_UNINSUR,832885fffffffff,13.3
2024_E_UNINSUR,832886fffffffff,11.8
2024_E_UNINSUR,832888fffffffff,13.0
2024_E_UNINSUR,832889fffffffff,11.2
2024_E_UNINSUR,83288afffffffff,6.6
2024_E_UNINSUR,83288bfffffffff,7.4
2024_E_UNINSUR,83288cfffffffff,6.0
2024_E_UNINSUR,83288dfffffffff,8.3
2024_E_UNINSUR,83288efffffffff,7.5
2024_E_UNINSUR,832890fffffffff,8.7
2024_E_UNINSUR,832891fffffffff,6.8
2024_E_UNINSUR,832892fffffffff,8.5
2024_E_UNINSUR,832893fffffffff,7.7
2024_E_UNINSUR,832894fffffffff,13.5
2024_E_UNINSUR,832895fffffffff,10.3
2024_E_UNINSUR,832896fffffffff,9.2
2024_E_UNINSUR,832898fffffffff,11.3
2024_E_UNINSUR,832899fffffffff,12.2
2024_E_UNINSUR,83289afffffffff,10.7
2024_E_UNINSUR,83289bfffffffff,11.1
2024_E_UNINSUR,83289cfffffffff,16.8
2024_E_UNINSUR,83289dfffffffff,15.1
2024_E_UNINSUR,83289efffffffff,7.5
2024_E_UNINSUR,8328a0fffffffff,11.8
2024_E_UNINSUR,8328a1fffffffff,8.5
2024_E_UNINSUR,8328a2fffffffff,13.9
2024_E_UNINSUR,8328a3fffffffff,13.7
2024_E_UNINSUR,8328a4fffffffff,10.4
2024_E_UNINSUR,8328a5fffffffff,10.0
2024_E_UNINSUR,8328a6fffffffff,11.0
2024_E_UNINSUR,8328a8fffffffff,7.0
2024_E_UNINSUR,8328a9fffffffff,5.7
2024_E_UNINSUR,8328aafffffffff,9.2
2024_E_UNINSUR,8328abfffffffff,5.7
2024_E_UNINSUR,8328acfffffffff,10.3
2024_E_UNINSUR,8328adfffffffff,10.5
2024_E_UNINSUR,8328aefffffffff,7.8
2024_E_UNINSUR,8328b0fffffffff,11.1
2024_E_UNINSUR,8328b1fffffffff,14.0
2024_E_UNINSUR,8328b2fffffffff,10.6
2024_E_UNINSUR,8328b3fffffffff,11.7
2024_E_UNINSUR,8328b4fffffffff,12.5
2024_E_UNINSUR,8328b5fffffffff,13.4
2024_E_UNINSUR,8328b6fffffffff,6.8
2024_E_UNINSUR,8328c2fffffffff,9.2
2024_E_UNINSUR,8328c6fffffffff,7.6
2024_E_UNINSUR,8328d0fffffffff,5.6
2024_E_UNINSUR,8328d1fffffffff,5.7
2024_E_UNINSUR,8328d2fffffffff,9.5
2024_E_UNINSUR,8328d3fffffffff,6.0
2024_E_UNINSUR,8328d4fffffffff,6.0
2024_E_UNINSUR,8328d5fffffffff,5.2
2024_E_UNINSUR,8328d6fffffffff,12.7
2024_E_UNINSUR,8328defffffffff,7.0
2024_E_UNINSUR,8328f0fffffffff,5.8
2024_E_UNINSUR,8328f1fffffffff,5.7
2024_E_UNINSUR,8328f2fffffffff,7.3
2024_E_UNINSUR,8328f3fffffffff,5.3
2024_E_UNINSUR,8328f4fffffffff,7.0
2024_E_UNINSUR,8328f5fffffffff,7.4
2024_E_UNINSUR,8328f6fffffffff,9.9
2024_E_UNINSUR,832912fffffffff,5.1
2024_E_UNINSUR,832913fffffffff,6.8
2024_E_UNINSUR,83291afffffffff,3.9
2024_E_UNINSUR,832980fffffffff,7.2
2024_E_UNINSUR,832981fffffffff,6.9
2024_E_UNINSUR,832982fffffffff,12.2
2024_E_UNINSUR,832983fffffffff,5.8
2024_E_UNINSUR,832984fffffffff,6.8
2024_E_UNINSUR,832985fffffffff,5.0
2024_E_UNINSUR,832986fffffffff,8.6
2024_E_UNINSUR,832988fffffffff,10.6
2024_E_UNINSUR,832989fffffffff,8.3
2024_E_UNINSUR,83298afffffffff,6.7
2024_E_UNINSUR,83298bfffffffff,9.7
2024_E_UNINSUR,83298cfffffffff,10.2
2024_E_UNINSUR,83298dfffffffff,6.6
2024_E_UNINSUR,83298efffffffff,6.5
2024_E_UNINSUR,832990fffffffff,13.3
2024_E_UNINSUR,832991fffffffff,8.3
2024_E_UNINSUR,832992fffffffff,14.9
2024_E_UNINSUR,832993fffffffff,12.4
2024_E_UNINSUR,832994fffffffff,22.5
2024_E_UNINSUR,832995fffffffff,17.4
2024_E_UNINSUR,832996fffffffff,22.1
2024_E_UNINSUR,832998fffffffff,6.9
2024_E_UNINSUR,832999fffffffff,9.8
2024_E_UNINSUR,83299afffffffff,21.5
2024_E_UNINSUR,83299bfffffffff,9.9
2024_E_UNINSUR,83299cfffffffff,5.9
2024_E_UNINSUR,83299dfffffffff,5.1
2024_E_UNINSUR,83299efffffffff,15.8
2024_E_UNINSUR,8329a0fffffffff,6.6
2024_E_UNINSUR,8329a1fffffffff,6.3
2024_E_UNINSUR,8329a2fffffffff,6.4
2024_E_UNINSUR,8329a3fffffffff,8.3
2024_E_UNINSUR,8329a4fffffffff,6.5
2024_E_UNINSUR,8329a5fffffffff,6.2
2024_E_UNINSUR,8329a6fffffffff,6.5
2024_E_UNINSUR,8329a8fffffffff,12.1
2024_E_UNINSUR,8329a9fffffffff,9.4
2024_E_UNINSUR,8329aafffffffff,9.3
2024_E_UNINSUR,8329abfffffffff,7.2
2024_E_UNINSUR,8329acfffffffff,8.8
2024_E_UNINSUR,8329adfffffffff,6.0
2024_E_UNINSUR,8329aefffffffff,5.5
2024_E_UNINSUR,8329b0fffffffff,6.5
2024_E_UNINSUR,8329b1fffffffff,9.8
2024_E_UNINSUR,8329b2fffffffff,11.4
2024_E_UNINSUR,8329b3fffffffff,14.6
2024_E_UNINSUR,8329b4fffffffff,11.6
2024_E_UNINSUR,8329b5fffffffff,9.4
2024_E_UNINSUR,8329b6fffffffff,8.2
2024_E_UNINSUR,832a06fffffffff,4.8
2024_E_UNINSUR,832a10fffffffff,3.8
2024_E_UNINSUR,832a12fffffffff,4.5
2024_E_UNINSUR,832a13fffffffff,4.1
2024_E_UNINSUR,832a14fffffffff,3.4
2024_E_UNINSUR,832a15fffffffff,5.1
2024_E_UNINSUR,832a16fffffffff,4.9
2024_E_UNINSUR,832a30fffffffff,2.9
2024_E_UNINSUR,832a31fffffffff,2.6
2024_E_UNINSUR,832a32fffffffff,3.6
2024_E_UNINSUR,832a33fffffffff,2.5
2024_E_UNINSUR,832a34fffffffff,6.3
2024_E_UNINSUR,832a36fffffffff,6.9
2024_E_UNINSUR,832a80fffffffff,5.9
2024_E_UNINSUR,832a81fffffffff,8.2
2024_E_UNINSUR,832a82fffffffff,7.0
2024_E_UNINSUR,832a83fffffffff,6.6
2024_E_UNINSUR,832a84fffffffff,4.7
2024_E_UNINSUR,832a85fffffffff,7.4
2024_E_UNINSUR,832a86fffffffff,10.9
2024_E_UNINSUR,832a88fffffffff,7.6
2024_E_UNINSUR,832a89fffffffff,10.0
2024_E_UNINSUR,832a8afffffffff,6.8
2024_E_UNINSUR,832a8bfffffffff,9.3
2024_E_UNINSUR,832a8cfffffffff,7.8
2024_E_UNINSUR,832a8dfffffffff,7.3
2024_E_UNINSUR,832a8efffffffff,6.3
2024_E_UNINSUR,832a90fffffffff,6.2
2024_E_UNINSUR,832a91fffffffff,7.3
2024_E_UNINSUR,832a92fffffffff,6.9
2024_E_UNINSUR,832a93fffffffff,5.8
2024_E_UNINSUR,832a94fffffffff,5.4
2024_E_UNINSUR,832a95fffffffff,9.1
2024_E_UNINSUR,832a96fffffffff,7.8
2024_E_UNINSUR,832a98fffffffff,5.5
2024_E_UNINSUR,832a99fffffffff,8.4
2024_E_UNINSUR,832a9afffffffff,5.0
2024_E_UNINSUR,832a9bfffffffff,8.0
2024_E_UNINSUR,832a9cfffffffff,6.9
2024_E_UNINSUR,832a9dfffffffff,6.7
2024_E_UNINSUR,832a9efffffffff,6.8
2024_E_UNINSUR,832aa0fffffffff,6.1
2024_E_UNINSUR,832aa1fffffffff,10.0
2024_E_UNINSUR,832aa2fffffffff,5.6
2024_E_UNINSUR,832aa3fffffffff,6.9
2024_E_UNINSUR,832aa4fffffffff,6.9
2024_E_UNINSUR,832aa5fffffffff,5.2
2024_E_UNINSUR,832aa6fffffffff,4.9
2024_E_UNINSUR,832aa8fffffffff,4.4
2024_E_UNINSUR,832aa9fffffffff,5.7
2024_E_UNINSUR,832aaafffffffff,7.0
2024_E_UNINSUR,832aabfffffffff,6.3
2024_E_UNINSUR,832aacfffffffff,7.7
2024_E_UNINSUR,832aadfffffffff,6.4
2024_E_UNINSUR,832aaefffffffff,6.8
2024_E_UNINSUR,832ab1fffffffff,8.5
2024_E_UNINSUR,832ab2fffffffff,4.2
2024_E_UNINSUR,832ab3fffffffff,6.9
2024_E_UNINSUR,832ab5fffffffff,6.7
2024_E_UNINSUR,832ab6fffffffff,6.1
2024_E_UNINSUR,832ad0fffffffff,12.4
2024_E_UNINSUR,832ad2fffffffff,13.0
2024_E_UNINSUR,832ad3fffffffff,12.3
2024_E_UNINSUR,832ad4fffffffff,12.5
2024_E_UNINSUR,832ad5fffffffff,12.0
2024_E_UNINSUR,832ad6fffffffff,10.2
2024_E_UNINSUR,832af0fffffffff,8.4
2024_E_UNINSUR,832af2fffffffff,8.9
2024_E_UNINSUR,832af3fffffffff,14.1
2024_E_UNINSUR,832af6fffffffff,6.0
2024_E_UNINSUR,832b10fffffffff,8.2
2024_E_UNINSUR,832b11fffffffff,10.5
2024_E_UNINSUR,832b12fffffffff,7.1
2024_E_UNINSUR,832b13fffffffff,6.0
2024_E_UNINSUR,832b18fffffffff,10.6
2024_E_UNINSUR,832b1afffffffff,9.5
2024_E_UNINSUR,832b1bfffffffff,8.5
2024_E_UNINSUR,832b1efffffffff,12.0
2024_E_UNINSUR,832b81fffffffff,6.0
2024_E_UNINSUR,832b88fffffffff,4.3
2024_E_UNINSUR,832b89fffffffff,3.6
2024_E_UNINSUR,832b8afffffffff,4.4
2024_E_UNINSUR,832b8bfffffffff,4.7
2024_E_UNINSUR,832b8cfffffffff,4.7
2024_E_UNINSUR,832b8dfffffffff,4.7
2024_E_UNINSUR,832b8efffffffff,7.9
2024_E_UNINSUR,832b99fffffffff,3.2
2024_E_UNINSUR,832b9bfffffffff,2.0
2024_E_UNINSUR,832ba8fffffffff,6.8
2024_E_UNINSUR,832ba9fffffffff,9.2
2024_E_UNINSUR,832babfffffffff,4.5
2024_E_UNINSUR,832bacfffffffff,8.3
2024_E_UNINSUR,832badfffffffff,7.3
2024_E_UNINSUR,834412fffffffff,24.1
2024_E_UNINSUR,834413fffffffff,11.3
2024_E_UNINSUR,834414fffffffff,7.7
2024_E_UNINSUR,834416fffffffff,12.5
2024_E_UNINSUR,83441afffffffff,12.0
2024_E_UNINSUR,83441bfffffffff,13.0
2024_E_UNINSUR,83441efffffffff,8.5
2024_E_UNINSUR,834440fffffffff,8.3
2024_E_UNINSUR,834441fffffffff,8.1
2024_E_UNINSUR,834442fffffffff,11.1
2024_E_UNINSUR,834443fffffffff,11.7
2024_E_UNINSUR,834444fffffffff,6.5
2024_E_UNINSUR,834445fffffffff,7.6
2024_E_UNINSUR,834446fffffffff,6.4
2024_E_UNINSUR,834448fffffffff,8.0
2024_E_UNINSUR,834449fffffffff,13.1
2024_E_UNINSUR,83444afffffffff,7.9
2024_E_UNINSUR,83444bfffffffff,6.6
2024_E_UNINSUR,83444cfffffffff,8.8
2024_E_UNINSUR,83444dfffffffff,13.6
2024_E_UNINSUR,83444efffffffff,7.9
2024_E_UNINSUR,834450fffffffff,10.9
2024_E_UNINSUR,834451fffffffff,12.2
2024_E_UNINSUR,834452fffffffff,10.5
2024_E_UNINSUR,834453fffffffff,10.1
2024_E_UNINSUR,834455fffffffff,11.1
2024_E_UNINSUR,834456fffffffff,10.5
2024_E_UNINSUR,834458fffffffff,11.4
2024_E_UNINSUR,834459fffffffff,11.4
2024_E_UNINSUR,83445afffffffff,10.1
2024_E_UNINSUR,83445bfffffffff,12.3
2024_E_UNINSUR,83445cfffffffff,11.4
2024_E_UNINSUR,83445dfffffffff,11.4
2024_E_UNINSUR,83445efffffffff,12.2
2024_E_UNINSUR,834463fffffffff,4.2
2024_E_UNINSUR,834468fffffffff,17.2
2024_E_UNINSUR,834469fffffffff,13.9
2024_E_UNINSUR,83446afffffffff,15.0
2024_E_UNINSUR,83446bfffffffff,17.3
2024_E_UNINSUR,83446cfffffffff,18.7
2024_E_UNINSUR,83446dfffffffff,13.8
2024_E_UNINSUR,83446efffffffff,13.6
2024_E_UNINSUR,834471fffffffff,7.9
2024_E_UNINSUR,834473fffffffff,6.1
2024_E_UNINSUR,8344a1fffffffff,29.9
2024_E_UNINSUR,8344a5fffffffff,21.8
2024_E_UNINSUR,8344a8fffffffff,13.4
2024_E_UNINSUR,8344a9fffffffff,10.4
2024_E_UNINSUR,8344abfffffffff,3.5
2024_E_UNINSUR,8344acfffffffff,22.5
2024_E_UNINSUR,8344adfffffffff,15.2
2024_E_UNINSUR,8344aefffffffff,9.4
2024_E_UNINSUR,8344c0fffffffff,12.4
2024_E_UNINSUR,8344c1fffffffff,11.8
2024_E_UNINSUR,8344c2fffffffff,11.4
2024_E_UNINSUR,8344c3fffffffff,13.3
2024_E_UNINSUR,8344c4fffffffff,16.5
2024_E_UNINSUR,8344c5fffffffff,12.8
2024_E_UNINSUR,8344c6fffffffff,16.3
2024_E_UNINSUR,8344c8fffffffff,10.6
2024_E_UNINSUR,8344c9fffffffff,9.5
2024_E_UNINSUR,8344cafffffffff,10.1
2024_E_UNINSUR,8344cbfffffffff,8.8
2024_E_UNINSUR,8344ccfffffffff,13.4
2024_E_UNINSUR,8344cdfffffffff,10.7
2024_E_UNINSUR,8344cefffffffff,13.3
2024_E_UNINSUR,8344d0fffffffff,8.9
2024_E_UNINSUR,8344d1fffffffff,12.1
2024_E_UNINSUR,8344d2fffffffff,6.1
2024_E_UNINSUR,8344d3fffffffff,11.6
2024_E_UNINSUR,8344d5fffffffff,10.4
2024_E_UNINSUR,8344d8fffffffff,10.2
2024_E_UNINSUR,8344d9fffffffff,11.0
2024_E_UNINSUR,8344dafffffffff,10.5
2024_E_UNINSUR,8344dbfffffffff,11.1
2024_E_UNINSUR,8344dcfffffffff,10.1
2024_E_UNINSUR,8344ddfffffffff,10.9
2024_E_UNINSUR,8344defffffffff,10.7
2024_E_UNINSUR,8344e0fffffffff,13.6
2024_E_UNINSUR,8344e1fffffffff,11.0
2024_E_UNINSUR,8344e2fffffffff,14.8
2024_E_UNINSUR,8344e3fffffffff,15.2
2024_E_UNINSUR,8344e4fffffffff,15.2
2024_E_UNINSUR,8344e5fffffffff,13.1
2024_E_UNINSUR,8344e6fffffffff,8.4
2024_E_UNINSUR,8344e8fffffffff,8.3
2024_E_UNINSUR,8344e9fffffffff,9.8
2024_E_UNINSUR,8344eafffffffff,10.5
2024_E_UNINSUR,8344ebfffffffff,10.8
2024_E_UNINSUR,8344ecfffffffff,10.9
2024_E_UNINSUR,8344edfffffffff,8.8
2024_E_UNINSUR,8344eefffffffff,9.8
2024_E_UNINSUR,8344f0fffffffff,10.3
2024_E_UNINSUR,8344f1fffffffff,19.9
2024_E_UNINSUR,8344f3fffffffff,13.3
2024_E_UNINSUR,8344f4fffffffff,13.8
2024_E_UNINSUR,8344f5fffffffff,13.3
2024_E_UNINSUR,8344f6fffffffff,15.4
2024_E_UNINSUR,834859fffffffff,9.5
2024_E_UNINSUR,83485afffffffff,5.1
2024_E_UNINSUR,83485bfffffffff,10.4
2024_E_UNINSUR,834880fffffffff,25.3
2024_E_UNINSUR,834881fffffffff,27.7
2024_E_UNINSUR,834882fffffffff,22.2
2024_E_UNINSUR,834883fffffffff,17.4
2024_E_UNINSUR,834886fffffffff,26.1
2024_E_UNINSUR,834888fffffffff,14.5
2024_E_UNINSUR,834889fffffffff,19.9
2024_E_UNINSUR,83488afffffffff,18.7
2024_E_UNINSUR,83488bfffffffff,16.1
2024_E_UNINSUR,83488cfffffffff,9.7
2024_E_UNINSUR,83488dfffffffff,11.1
2024_E_UNINSUR,83488efffffffff,15.1
2024_E_UNINSUR,834890fffffffff,14.8
2024_E_UNINSUR,834891fffffffff,14.8
2024_E_UNINSUR,834892fffffffff,16.8
2024_E_UNINSUR,834893fffffffff,16.2
2024_E_UNINSUR,834895fffffffff,15.5
2024_E_UNINSUR,834898fffffffff,13.1
2024_E_UNINSUR,834899fffffffff,15.2
2024_E_UNINSUR,83489afffffffff,12.7
2024_E_UNINSUR,83489bfffffffff,15.2
2024_E_UNINSUR,83489cfffffffff,13.8
2024_E_UNINSUR,83489dfffffffff,16.6
2024_E_UNINSUR,83489efffffffff,13.6
2024_E_UNINSUR,8348abfffffffff,8.7
2024_E_UNINSUR,8348b1fffffffff,31.3
2024_E_UNINSUR,8348b2fffffffff,30.0
2024_E_UNINSUR,8348b3fffffffff,24.3
2024_E_UNINSUR,8348c0fffffffff,7.2
2024_E_UNINSUR,8348c1fffffffff,5.9
2024_E_UNINSUR,8348c2fffffffff,8.3
2024_E_UNINSUR,8348c3fffffffff,7.8
2024_E_UNINSUR,8348c4fffffffff,9.3
2024_E_UNINSUR,8348c5fffffffff,9.7
2024_E_UNINSUR,8348c6fffffffff,11.4
2024_E_UNINSUR,8348c8fffffffff,11.8
2024_E_UNINSUR,8348c9fffffffff,18.0
2024_E_UNINSUR,8348cafffffffff,22.7
2024_E_UNINSUR,8348cbfffffffff,24.0
2024_E_UNINSUR,8348ccfffffffff,12.3
2024_E_UNINSUR,8348cdfffffffff,11.0
2024_E_UNINSUR,8348cefffffffff,12.0
2024_E_UNINSUR,8348d0fffffffff,10.2
2024_E_UNINSUR,8348d1fffffffff,12.2
2024_E_UNINSUR,8348d2fffffffff,23.1
2024_E_UNINSUR,8348d3fffffffff,10.5
2024_E_UNINSUR,8348d4fffffffff,14.3
2024_E_UNINSUR,8348d5fffffffff,9.0
2024_E_UNINSUR,8348d6fffffffff,22.3
2024_E_UNINSUR,8348d8fffffffff,10.2
2024_E_UNINSUR,8348d9fffffffff,14.5
2024_E_UNINSUR,8348dafffffffff,6.7
2024_E_UNINSUR,8348dbfffffffff,7.4
2024_E_UNINSUR,8348dcfffffffff,10.3
2024_E_UNINSUR,8348ddfffffffff,14.3
2024_E_UNINSUR,8348defffffffff,8.1
2024_E_UNINSUR,8348e3fffffffff,9.2
2024_E_UNINSUR,8348e8fffffffff,7.5
2024_E_UNINSUR,8348e9fffffffff,12.8
2024_E_UNINSUR,8348eafffffffff,8.9
2024_E_UNINSUR,8348ebfffffffff,8.3
2024_E_UNINSUR,8348ecfffffffff,6.8
2024_E_UNINSUR,8348edfffffffff,11.4
2024_E_UNINSUR,8348eefffffffff,7.2
2024_E_UNINSUR,8348f2fffffffff,18.3
2024_E_UNINSUR,8348f3fffffffff,27.1
2024_E_UNINSUR,8348f6fffffffff,30.5
2024_E_WLKIND,8312c9fffffffff,4.97
2024_E_WLKIND,8312cafffffffff,6.35
2024_E_WLKIND,8312cbfffffffff,3.98
2024_E_WLKIND,8312d8fffffffff,4.69
2024_E_WLKIND,8312d9fffffffff,5.94
2024_E_WLKIND,8312dafffffffff,5.4
2024_E_WLKIND,8312dbfffffffff,4.94
2024_E_WLKIND,8312ddfffffffff,5.02
2024_E_WLKIND,8312defffffffff,4.42
2024_E_WLKIND,832600fffffffff,5.69
2024_E_WLKIND,832601fffffffff,5.64
2024_E_WLKIND,832602fffffffff,5.95
2024_E_WLKIND,832603fffffffff,5.63
2024_E_WLKIND,832604fffffffff,5.2
2024_E_WLKIND,832605fffffffff,5.17
2024_E_WLKIND,832606fffffffff,5.24
2024_E_WLKIND,832608fffffffff,5.13
2024_E_WLKIND,832609fffffffff,5.27
2024_E_WLKIND,83260afffffffff,5.69
2024_E_WLKIND,83260bfffffffff,5.14
2024_E_WLKIND,83260cfffffffff,5.29
2024_E_WLKIND,83260dfffffffff,5.47
2024_E_WLKIND,83260efffffffff,5.86
2024_E_WLKIND,832610fffffffff,4.47
2024_E_WLKIND,832611fffffffff,5.05
2024_E_WLKIND,832612fffffffff,5.12
2024_E_WLKIND,832613fffffffff,4.32
2024_E_WLKIND,832614fffffffff,6.15
2024_E_WLKIND,832615fffffffff,5.53
2024_E_WLKIND,832616fffffffff,5.16
2024_E_WLKIND,832618fffffffff,5.29
2024_E_WLKIND,832619fffffffff,5.85
2024_E_WLKIND,83261afffffffff,5.37
2024_E_WLKIND,83261bfffffffff,6.06
2024_E_WLKIND,83261cfffffffff,5.55
2024_E_WLKIND,83261dfffffffff,5.29
2024_E_WLKIND,83261efffffffff,5.99
2024_E_WLKIND,832620fffffffff,5.26
2024_E_WLKIND,832621fffffffff,5.42
2024_E_WLKIND,832622fffffffff,5.22
2024_E_WLKIND,832623fffffffff,5.3
2024_E_WLKIND,832624fffffffff,4.51
2024_E_WLKIND,832625fffffffff,4.94
2024_E_WLKIND,832626fffffffff,5.41
2024_E_WLKIND,832628fffffffff,5.15
2024_E_WLKIND,832629fffffffff,5.44
2024_E_WLKIND,83262afffffffff,5.54
2024_E_WLKIND,83262bfffffffff,5.51
2024_E_WLKIND,83262cfffffffff,6.28
2024_E_WLKIND,83262dfffffffff,5.58
2024_E_WLKIND,83262efffffffff,5.26
2024_E_WLKIND,832630fffffffff,6.25
2024_E_WLKIND,832631fffffffff,4.92
2024_E_WLKIND,832632fffffffff,4.4
2024_E_WLKIND,832633fffffffff,5.87
2024_E_WLKIND,832634fffffffff,5.19
2024_E_WLKIND,832635fffffffff,5.35
2024_E_WLKIND,832636fffffffff,5.6
2024_E_WLKIND,832640fffffffff,5.79
2024_E_WLKIND,832641fffffffff,4.35
2024_E_WLKIND,832642fffffffff,5.1
2024_E_WLKIND,832643fffffffff,4.5
2024_E_WLKIND,832644fffffffff,5.34
2024_E_WLKIND,832645fffffffff,4.56
2024_E_WLKIND,832646fffffffff,5.54
2024_E_WLKIND,832648fffffffff,4.3
2024_E_WLKIND,832649fffffffff,4.43
2024_E_WLKIND,83264afffffffff,3.92
2024_E_WLKIND,83264bfffffffff,4.1
2024_E_WLKIND,83264cfffffffff,4.08
2024_E_WLKIND,83264dfffffffff,5.2
2024_E_WLKIND,83264efffffffff,4.61
2024_E_WLKIND,832650fffffffff,5.01
2024_E_WLKIND,832651fffffffff,4.59
2024_E_WLKIND,832652fffffffff,4.88
2024_E_WLKIND,832653fffffffff,4.97
2024_E_WLKIND,832654fffffffff,5.47
2024_E_WLKIND,832655fffffffff,4.89
2024_E_WLKIND,832656fffffffff,6.23
2024_E_WLKIND,832658fffffffff,4.3
2024_E_WLKIND,832659fffffffff,4.95
2024_E_WLKIND,83265afffffffff,4.23
2024_E_WLKIND,83265bfffffffff,5.15
2024_E_WLKIND,83265cfffffffff,4.64
2024_E_WLKIND,83265dfffffffff,4.54
2024_E_WLKIND,83265efffffffff,4.62
2024_E_WLKIND,832660fffffffff,5.2
2024_E_WLKIND,832661fffffffff,5.06
2024_E_WLKIND,832662fffffffff,5.55
2024_E_WLKIND,832663fffffffff,5.23
2024_E_WLKIND,832664fffffffff,7.06
2024_E_WLKIND,832665fffffffff,5.06
2024_E_WLKIND,832666fffffffff,5.81
2024_E_WLKIND,832668fffffffff,4.72
2024_E_WLKIND,832669fffffffff,3.98
2024_E_WLKIND,83266afffffffff,4.76
2024_E_WLKIND,83266bfffffffff,4.14
2024_E_WLKIND,83266cfffffffff,4.63
2024_E_WLKIND,83266dfffffffff,4.69
2024_E_WLKIND,83266efffffffff,5.01
2024_E_WLKIND,832670fffffffff,5.01
2024_E_WLKIND,832671fffffffff,4.68
2024_E_WLKIND,832672fffffffff,4.72
2024_E_WLKIND,832673fffffffff,5.21
2024_E_WLKIND,832674fffffffff,6.03
2024_E_WLKIND,832675fffffffff,4.97
2024_E_WLKIND,832676fffffffff,5.07
2024_E_WLKIND,832680fffffffff,5.76
2024_E_WLKIND,832681fffffffff,7.08
2024_E_WLKIND,832682fffffffff,5.82
2024_E_WLKIND,832683fffffffff,7.17
2024_E_WLKIND,832684fffffffff,5.24
2024_E_WLKIND,832685fffffffff,5.25
2024_E_WLKIND,832686fffffffff,4.62
2024_E_WLKIND,832688fffffffff,4.7
2024_E_WLKIND,832689fffffffff,6.75
2024_E_WLKIND,83268afffffffff,5.4
2024_E_WLKIND,83268bfffffffff,6.27
2024_E_WLKIND,83268cfffffffff,5.7
2024_E_WLKIND,83268dfffffffff,5.5
2024_E_WLKIND,83268efffffffff,5.43
2024_E_WLKIND,832690fffffffff,5.48
2024_E_WLKIND,832691fffffffff,5.35
2024_E_WLKIND,832692fffffffff,6.08
2024_E_WLKIND,832693fffffffff,6.26
2024_E_WLKIND,832694fffffffff,5.62
2024_E_WLKIND,832695fffffffff,5.48
2024_E_WLKIND,832696fffffffff,6.72
2024_E_WLKIND,832698fffffffff,6.03
2024_E_WLKIND,832699fffffffff,5.38
2024_E_WLKIND,83269afffffffff,6.12
2024_E_WLKIND,83269bfffffffff,3.18
2024_E_WLKIND,83269cfffffffff,5.55
2024_E_WLKIND,83269dfffffffff,6.23
2024_E_WLKIND,83269efffffffff,6.61
2024_E_WLKIND,8326a0fffffffff,5.84
2024_E_WLKIND,8326a1fffffffff,5.13
2024_E_WLKIND,8326a2fffffffff,5.89
2024_E_WLKIND,8326a3fffffffff,5.84
2024_E_WLKIND,8326a4fffffffff,5.35
2024_E_WLKIND,8326a5fffffffff,5.63
2024_E_WLKIND,8326a6fffffffff,5.39
2024_E_WLKIND,8326a8fffffffff,5.35
2024_E_WLKIND,8326a9fffffffff,6.26
2024_E_WLKIND,8326aafffffffff,5.15
2024_E_WLKIND,8326abfffffffff,5.28
2024_E_WLKIND,8326acfffffffff,5.44
2024_E_WLKIND,8326adfffffffff,5.45
2024_E_WLKIND,8326aefffffffff,5.51
2024_E_WLKIND,8326b0fffffffff,5.65
2024_E_WLKIND,8326b1fffffffff,4.62
2024_E_WLKIND,8326b2fffffffff,5.87
2024_E_WLKIND,8326b3fffffffff,5.53
2024_E_WLKIND,8326b4fffffffff,5.64
2024_E_WLKIND,8326b5fffffffff,5.42
2024_E_WLKIND,8326b6fffffffff,6.41
2024_E_WLKIND,8326c0fffffffff,5.36
2024_E_WLKIND,8326c1fffffffff,5.43
2024_E_WLKIND,8326c2fffffffff,6.74
2024_E_WLKIND,8326c3fffffffff,5.19
2024_E_WLKIND,8326c4fffffffff,6.12
2024_E_WLKIND,8326c5fffffffff,5.48
2024_E_WLKIND,8326c6fffffffff,5.74
2024_E_WLKIND,8326c8fffffffff,6.17
2024_E_WLKIND,8326c9fffffffff,4.61
2024_E_WLKIND,8326cafffffffff,5.36
2024_E_WLKIND,8326cbfffffffff,5.76
2024_E_WLKIND,8326ccfffffffff,4.71
2024_E_WLKIND,8326cdfffffffff,3.89
2024_E_WLKIND,8326cefffffffff,4.85
2024_E_WLKIND,8326d0fffffffff,6.72
2024_E_WLKIND,8326d1fffffffff,5.34
2024_E_WLKIND,8326d2fffffffff,6.36
2024_E_WLKIND,8326d3fffffffff,5.78
2024_E_WLKIND,8326d4fffffffff,5.5
2024_E_WLKIND,8326d5fffffffff,5.86
2024_E_WLKIND,8326d6fffffffff,6.27
2024_E_WLKIND,8326d8fffffffff,5.69
2024_E_WLKIND,8326d9fffffffff,5.59
2024_E_WLKIND,8326dafffffffff,5.28
2024_E_WLKIND,8326dbfffffffff,5.31
2024_E_WLKIND,8326dcfffffffff,6.69
2024_E_WLKIND,8326ddfffffffff,5.75
2024_E_WLKIND,8326defffffffff,5.74
2024_E_WLKIND,8326e0fffffffff,5.33
2024_E_WLKIND,8326e1fffffffff,4.83
2024_E_WLKIND,8326e2fffffffff,5.24
2024_E_WLKIND,8326e3fffffffff,5.35
2024_E_WLKIND,8326e4fffffffff,5.17
2024_E_WLKIND,8326e5fffffffff,5.3
2024_E_WLKIND,8326e6fffffffff,5.74
2024_E_WLKIND,8326e8fffffffff,4.59
2024_E_WLKIND,8326e9fffffffff,4.41
2024_E_WLKIND,8326eafffffffff,4.97
2024_E_WLKIND,8326ebfffffffff,4.51
2024_E_WLKIND,8326ecfffffffff,5.03
2024_E_WLKIND,8326edfffffffff,4.82
2024_E_WLKIND,8326eefffffffff,4.97
2024_E_WLKIND,8326f0fffffffff,5.98
2024_E_WLKIND,8326f1fffffffff,5.68
2024_E_WLKIND,8326f2fffffffff,6.62
2024_E_WLKIND,8326f3fffffffff,5.53
2024_E_WLKIND,8326f4fffffffff,5.21
2024_E_WLKIND,8326f5fffffffff,5.84
2024_E_WLKIND,8326f6fffffffff,6.37
2024_E_WLKIND,832708fffffffff,4.63
2024_E_WLKIND,832709fffffffff,4.61
2024_E_WLKIND,83270afffffffff,4.46
2024_E_WLKIND,83270bfffffffff,4.63
2024_E_WLKIND,83270dfffffffff,4.45
2024_E_WLKIND,83270efffffffff,4.04
2024_E_WLKIND,832718fffffffff,5.29
2024_E_WLKIND,832719fffffffff,5.05
2024_E_WLKIND,83271afffffffff,5.58
2024_E_WLKIND,83271bfffffffff,5.77
2024_E_WLKIND,83271cfffffffff,5.07
2024_E_WLKIND,83271dfffffffff,5.28
2024_E_WLKIND,83271efffffffff,4.66
2024_E_WLKIND,832740fffffffff,4.84
2024_E_WLKIND,832741fffffffff,5.04
2024_E_WLKIND,832742fffffffff,5.08
2024_E_WLKIND,832743fffffffff,5.48
2024_E_WLKIND,832744fffffffff,5.27
2024_E_WLKIND,832745fffffffff,5.52
2024_E_WLKIND,832746fffffffff,4.91
2024_E_WLKIND,832748fffffffff,5.01
2024_E_WLKIND,832749fffffffff,4.67
2024_E_WLKIND,83274bfffffffff,5.04
2024_E_WLKIND,83274cfffffffff,4.47
2024_E_WLKIND,83274dfffffffff,5.26
2024_E_WLKIND,83274efffffffff,4.72
2024_E_WLKIND,832750fffffffff,4.84
2024_E_WLKIND,832751fffffffff,4.68
2024_E_WLKIND,832752fffffffff,6.08
2024_E_WLKIND,832753fffffffff,5.33
2024_E_WLKIND,832754fffffffff,5.9
2024_E_WLKIND,832755fffffffff,5.16
2024_E_WLKIND,832756fffffffff,5.08
2024_E_WLKIND,832758fffffffff,5.93
2024_E_WLKIND,832759fffffffff,7.16
2024_E_WLKIND,83275afffffffff,5.25
2024_E_WLKIND,83275bfffffffff,5.17
2024_E_WLKIND,83275cfffffffff,5.15
2024_E_WLKIND,83275dfffffffff,6.37
2024_E_WLKIND,83275efffffffff,5.02
2024_E_WLKIND,832763fffffffff,4.91
2024_E_WLKIND,832768fffffffff,4.7
2024_E_WLKIND,83276afffffffff,4.36
2024_E_WLKIND,83276bfffffffff,4.51
2024_E_WLKIND,83276efffffffff,5.07
2024_E_WLKIND,832770fffffffff,4.7
2024_E_WLKIND,832771fffffffff,4.95
2024_E_WLKIND,832772fffffffff,4.97
2024_E_WLKIND,832773fffffffff,3.83
2024_E_WLKIND,832780fffffffff,6.04
2024_E_WLKIND,832781fffffffff,5.83
2024_E_WLKIND,832782fffffffff,5.56
2024_E_WLKIND,832783fffffffff,6.31
2024_E_WLKIND,832784fffffffff,5.55
2024_E_WLKIND,832785fffffffff,5.72
2024_E_WLKIND,832786fffffffff,5.14
2024_E_WLKIND,832788fffffffff,5.64
2024_E_WLKIND,832789fffffffff,5.35
2024_E_WLKIND,83278afffffffff,5.11
2024_E_WLKIND,83278bfffffffff,5.31
2024_E_WLKIND,83278cfffffffff,5.69
2024_E_WLKIND,83278dfffffffff,5.71
2024_E_WLKIND,83278efffffffff,6.33
2024_E_WLKIND,832790fffffffff,5.8
2024_E_WLKIND,832791fffffffff,5.76
2024_E_WLKIND,832792fffffffff,5.07
2024_E_WLKIND,832793fffffffff,5.34
2024_E_WLKIND,832794fffffffff,5.63
2024_E_WLKIND,832795fffffffff,4.96
2024_E_WLKIND,832796fffffffff,6.02
2024_E_WLKIND,832798fffffffff,5.15
2024_E_WLKIND,832799fffffffff,5.19
2024_E_WLKIND,83279afffffffff,4.65
2024_E_WLKIND,83279bfffffffff,6.42
2024_E_WLKIND,83279cfffffffff,5.18
2024_E_WLKIND,83279dfffffffff,5.63
2024_E_WLKIND,83279efffffffff,5.61
2024_E_WLKIND,8327a3fffffffff,5.76
2024_E_WLKIND,8327a8fffffffff,5.74
2024_E_WLKIND,8327a9fffffffff,5.37
2024_E_WLKIND,8327aafffffffff,5.45
2024_E_WLKIND,8327abfffffffff,5.43
2024_E_WLKIND,8327acfffffffff,5.87
2024_E_WLKIND,8327adfffffffff,5.04
2024_E_WLKIND,8327aefffffffff,4.96
2024_E_WLKIND,8327b3fffffffff,6.09
2024_E_WLKIND,832800fffffffff,7.58
2024_E_WLKIND,832802fffffffff,6.63
2024_E_WLKIND,832806fffffffff,5.73
2024_E_WLKIND,832810fffffffff,6.25
2024_E_WLKIND,832811fffffffff,6.69
2024_E_WLKIND,832812fffffffff,4.96
2024_E_WLKIND,832813fffffffff,5.04
2024_E_WLKIND,832814fffffffff,6.18
2024_E_WLKIND,832815fffffffff,6.4
2024_E_WLKIND,832816fffffffff,5.51
2024_E_WLKIND,832818fffffffff,6.11
2024_E_WLKIND,83281afffffffff,5.88
2024_E_WLKIND,83281bfffffffff,5.26
2024_E_WLKIND,83281cfffffffff,6.74
2024_E_WLKIND,83281efffffffff,5.12
2024_E_WLKIND,832830fffffffff,8.6
2024_E_WLKIND,832831fffffffff,7.1
2024_E_WLKIND,832832fffffffff,6.25
2024_E_WLKIND,832833fffffffff,5.86
2024_E_WLKIND,832834fffffffff,8.23
2024_E_WLKIND,832835fffffffff,5.95
2024_E_WLKIND,832836fffffffff,6.26
2024_E_WLKIND,832880fffffffff,5.74
2024_E_WLKIND,832881fffffffff,6.71
2024_E_WLKIND,832882fffffffff,5.48
2024_E_WLKIND,832883fffffffff,5.37
2024_E_WLKIND,832884fffffffff,5.66
2024_E_WLKIND,832885fffffffff,5.65
2024_E_WLKIND,832886fffffffff,6.66
2024_E_WLKIND,832888fffffffff,5.56
2024_E_WLKIND,832889fffffffff,4.75
2024_E_WLKIND,83288afffffffff,5.35
2024_E_WLKIND,83288bfffffffff,6.31
2024_E_WLKIND,83288cfffffffff,7.66
2024_E_WLKIND,83288dfffffffff,5.88
2024_E_WLKIND,83288efffffffff,5.64
2024_E_WLKIND,832890fffffffff,5.93
2024_E_WLKIND,832891fffffffff,5.73
2024_E_WLKIND,832892fffffffff,6.24
2024_E_WLKIND,832893fffffffff,5.97
2024_E_WLKIND,832894fffffffff,5.4
2024_E_WLKIND,832895fffffffff,5.6
2024_E_WLKIND,832896fffffffff,5.98
2024_E_WLKIND,832898fffffffff,5.69
2024_E_WLKIND,832899fffffffff,5.64
2024_E_WLKIND,83289afffffffff,5.22
2024_E_WLKIND,83289bfffffffff,5.19
2024_E_WLKIND,83289cfffffffff,4.46
2024_E_WLKIND,83289dfffffffff,4.7
2024_E_WLKIND,83289efffffffff,5.94
2024_E_WLKIND,8328a0fffffffff,4.46
2024_E_WLKIND,8328a1fffffffff,5.25
2024_E_WLKIND,8328a2fffffffff,4.84
2024_E_WLKIND,8328a3fffffffff,5.23
2024_E_WLKIND,8328a4fffffffff,5.32
2024_E_WLKIND,8328a5fffffffff,4.96
2024_E_WLKIND,8328a6fffffffff,4.71
2024_E_WLKIND,8328a8fffffffff,5.61
2024_E_WLKIND,8328a9fffffffff,6.34
2024_E_WLKIND,8328aafffffffff,6.33
2024_E_WLKIND,8328abfffffffff,5.91
2024_E_WLKIND,8328acfffffffff,4.77
2024_E_WLKIND,8328adfffffffff,4.55
2024_E_WLKIND,8328aefffffffff,5.48
2024_E_WLKIND,8328b0fffffffff,5.4
2024_E_WLKIND,8328b1fffffffff,5.8
2024_E_WLKIND,8328b2fffffffff,5.04
2024_E_WLKIND,8328b3fffffffff,6.41
2024_E_WLKIND,8328b4fffffffff,4.41
2024_E_WLKIND,8328b5fffffffff,3.99
2024_E_WLKIND,8328b6fffffffff,5.4
2024_E_WLKIND,8328c2fffffffff,4.74
2024_E_WLKIND,8328c6fffffffff,7.21
2024_E_WLKIND,8328d0fffffffff,5.33
2024_E_WLKIND,8328d1fffffffff,5.72
2024_E_WLKIND,8328d2fffffffff,5.1
2024_E_WLKIND,8328d3fffffffff,4.6
2024_E_WLKIND,8328d4fffffffff,4.99
2024_E_WLKIND,8328d5fffffffff,7.11
2024_E_WLKIND,8328d6fffffffff,6.8
2024_E_WLKIND,8328defffffffff,7.5
2024_E_WLKIND,8328f0fffffffff,6.81
2024_E_WLKIND,8328f1fffffffff,7.33
2024_E_WLKIND,8328f2fffffffff,5.66
2024_E_WLKIND,8328f3fffffffff,4.89
2024_E_WLKIND,8328f4fffffffff,5.83
2024_E_WLKIND,8328f5fffffffff,5.75
2024_E_WLKIND,8328f6fffffffff,5.49
2024_E_WLKIND,832912fffffffff,6.68
2024_E_WLKIND,832913fffffffff,7.1
2024_E_WLKIND,832916fffffffff,1.0
2024_E_WLKIND,83291afffffffff,6.26
2024_E_WLKIND,832980fffffffff,3.84
2024_E_WLKIND,832981fffffffff,4.48
2024_E_WLKIND,832982fffffffff,5.75
2024_E_WLKIND,832983fffffffff,4.06
2024_E_WLKIND,832984fffffffff,6.28
2024_E_WLKIND,832985fffffffff,7.3
2024_E_WLKIND,832986fffffffff,6.19
2024_E_WLKIND,832988fffffffff,4.5
2024_E_WLKIND,832989fffffffff,5.14
2024_E_WLKIND,83298afffffffff,5.52
2024_E_WLKIND,83298bfffffffff,5.1
2024_E_WLKIND,83298cfffffffff,5.99
2024_E_WLKIND,83298dfffffffff,5.63
2024_E_WLKIND,83298efffffffff,4.51
2024_E_WLKIND,832990fffffffff,6.08
2024_E_WLKIND,832991fffffffff,5.89
2024_E_WLKIND,832992fffffffff,6.06
2024_E_WLKIND,832993fffffffff,6.36
2024_E_WLKIND,832994fffffffff,5.32
2024_E_WLKIND,832995fffffffff,5.89
2024_E_WLKIND,832996fffffffff,4.13
2024_E_WLKIND,832998fffffffff,5.75
2024_E_WLKIND,832999fffffffff,5.45
2024_E_WLKIND,83299afffffffff,4.63
2024_E_WLKIND,83299bfffffffff,7.02
2024_E_WLKIND,83299cfffffffff,5.1
2024_E_WLKIND,83299dfffffffff,5.05
2024_E_WLKIND,83299efffffffff,5.9
2024_E_WLKIND,8329a0fffffffff,8.4
2024_E_WLKIND,8329a1fffffffff,7.07
2024_E_WLKIND,8329a2fffffffff,5.72
2024_E_WLKIND,8329a3fffffffff,6.57
2024_E_WLKIND,8329a4fffffffff,7.54
2024_E_WLKIND,8329a5fffffffff,11.09
2024_E_WLKIND,8329a6fffffffff,5.42
2024_E_WLKIND,8329a8fffffffff,6.41
2024_E_WLKIND,8329a9fffffffff,6.83
2024_E_WLKIND,8329aafffffffff,5.87
2024_E_WLKIND,8329abfffffffff,5.6
2024_E_WLKIND,8329acfffffffff,6.2
2024_E_WLKIND,8329adfffffffff,6.49
2024_E_WLKIND,8329aefffffffff,5.45
2024_E_WLKIND,8329b0fffffffff,4.99
2024_E_WLKIND,8329b1fffffffff,5.52
2024_E_WLKIND,8329b2fffffffff,6.0
2024_E_WLKIND,8329b3fffffffff,5.19
2024_E_WLKIND,8329b4fffffffff,4.32
2024_E_WLKIND,8329b5fffffffff,5.11
2024_E_WLKIND,8329b6fffffffff,5.52
2024_E_WLKIND,832a06fffffffff,9.25
2024_E_WLKIND,832a10fffffffff,10.01
2024_E_WLKIND,832a12fffffffff,6.49
2024_E_WLKIND,832a13fffffffff,8.64
2024_E_WLKIND,832a14fffffffff,6.87
2024_E_WLKIND,832a15fffffffff,7.69
2024_E_WLKIND,832a16fffffffff,5.53
2024_E_WLKIND,832a30fffffffff,7.97
2024_E_WLKIND,832a31fffffffff,8.19
2024_E_WLKIND,832a32fffffffff,6.03
2024_E_WLKIND,832a33fffffffff,7.44
2024_E_WLKIND,832a34fffffffff,6.31
2024_E_WLKIND,832a36fffffffff,6.31
2024_E_WLKIND,832a80fffffffff,4.89
2024_E_WLKIND,832a81fffffffff,4.45
2024_E_WLKIND,832a82fffffffff,4.51
2024_E_WLKIND,832a83fffffffff,4.36
2024_E_WLKIND,832a84fffffffff,6.35
2024_E_WLKIND,832a85fffffffff,5.12
2024_E_WLKIND,832a86fffffffff,5.09
2024_E_WLKIND,832a88fffffffff,4.57
2024_E_WLKIND,832a89fffffffff,5.17
2024_E_WLKIND,832a8afffffffff,4.96
2024_E_WLKIND,832a8bfffffffff,5.02
2024_E_WLKIND,832a8cfffffffff,4.89
2024_E_WLKIND,832a8dfffffffff,4.83
2024_E_WLKIND,832a8efffffffff,4.74
2024_E_WLKIND,832a90fffffffff,5.11
2024_E_WLKIND,832a91fffffffff,4.47
2024_E_WLKIND,832a92fffffffff,4.83
2024_E_WLKIND,832a93fffffffff,5.58
2024_E_WLKIND,832a94fffffffff,5.14
2024_E_WLKIND,832a95fffffffff,5.4
2024_E_WLKIND,832a96fffffffff,4.81
2024_E_WLKIND,832a98fffffffff,3.86
2024_E_WLKIND,832a99fffffffff,4.38
2024_E_WLKIND,832a9afffffffff,4.07
2024_E_WLKIND,832a9bfffffffff,3.85
2024_E_WLKIND,832a9cfffffffff,4.67
2024_E_WLKIND,832a9dfffffffff,4.79
2024_E_WLKIND,832a9efffffffff,4.24
2024_E_WLKIND,832aa0fffffffff,5.34
2024_E_WLKIND,832aa1fffffffff,5.96
2024_E_WLKIND,832aa2fffffffff,5.17
2024_E_WLKIND,832aa3fffffffff,5.69
2024_E_WLKIND,832aa4fffffffff,4.84
2024_E_WLKIND,832aa5fffffffff,5.32
2024_E_WLKIND,832aa6fffffffff,5.11
2024_E_WLKIND,832aa8fffffffff,7.79
2024_E_WLKIND,832aa9fffffffff,4.86
2024_E_WLKIND,832aaafffffffff,5.84
2024_E_WLKIND,832aabfffffffff,4.85
2024_E_WLKIND,832aacfffffffff,7.05
2024_E_WLKIND,832aadfffffffff,6.61
2024_E_WLKIND,832aaefffffffff,5.85
2024_E_WLKIND,832ab1fffffffff,5.14
2024_E_WLKIND,832ab2fffffffff,7.18
2024_E_WLKIND,832ab3fffffffff,6.3
2024_E_WLKIND,832ab5fffffffff,5.87
2024_E_WLKIND,832ab6fffffffff,4.63
2024_E_WLKIND,832ad0fffffffff,4.71
2024_E_WLKIND,832ad2fffffffff,4.31
2024_E_WLKIND,832ad3fffffffff,4.8
2024_E_WLKIND,832ad4fffffffff,4.54
2024_E_WLKIND,832ad5fffffffff,5.14
2024_E_WLKIND,832ad6fffffffff,5.47
2024_E_WLKIND,832af0fffffffff,5.04
2024_E_WLKIND,832af2fffffffff,4.16
2024_E_WLKIND,832af3fffffffff,4.54
2024_E_WLKIND,832af6fffffffff,5.99
2024_E_WLKIND,832b10fffffffff,4.29
2024_E_WLKIND,832b11fffffffff,4.14
2024_E_WLKIND,832b12fffffffff,3.37
2024_E_WLKIND,832b13fffffffff,3.94
2024_E_WLKIND,832b18fffffffff,4.75
2024_E_WLKIND,832b1afffffffff,5.46
2024_E_WLKIND,832b1bfffffffff,6.39
2024_E_WLKIND,832b1efffffffff,4.19
2024_E_WLKIND,832b81fffffffff,5.46
2024_E_WLKIND,832b88fffffffff,5.36
2024_E_WLKIND,832b89fffffffff,5.45
2024_E_WLKIND,832b8afffffffff,5.27
2024_E_WLKIND,832b8bfffffffff,4.59
2024_E_WLKIND,832b8cfffffffff,5.0
2024_E_WLKIND,832b8dfffffffff,6.19
2024_E_WLKIND,832b8efffffffff,4.36
2024_E_WLKIND,832b99fffffffff,6.25
2024_E_WLKIND,832b9bfffffffff,6.35
2024_E_WLKIND,832ba8fffffffff,5.15
2024_E_WLKIND,832ba9fffffffff,5.48
2024_E_WLKIND,832babfffffffff,6.36
2024_E_WLKIND,832bacfffffffff,4.66
2024_E_WLKIND,832badfffffffff,4.85
2024_E_WLKIND,834412fffffffff,6.01
2024_E_WLKIND,834413fffffffff,6.37
2024_E_WLKIND,834414fffffffff,11.98
2024_E_WLKIND,834416fffffffff,9.93
2024_E_WLKIND,83441afffffffff,6.54
2024_E_WLKIND,83441bfffffffff,4.97
2024_E_WLKIND,83441efffffffff,7.26
2024_E_WLKIND,834440fffffffff,4.51
2024_E_WLKIND,834441fffffffff,4.07
2024_E_WLKIND,834442fffffffff,3.93
2024_E_WLKIND,834443fffffffff,3.96
2024_E_WLKIND,834444fffffffff,4.65
2024_E_WLKIND,834445fffffffff,4.24
2024_E_WLKIND,834446fffffffff,4.75
2024_E_WLKIND,834448fffffffff,4.27
2024_E_WLKIND,834449fffffffff,4.37
2024_E_WLKIND,83444afffffffff,3.91
2024_E_WLKIND,83444bfffffffff,4.84
2024_E_WLKIND,83444cfffffffff,4.12
2024_E_WLKIND,83444dfffffffff,4.13
2024_E_WLKIND,83444efffffffff,4.12
2024_E_WLKIND,834450fffffffff,4.72
2024_E_WLKIND,834451fffffffff,4.43
2024_E_WLKIND,834452fffffffff,4.69
2024_E_WLKIND,834453fffffffff,3.85
2024_E_WLKIND,834455fffffffff,4.21
2024_E_WLKIND,834456fffffffff,7.33
2024_E_WLKIND,834458fffffffff,4.1
2024_E_WLKIND,834459fffffffff,4.75
2024_E_WLKIND,83445afffffffff,4.26
2024_E_WLKIND,83445bfffffffff,4.11
2024_E_WLKIND,83445cfffffffff,4.37
2024_E_WLKIND,83445dfffffffff,4.62
2024_E_WLKIND,83445efffffffff,3.8
2024_E_WLKIND,834463fffffffff,3.31
2024_E_WLKIND,834468fffffffff,4.1
2024_E_WLKIND,834469fffffffff,4.23
2024_E_WLKIND,83446afffffffff,3.78
2024_E_WLKIND,83446bfffffffff,4.1
2024_E_WLKIND,83446cfffffffff,6.93
2024_E_WLKIND,83446dfffffffff,5.05
2024_E_WLKIND,83446efffffffff,4.39
2024_E_WLKIND,834471fffffffff,4.2
2024_E_WLKIND,834473fffffffff,4.09
2024_E_WLKIND,8344a1fffffffff,9.93
2024_E_WLKIND,8344a5fffffffff,9.68
2024_E_WLKIND,8344a8fffffffff,5.27
2024_E_WLKIND,8344a9fffffffff,6.34
2024_E_WLKIND,8344abfffffffff,5.87
2024_E_WLKIND,8344acfffffffff,4.61
2024_E_WLKIND,8344adfffffffff,4.77
2024_E_WLKIND,8344aefffffffff,7.3
2024_E_WLKIND,8344c0fffffffff,4.44
2024_E_WLKIND,8344c1fffffffff,6.65
2024_E_WLKIND,8344c2fffffffff,4.42
2024_E_WLKIND,8344c3fffffffff,4.33
2024_E_WLKIND,8344c4fffffffff,4.32
2024_E_WLKIND,8344c5fffffffff,4.42
2024_E_WLKIND,8344c6fffffffff,4.26
2024_E_WLKIND,8344c8fffffffff,4.25
2024_E_WLKIND,8344c9fffffffff,4.05
2024_E_WLKIND,8344cafffffffff,5.1
2024_E_WLKIND,8344cbfffffffff,3.98
2024_E_WLKIND,8344ccfffffffff,4.89
2024_E_WLKIND,8344cdfffffffff,4.41
2024_E_WLKIND,8344cefffffffff,5.43
2024_E_WLKIND,8344d0fffffffff,5.29
2024_E_WLKIND,8344d1fffffffff,4.46
2024_E_WLKIND,8344d2fffffffff,3.75
2024_E_WLKIND,8344d3fffffffff,4.06
2024_E_WLKIND,8344d5fffffffff,5.15
2024_E_WLKIND,8344d8fffffffff,4.96
2024_E_WLKIND,8344d9fffffffff,5.07
2024_E_WLKIND,8344dafffffffff,5.12
2024_E_WLKIND,8344dbfffffffff,4.69
2024_E_WLKIND,8344dcfffffffff,4.28
2024_E_WLKIND,8344ddfffffffff,5.58
2024_E_WLKIND,8344defffffffff,4.66
2024_E_WLKIND,8344e0fffffffff,4.11
2024_E_WLKIND,8344e1fffffffff,4.25
2024_E_WLKIND,8344e2fffffffff,4.76
2024_E_WLKIND,8344e3fffffffff,4.36
2024_E_WLKIND,8344e4fffffffff,6.34
2024_E_WLKIND,8344e5fffffffff,5.5
2024_E_WLKIND,8344e6fffffffff,4.83
2024_E_WLKIND,8344e8fffffffff,4.72
2024_E_WLKIND,8344e9fffffffff,4.24
2024_E_WLKIND,8344eafffffffff,4.61
2024_E_WLKIND,8344ebfffffffff,4.62
2024_E_WLKIND,8344ecfffffffff,4.06
2024_E_WLKIND,8344edfffffffff,4.11
2024_E_WLKIND,8344eefffffffff,4.22
2024_E_WLKIND,8344f0fffffffff,5.56
2024_E_WLKIND,8344f1fffffffff,4.85
2024_E_WLKIND,8344f3fffffffff,4.73
2024_E_WLKIND,8344f4fffffffff,5.74
2024_E_WLKIND,8344f5fffffffff,4.98
2024_E_WLKIND,8344f6fffffffff,6.41
2024_E_WLKIND,834859fffffffff,4.66
2024_E_WLKIND,83485afffffffff,3.28
2024_E_WLKIND,83485bfffffffff,5.17
2024_E_WLKIND,834880fffffffff,5.85
2024_E_WLKIND,834881fffffffff,5.32
2024_E_WLKIND,834882fffffffff,6.24
2024_E_WLKIND,834883fffffffff,5.58
2024_E_WLKIND,834886fffffffff,4.27
2024_E_WLKIND,834888fffffffff,5.84
2024_E_WLKIND,834889fffffffff,5.65
2024_E_WLKIND,83488afffffffff,5.85
2024_E_WLKIND,83488bfffffffff,6.49
2024_E_WLKIND,83488cfffffffff,4.95
2024_E_WLKIND,83488dfffffffff,5.23
2024_E_WLKIND,83488efffffffff,5.95
2024_E_WLKIND,834890fffffffff,6.39
2024_E_WLKIND,834891fffffffff,5.41
2024_E_WLKIND,834892fffffffff,3.66
2024_E_WLKIND,834893fffffffff,5.5
2024_E_WLKIND,834895fffffffff,5.95
2024_E_WLKIND,834898fffffffff,5.57
2024_E_WLKIND,834899fffffffff,5.25
2024_E_WLKIND,83489afffffffff,4.91
2024_E_WLKIND,83489bfffffffff,5.07
2024_E_WLKIND,83489cfffffffff,5.81
2024_E_WLKIND,83489dfffffffff,6.02
2024_E_WLKIND,83489efffffffff,5.12
2024_E_WLKIND,8348abfffffffff,5.42
2024_E_WLKIND,8348b1fffffffff,3.58
2024_E_WLKIND,8348b2fffffffff,5.76
2024_E_WLKIND,8348b3fffffffff,4.58
2024_E_WLKIND,8348c0fffffffff,5.15
2024_E_WLKIND,8348c1fffffffff,4.15
2024_E_WLKIND,8348c2fffffffff,5.22
2024_E_WLKIND,8348c3fffffffff,4.69
2024_E_WLKIND,8348c4fffffffff,5.5
2024_E_WLKIND,8348c5fffffffff,4.82
2024_E_WLKIND,8348c6fffffffff,5.16
2024_E_WLKIND,8348c8fffffffff,3.82
2024_E_WLKIND,8348c9fffffffff,5.16
2024_E_WLKIND,8348cafffffffff,3.69
2024_E_WLKIND,8348cbfffffffff,3.45
2024_E_WLKIND,8348ccfffffffff,3.16
2024_E_WLKIND,8348cdfffffffff,4.92
2024_E_WLKIND,8348cefffffffff,4.66
2024_E_WLKIND,8348d0fffffffff,5.24
2024_E_WLKIND,8348d1fffffffff,5.5
2024_E_WLKIND,8348d2fffffffff,5.7
2024_E_WLKIND,8348d3fffffffff,5.14
2024_E_WLKIND,8348d4fffffffff,5.68
2024_E_WLKIND,8348d5fffffffff,5.02
2024_E_WLKIND,8348d6fffffffff,5.8
2024_E_WLKIND,8348d8fffffffff,5.39
2024_E_WLKIND,8348d9fffffffff,4.2
2024_E_WLKIND,8348dafffffffff,5.48
2024_E_WLKIND,8348dbfffffffff,5.03
2024_E_WLKIND,8348dcfffffffff,4.8
2024_E_WLKIND,8348ddfffffffff,4.25
2024_E_WLKIND,8348defffffffff,5.06
2024_E_WLKIND,8348e3fffffffff,5.04
2024_E_WLKIND,8348e8fffffffff,4.52
2024_E_WLKIND,8348e9fffffffff,3.68
2024_E_WLKIND,8348eafffffffff,4.01
2024_E_WLKIND,8348ebfffffffff,5.17
2024_E_WLKIND,8348ecfffffffff,4.5
2024_E_WLKIND,8348edfffffffff,3.09
2024_E_WLKIND,8348eefffffffff,4.82
2024_E_WLKIND,8348f2fffffffff,6.43
2024_E_WLKIND,8348f3fffffffff,4.26
2024_E_WLKIND,8348f6fffffffff,7.41
